{"type": "FeatureCollection", "features": [{"type": "Feature", "properties": {"kind": "road", "highway": "tertiary", "name": null, "osm_id": 1986052}, "geometry": {"type": "LineString", "coordinates": [[151.2759901, -33.8854065], [151.2760058, -33.885409], [151.2760207, -33.8854136], [151.2760347, -33.88542], [151.2760472, -33.8854281], [151.2760581, -33.8854378], [151.276067, -33.8854487], [151.2760737, -33.8854607], [151.2760781, -33.8854734], [151.2760801, -33.8854865], [151.2760795, -33.8854998], [151.2760765, -33.8855127], [151.276071, -33.8855252], [151.2760633, -33.8855367], [151.2760535, -33.8855471], [151.2760419, -33.8855562], [151.2760287, -33.8855636], [151.2760142, -33.8855691], [151.2759989, -33.8855728], [151.2759831, -33.8855744], [151.2759672, -33.885574], [151.2759516, -33.8855714], [151.2759366, -33.8855669], [151.2759227, -33.8855605], [151.2759101, -33.8855524]]}}, {"type": "Feature", "properties": {"kind": "road", "highway": "secondary", "name": "Birrell Street", "osm_id": 3081522}, "geometry": {"type": "LineString", "coordinates": [[151.2628631, -33.8977174], [151.262923, -33.8977156], [151.2634926, -33.8978147], [151.2635681, -33.8978392]]}}, {"type": "Feature", "properties": {"kind": "road", "highway": "residential", "name": "Cross Street", "osm_id": 3081523}, "geometry": {"type": "LineString", "coordinates": [[151.2665433, -33.8983385], [151.2665791, -33.8983571], [151.2666062, -33.8983822], [151.2666129, -33.8984092], [151.2666122, -33.8984207], [151.2666109, -33.8984414], [151.2663713, -33.8996443], [151.2663214, -33.8998649]]}}, {"type": "Feature", "properties": {"kind": "road", "highway": "tertiary", "name": "Watson Street", "osm_id": 3081527}, "geometry": {"type": "LineString", "coordinates": [[151.263567, -33.8938972], [151.2635493, -33.8939763], [151.2635442, -33.8940046], [151.263494, -33.8942475], [151.263468, -33.8944575], [151.2634314, -33.8946796], [151.2633772, -33.8950377], [151.2633127, -33.8953565], [151.2632939, -33.8954494], [151.2632595, -33.8956119], [151.2628334, -33.8976245], [151.2628272, -33.8976564]]}}, {"type": "Feature", "properties": {"kind": "road", "highway": "tertiary", "name": "Military Road", "osm_id": 3081530}, "geometry": {"type": "LineString", "coordinates": [[151.2835656, -33.8887908], [151.283378, -33.8883594], [151.2832839, -33.8881418], [151.2832625, -33.8880759], [151.2832524, -33.8880164], [151.2832543, -33.8879622], [151.2832587, -33.8879366], [151.2832647, -33.8879017], [151.2832785, -33.8878456], [151.2832987, -33.8877914], [151.283326, -33.8877413], [151.2833546, -33.8877], [151.2833871, -33.8876637], [151.2834238, -33.887631], [151.2836125, -33.8874766], [151.2837012, -33.887404], [151.2842375, -33.8869542], [151.2843061, -33.8868854], [151.2843624, -33.8868089], [151.2843844, -33.8867727], [151.2843963, -33.8867357], [151.2843982, -33.8866964], [151.2843957, -33.8866546], [151.2843884, -33.8865786], [151.2843737, -33.8864779], [151.2843061, -33.8860661], [151.2842813, -33.8859808]]}}, {"type": "Feature", "properties": {"kind": "road", "highway": "footway", "name": null, "osm_id": 3081589}, "geometry": {"type": "LineString", "coordinates": [[151.2838329, -33.890876], [151.2837557, -33.8908792], [151.2837537, -33.8908528], [151.283725, -33.8908564], [151.2834105, -33.8908835], [151.2833303, -33.8909248], [151.2832992, -33.8909537], [151.2832655, -33.8909867], [151.2832616, -33.8910078], [151.2832054, -33.8910555]]}}, {"type": "Feature", "properties": {"kind": "road", "highway": "footway", "name": null, "osm_id": 3081627}, "geometry": {"type": "LineString", "coordinates": [[151.2737189, -33.8941644], [151.2736483, -33.8941159], [151.2736237, -33.8938938], [151.2736152, -33.8938285], [151.2735964, -33.893745], [151.2735131, -33.893551]]}}, {"type": "Feature", "properties": {"kind": "road", "highway": "footway", "name": "Beach Promenade", "osm_id": 3817159}, "geometry": {"type": "LineString", "coordinates": [[151.2696977, -33.9056267], [151.2696436, -33.9055538], [151.2695573, -33.9054887], [151.2694286, -33.9054284], [151.2693068, -33.9053785], [151.2692337, -33.9053562], [151.2692053, -33.9053406], [151.2691896, -33.9053174], [151.269177, -33.9052884], [151.2691572, -33.9052642], [151.269055, -33.9051605], [151.2690235, -33.9051464], [151.2689747, -33.9051337], [151.2689421, -33.9051139], [151.268911, -33.9050806], [151.2688731, -33.9050258], [151.2686586, -33.9048983], [151.2684415, -33.9047315], [151.2684142, -33.9047034], [151.2682992, -33.9045849], [151.2682004, -33.9044732], [151.2681013, -33.9043354], [151.2680109, -33.904154], [151.2679313, -33.9039283], [151.2679011, -33.9037917], [151.2678854, -33.9036592], [151.2678966, -33.9034384], [151.2679161, -33.9033358]]}}, {"type": "Feature", "properties": {"kind": "road", "highway": "footway", "name": null, "osm_id": 3817162}, "geometry": {"type": "LineString", "coordinates": [[151.2670055, -33.9038019], [151.267136, -33.9036462], [151.2671796, -33.9035557], [151.2672093, -33.9035202], [151.267243, -33.9035058], [151.2672623, -33.9034974], [151.2673456, -33.9035042], [151.2673793, -33.9035223], [151.2673945, -33.9035535], [151.2673905, -33.9036478], [151.2678854, -33.9036592]]}}, {"type": "Feature", "properties": {"kind": "road", "highway": "footway", "name": null, "osm_id": 3817164}, "geometry": {"type": "LineString", "coordinates": [[151.268911, -33.9050806], [151.268856, -33.905081], [151.2686744, -33.9050606], [151.2686536, -33.9050472], [151.2686455, -33.9050243], [151.2685891, -33.9050165], [151.2684141, -33.9049673], [151.2683759, -33.9049565], [151.2683359, -33.9049181], [151.2683422, -33.9048876]]}}, {"type": "Feature", "properties": {"kind": "road", "highway": "secondary", "name": "Leichhardt Street", "osm_id": 3817372}, "geometry": {"type": "LineString", "coordinates": [[151.256693, -33.9037566], [151.2567002, -33.9038041], [151.2568992, -33.9041971], [151.2569315, -33.9042545], [151.2570813, -33.904562], [151.2571928, -33.9047578], [151.2573717, -33.9050382], [151.2574114, -33.9051048], [151.2574308, -33.9051375]]}}, {"type": "Feature", "properties": {"kind": "road", "highway": "tertiary", "name": "Albion Street", "osm_id": 3817376}, "geometry": {"type": "LineString", "coordinates": [[151.2540801, -33.90452], [151.2541669, -33.9044344], [151.254495, -33.9041107], [151.2545608, -33.904046], [151.2546058, -33.9040021], [151.2546743, -33.9039297], [151.2547274, -33.9038675], [151.2547644, -33.9038163], [151.2549803, -33.903479], [151.2549977, -33.9034433], [151.255013, -33.9033948], [151.2550206, -33.9033381], [151.2550164, -33.9032813], [151.2550026, -33.9032253], [151.2548656, -33.902753], [151.2548192, -33.9025848]]}}, {"type": "Feature", "properties": {"kind": "road", "highway": "footway", "name": null, "osm_id": 3996478}, "geometry": {"type": "LineString", "coordinates": [[151.2689307, -33.8990584], [151.2688454, -33.8989833], [151.2687838, -33.8989079], [151.2687288, -33.8988528], [151.2686363, -33.8987982], [151.2685307, -33.8987476], [151.2685132, -33.8987418]]}}, {"type": "Feature", "properties": {"kind": "road", "highway": "residential", "name": "Dellview Street", "osm_id": 3996486}, "geometry": {"type": "LineString", "coordinates": [[151.271021, -33.8993646], [151.2711737, -33.8984549]]}}, {"type": "Feature", "properties": {"kind": "road", "highway": "residential", "name": "Carlisle Street", "osm_id": 3996487}, "geometry": {"type": "LineString", "coordinates": [[151.2690184, -33.8980117], [151.2691452, -33.8980002], [151.2692405, -33.8980132], [151.2697729, -33.8981394], [151.2700141, -33.8982082], [151.27031, -33.8983505], [151.2711014, -33.8984683], [151.2711427, -33.8984671], [151.2711737, -33.8984549]]}}, {"type": "Feature", "properties": {"kind": "road", "highway": "residential", "name": "Pacific Avenue", "osm_id": 3996489}, "geometry": {"type": "LineString", "coordinates": [[151.271021, -33.8993646], [151.2709901, -33.899491], [151.2709688, -33.8995697], [151.2709589, -33.8995902], [151.2709406, -33.8996149], [151.2709156, -33.8996333], [151.2708942, -33.8996483], [151.2708662, -33.8996622], [151.2708382, -33.8996703], [151.2708058, -33.8996769], [151.2707539, -33.8996811], [151.2707026, -33.8996821], [151.2706271, -33.899676], [151.2705654, -33.899669], [151.2704665, -33.8996564], [151.2703706, -33.8996378], [151.2702201, -33.8996051], [151.2700772, -33.8995687], [151.2699924, -33.8995472], [151.2699115, -33.8995218], [151.269852, -33.8994959], [151.2698076, -33.8994724], [151.2697648, -33.8994443], [151.2697278, -33.899411], [151.2696947, -33.89938], [151.2696578, -33.8993421], [151.2695834, -33.8992724], [151.2695123, -33.8991965], [151.2694383, -33.8991235], [151.2694068, -33.8990966], [151.2693724, -33.899072], [151.2693367, -33.8990533], [151.2693176, -33.8990447], [151.2692976, -33.899038], [151.2692559, -33.8990295], [151.2692133, -33.899026], [151.2691745, -33.8990279], [151.2691383, -33.8990345], [151.2690981, -33.8990459], [151.2690602, -33.8990612], [151.269017, -33.8990854], [151.2689867, -33.8991078]]}}, {"type": "Feature", "properties": {"kind": "road", "highway": "residential", "name": "Bayview Street", "osm_id": 3996491}, "geometry": {"type": "LineString", "coordinates": [[151.2682729, -33.9015639], [151.2682465, -33.9016133], [151.2681769, -33.9017033], [151.2677047, -33.9021868], [151.2676502, -33.9022597], [151.2676222, -33.9023026], [151.2675902, -33.9023641]]}}, {"type": "Feature", "properties": {"kind": "road", "highway": "footway", "name": null, "osm_id": 3996493}, "geometry": {"type": "LineString", "coordinates": [[151.2704979, -33.8997958], [151.2702961, -33.8997801], [151.2700982, -33.8997607], [151.2699155, -33.8998151], [151.2697711, -33.8998891], [151.2696451, -33.8999835], [151.2695895, -33.9000432], [151.2695545, -33.9001015]]}}, {"type": "Feature", "properties": {"kind": "road", "highway": "residential", "name": "Ocean Street South", "osm_id": 3996523}, "geometry": {"type": "LineString", "coordinates": [[151.2624598, -33.8937293], [151.262476, -33.8938151], [151.2624804, -33.8938384], [151.2623978, -33.8942329], [151.2622964, -33.8947161], [151.262109, -33.8956464], [151.2619101, -33.8965858], [151.2618131, -33.8970614], [151.2617371, -33.8974314], [151.2617189, -33.8975202]]}}, {"type": "Feature", "properties": {"kind": "road", "highway": "secondary", "name": "Penkivil Street", "osm_id": 3996525}, "geometry": {"type": "LineString", "coordinates": [[151.2610828, -33.8932597], [151.2617925, -33.8898707], [151.2618005, -33.8898325], [151.2618062, -33.8898052], [151.2619935, -33.8885842]]}}, {"type": "Feature", "properties": {"kind": "road", "highway": "tertiary", "name": "Hastings Parade", "osm_id": 4000056}, "geometry": {"type": "LineString", "coordinates": [[151.2835422, -33.8890597], [151.2836857, -33.8891559]]}}, {"type": "Feature", "properties": {"kind": "road", "highway": "tertiary", "name": "Brighton Boulevard", "osm_id": 4000058}, "geometry": {"type": "LineString", "coordinates": [[151.2830156, -33.8898285], [151.2829724, -33.8898051]]}}, {"type": "Feature", "properties": {"kind": "road", "highway": "residential", "name": "Gould Street", "osm_id": 4000062}, "geometry": {"type": "LineString", "coordinates": [[151.278371, -33.8823436], [151.2783558, -33.8824242], [151.2783274, -33.8825764], [151.2782915, -33.8827697], [151.2782819, -33.882821], [151.2781913, -33.8833069], [151.2781684, -33.8834298], [151.2780289, -33.8841785], [151.2780189, -33.8842322], [151.2780085, -33.8842861], [151.2779054, -33.8848214], [151.2778955, -33.884873], [151.2777811, -33.8854698], [151.2777693, -33.8855108], [151.277759, -33.8855433]]}}, {"type": "Feature", "properties": {"kind": "road", "highway": "footway", "name": null, "osm_id": 4000063}, "geometry": {"type": "LineString", "coordinates": [[151.2751567, -33.8908293], [151.2749833, -33.890661], [151.2749549, -33.8906211]]}}, {"type": "Feature", "properties": {"kind": "road", "highway": "tertiary", "name": "Glenayr Avenue", "osm_id": 4000068}, "geometry": {"type": "LineString", "coordinates": [[151.2715753, -33.8877821], [151.2715063, -33.8878547], [151.2712356, -33.8881396], [151.2711921, -33.8881854], [151.2711133, -33.8882683], [151.2710729, -33.8883108], [151.2708585, -33.8885365], [151.2708476, -33.8885479], [151.2708291, -33.8885674], [151.2707836, -33.8886153], [151.2707665, -33.8886333], [151.2706599, -33.8887455]]}}, {"type": "Feature", "properties": {"kind": "road", "highway": "residential", "name": "Lamrock Avenue", "osm_id": 4000086}, "geometry": {"type": "LineString", "coordinates": [[151.2704114, -33.8908469], [151.2706875, -33.8910307], [151.2709751, -33.8912201], [151.2712626, -33.8914094], [151.2715501, -33.8915988], [151.2718376, -33.8917882], [151.2720242, -33.8919161], [151.2720852, -33.8919554], [151.2724127, -33.8921669], [151.2727002, -33.8923563]]}}, {"type": "Feature", "properties": {"kind": "road", "highway": "tertiary", "name": "Campbell Parade", "osm_id": 4921114}, "geometry": {"type": "LineString", "coordinates": [[151.2776063, -33.8890592], [151.2774244, -33.8890531], [151.277279, -33.889058], [151.2771586, -33.8890639], [151.2769966, -33.8890697], [151.276892, -33.8890834]]}}, {"type": "Feature", "properties": {"kind": "road", "highway": "tertiary", "name": "Wairoa Avenue", "osm_id": 4921116}, "geometry": {"type": "LineString", "coordinates": [[151.2812827, -33.8827558], [151.2812674, -33.8828326], [151.2809046, -33.8846491], [151.2808895, -33.8847245]]}}, {"type": "Feature", "properties": {"kind": "road", "highway": "residential", "name": "Ramsgate Avenue", "osm_id": 4921128}, "geometry": {"type": "LineString", "coordinates": [[151.282334, -33.8904798], [151.2823998, -33.8905212], [151.2830928, -33.8909486], [151.2831491, -33.890992], [151.2832054, -33.8910555], [151.2832379, -33.8911351], [151.2832563, -33.89122], [151.2833686, -33.8921012], [151.2833787, -33.8921952], [151.2833822, -33.892222], [151.2833924, -33.8922991], [151.2834509, -33.8924425], [151.2834965, -33.8928222], [151.2835318, -33.8931637], [151.2835216, -33.8932084], [151.2835054, -33.8932535]]}}, {"type": "Feature", "properties": {"kind": "road", "highway": "primary", "name": "Old South Head Road", "osm_id": 4921184}, "geometry": {"type": "LineString", "coordinates": [[151.2552999, -33.8898615], [151.2557607, -33.8895749]]}}, {"type": "Feature", "properties": {"kind": "road", "highway": "residential", "name": "Murriverie Road", "osm_id": 4921186}, "geometry": {"type": "LineString", "coordinates": [[151.2820991, -33.8828684], [151.2814083, -33.8827771], [151.2813296, -33.8827637], [151.2812827, -33.8827558]]}}, {"type": "Feature", "properties": {"kind": "road", "highway": "residential", "name": "Wallis Parade", "osm_id": 8102948}, "geometry": {"type": "LineString", "coordinates": [[151.2803597, -33.8859753], [151.2804299, -33.8860187], [151.2804882, -33.8860548], [151.2810839, -33.8864234], [151.2825264, -33.8873236], [151.2832196, -33.8877435], [151.2832987, -33.8877914]]}}, {"type": "Feature", "properties": {"kind": "road", "highway": "residential", "name": "Glenayr Avenue", "osm_id": 8103002}, "geometry": {"type": "LineString", "coordinates": [[151.2742339, -33.8854426], [151.2742414, -33.8853453]]}}, {"type": "Feature", "properties": {"kind": "road", "highway": "tertiary", "name": "O'Brien Street", "osm_id": 8103101}, "geometry": {"type": "LineString", "coordinates": [[151.2649639, -33.8876051], [151.265033, -33.8876504], [151.2650553, -33.887665], [151.2655808, -33.8880106], [151.2656206, -33.8880352]]}}, {"type": "Feature", "properties": {"kind": "road", "highway": "residential", "name": "Oakley Road", "osm_id": 8103177}, "geometry": {"type": "LineString", "coordinates": [[151.2746404, -33.8845915], [151.2746913, -33.8845972], [151.2748366, -33.8846133], [151.2751635, -33.8846299], [151.2755796, -33.8846509], [151.2760591, -33.8846752], [151.276079, -33.8846782], [151.2761293, -33.884686], [151.2761828, -33.8846942], [151.2762301, -33.8847014], [151.2773478, -33.8848165]]}}, {"type": "Feature", "properties": {"kind": "road", "highway": "residential", "name": "Midelton Avenue", "osm_id": 8103455}, "geometry": {"type": "LineString", "coordinates": [[151.277158, -33.8841128], [151.2771717, -33.8840403], [151.2772444, -33.8836541], [151.2774696, -33.8824582], [151.2774982, -33.8823063], [151.2775132, -33.8822267]]}}, {"type": "Feature", "properties": {"kind": "road", "highway": "residential", "name": "Frederick Street", "osm_id": 8103457}, "geometry": {"type": "LineString", "coordinates": [[151.2797915, -33.8841923], [151.2798069, -33.884115], [151.2800962, -33.8826677], [151.2801127, -33.8825849]]}}, {"type": "Feature", "properties": {"kind": "road", "highway": "residential", "name": "Warners Avenue", "osm_id": 8103506}, "geometry": {"type": "LineString", "coordinates": [[151.2726146, -33.8852465], [151.2726116, -33.8851937], [151.2726104, -33.8851738], [151.2725359, -33.8851035], [151.272225, -33.8849039], [151.2716681, -33.8845458], [151.271307, -33.8843188], [151.2708394, -33.8840241], [151.2698791, -33.883405], [151.2698484, -33.8833852], [151.269378, -33.8830821], [151.2692917, -33.8830265]]}}, {"type": "Feature", "properties": {"kind": "road", "highway": "residential", "name": "Simpson Street", "osm_id": 8103507}, "geometry": {"type": "LineString", "coordinates": [[151.2640582, -33.8900939], [151.2640498, -33.8900671], [151.2640413, -33.8900402], [151.2640224, -33.8899803], [151.2640144, -33.8899209], [151.2640179, -33.8898531], [151.2640473, -33.8897914], [151.2644444, -33.8893646], [151.2645602, -33.8892328]]}}, {"type": "Feature", "properties": {"kind": "road", "highway": "tertiary", "name": "Wellington Street", "osm_id": 8103508}, "geometry": {"type": "LineString", "coordinates": [[151.2664511, -33.8886659], [151.2652681, -33.8899159]]}}, {"type": "Feature", "properties": {"kind": "road", "highway": "residential", "name": "Anglesea Street", "osm_id": 8103544}, "geometry": {"type": "LineString", "coordinates": [[151.2597659, -33.8933303], [151.2597865, -33.8932846], [151.2597904, -33.8932665], [151.2604299, -33.8903183]]}}, {"type": "Feature", "properties": {"kind": "road", "highway": "tertiary", "name": "Flood Street", "osm_id": 8103546}, "geometry": {"type": "LineString", "coordinates": [[151.2588687, -33.8921987], [151.259039, -33.8914003], [151.259073, -33.8912408], [151.2592301, -33.890504], [151.2592678, -33.8903184]]}}, {"type": "Feature", "properties": {"kind": "road", "highway": "residential", "name": "Orr Street", "osm_id": 8103556}, "geometry": {"type": "LineString", "coordinates": [[151.2594445, -33.8894936], [151.2595281, -33.8894966], [151.2602897, -33.8896034], [151.2605387, -33.8896406], [151.2605448, -33.8896416], [151.2605731, -33.8896458]]}}, {"type": "Feature", "properties": {"kind": "road", "highway": "residential", "name": "Martins Avenue", "osm_id": 8103560}, "geometry": {"type": "LineString", "coordinates": [[151.2640582, -33.8900939], [151.2639594, -33.8901077], [151.2638873, -33.8901114], [151.2638339, -33.890107], [151.2636018, -33.8900714]]}}, {"type": "Feature", "properties": {"kind": "road", "highway": "residential", "name": "Edward Street", "osm_id": 8103563}, "geometry": {"type": "LineString", "coordinates": [[151.2648163, -33.8904026], [151.2648777, -33.8904291], [151.2649056, -33.8904464], [151.2653889, -33.8907731], [151.2662456, -33.8913264], [151.2667167, -33.8916378], [151.2667901, -33.891686], [151.2679097, -33.8924215], [151.2681155, -33.8925691], [151.2688661, -33.8930757], [151.2688907, -33.8930924], [151.2689701, -33.8931445]]}}, {"type": "Feature", "properties": {"kind": "road", "highway": "residential", "name": "Lucius Street", "osm_id": 8103570}, "geometry": {"type": "LineString", "coordinates": [[151.2703369, -33.8940297], [151.2703741, -33.8939924], [151.2707679, -33.8935951], [151.2707927, -33.8935701], [151.2708346, -33.8935311], [151.2715419, -33.8928726], [151.2716063, -33.8928113]]}}, {"type": "Feature", "properties": {"kind": "road", "highway": "residential", "name": "Jaques Avenue", "osm_id": 8103577}, "geometry": {"type": "LineString", "coordinates": [[151.2731099, -33.8907145], [151.272059, -33.8918148], [151.2720444, -33.8918417], [151.2720324, -33.8918688], [151.272027, -33.8918921], [151.2720242, -33.8919161]]}}, {"type": "Feature", "properties": {"kind": "road", "highway": "residential", "name": "Imperial Avenue", "osm_id": 8103600}, "geometry": {"type": "LineString", "coordinates": [[151.265953, -33.8961382], [151.2659166, -33.8961304], [151.2658919, -33.8961208], [151.265874, -33.8961044], [151.2658641, -33.8960811], [151.265863, -33.8960597], [151.2658658, -33.8960421], [151.2661199, -33.8946739], [151.2661728, -33.8943773], [151.266173, -33.8943555], [151.2661931, -33.8943035], [151.2662141, -33.8942491], [151.2662187, -33.8942236], [151.2662809, -33.8938843], [151.2663845, -33.8933534], [151.2664862, -33.8928382], [151.2665214, -33.8926278], [151.2666988, -33.8917285], [151.2667167, -33.8916378]]}}, {"type": "Feature", "properties": {"kind": "road", "highway": "residential", "name": "Rickard Avenue", "osm_id": 8103606}, "geometry": {"type": "LineString", "coordinates": [[151.266671, -33.8898014], [151.2667673, -33.8898644], [151.2678023, -33.8905397], [151.2678354, -33.8905536], [151.2678712, -33.8905575]]}}, {"type": "Feature", "properties": {"kind": "road", "highway": "residential", "name": "Roscoe Street", "osm_id": 8103610}, "geometry": {"type": "LineString", "coordinates": [[151.2685603, -33.8864375], [151.2710694, -33.8881039]]}}, {"type": "Feature", "properties": {"kind": "road", "highway": "residential", "name": "Gilgandra Road", "osm_id": 8103627}, "geometry": {"type": "LineString", "coordinates": [[151.2740605, -33.8826374], [151.2724952, -33.8824753], [151.271978, -33.882421], [151.2718292, -33.8824061], [151.271452, -33.8823683], [151.2706083, -33.8822736], [151.2698895, -33.8821687], [151.2697969, -33.8821552]]}}, {"type": "Feature", "properties": {"kind": "road", "highway": "residential", "name": "Niblick Street", "osm_id": 8103629}, "geometry": {"type": "LineString", "coordinates": [[151.2716681, -33.8845458], [151.2717183, -33.8844902], [151.2721628, -33.8840038], [151.2722652, -33.8838831], [151.2722979, -33.8838254], [151.2723112, -33.8837607], [151.2723148, -33.8836827], [151.2723262, -33.8835901], [151.2723739, -33.8833067], [151.2724952, -33.8824753]]}}, {"type": "Feature", "properties": {"kind": "road", "highway": "residential", "name": "Brassie Street", "osm_id": 8103631}, "geometry": {"type": "LineString", "coordinates": [[151.2708394, -33.8840241], [151.2708871, -33.883974], [151.2712515, -33.8835914], [151.2712743, -33.8835335], [151.2713031, -33.8833837], [151.2713257, -33.8832237], [151.271452, -33.8823683]]}}, {"type": "Feature", "properties": {"kind": "road", "highway": "residential", "name": "Griffith Avenue", "osm_id": 8103633}, "geometry": {"type": "LineString", "coordinates": [[151.2723112, -33.8837607], [151.2723868, -33.8837752], [151.272458, -33.8837976], [151.2737023, -33.8844878]]}}, {"type": "Feature", "properties": {"kind": "road", "highway": "residential", "name": "Patterson Street", "osm_id": 8103634}, "geometry": {"type": "LineString", "coordinates": [[151.2723739, -33.8833067], [151.2739569, -33.8834816]]}}, {"type": "Feature", "properties": {"kind": "road", "highway": "tertiary", "name": "Sandridge Street", "osm_id": 8103669}, "geometry": {"type": "LineString", "coordinates": [[151.2727052, -33.8955399], [151.2727139, -33.8955761]]}}, {"type": "Feature", "properties": {"kind": "road", "highway": "residential", "name": "Wilga Street", "osm_id": 8103670}, "geometry": {"type": "LineString", "coordinates": [[151.2715255, -33.896265], [151.2719678, -33.8963242]]}}, {"type": "Feature", "properties": {"kind": "road", "highway": "residential", "name": "Jackaman Street", "osm_id": 8103724}, "geometry": {"type": "LineString", "coordinates": [[151.2639376, -33.89789], [151.2639537, -33.8978013], [151.2640158, -33.897484], [151.2640257, -33.8974344], [151.264245, -33.8963351]]}}, {"type": "Feature", "properties": {"kind": "road", "highway": "tertiary", "name": "Banksia Road", "osm_id": 8103741}, "geometry": {"type": "LineString", "coordinates": [[151.2620238, -33.8879951], [151.2620195, -33.8879442], [151.262017, -33.8879144], [151.2620217, -33.8878916], [151.2620303, -33.8878655], [151.2620829, -33.8877666], [151.2623262, -33.8872616], [151.262343, -33.8871661], [151.2624104, -33.8867824]]}}, {"type": "Feature", "properties": {"kind": "road", "highway": "footway", "name": null, "osm_id": 8129531}, "geometry": {"type": "LineString", "coordinates": [[151.267136, -33.9036462], [151.2673905, -33.9036478]]}}, {"type": "Feature", "properties": {"kind": "road", "highway": "footway", "name": null, "osm_id": 8129532}, "geometry": {"type": "LineString", "coordinates": [[151.2686455, -33.9050243], [151.2686586, -33.9048983]]}}, {"type": "Feature", "properties": {"kind": "road", "highway": "footway", "name": null, "osm_id": 8131247}, "geometry": {"type": "LineString", "coordinates": [[151.2674544, -33.8984498], [151.2674953, -33.8984998], [151.2676775, -33.898649]]}}, {"type": "Feature", "properties": {"kind": "road", "highway": "residential", "name": "Gaerloch Avenue", "osm_id": 8131250}, "geometry": {"type": "LineString", "coordinates": [[151.2714453, -33.8995536], [151.2717571, -33.8997005]]}}, {"type": "Feature", "properties": {"kind": "road", "highway": "tertiary", "name": "Vicars Avenue", "osm_id": 8397361}, "geometry": {"type": "LineString", "coordinates": [[151.2798074, -33.8856514], [151.2797891, -33.8857428]]}}, {"type": "Feature", "properties": {"kind": "road", "highway": "residential", "name": "Roe Street", "osm_id": 8397387}, "geometry": {"type": "LineString", "coordinates": [[151.2733342, -33.8803089], [151.2733916, -33.8803231], [151.2734366, -33.8803594], [151.2734509, -33.8805485], [151.2734576, -33.8805853], [151.2734657, -33.8806089], [151.2734809, -33.8806364]]}}, {"type": "Feature", "properties": {"kind": "road", "highway": "residential", "name": "Reina Street", "osm_id": 8397397}, "geometry": {"type": "LineString", "coordinates": [[151.2754285, -33.8788445], [151.2753765, -33.8791747], [151.2752154, -33.8799841], [151.2750777, -33.8807352], [151.275072, -33.8807665], [151.2750651, -33.8808041], [151.2750605, -33.880829], [151.2748808, -33.8818072], [151.2748772, -33.8818266], [151.2748678, -33.8818779]]}}, {"type": "Feature", "properties": {"kind": "road", "highway": "tertiary", "name": "Victoria Street", "osm_id": 8397619}, "geometry": {"type": "LineString", "coordinates": [[151.2568847, -33.900697], [151.2567796, -33.9006639], [151.2564355, -33.9006114], [151.2563018, -33.9005945], [151.2559323, -33.9005394], [151.2558638, -33.9005302], [151.2549254, -33.9003974], [151.2545317, -33.9003411], [151.2541049, -33.9002843]]}}, {"type": "Feature", "properties": {"kind": "road", "highway": "secondary", "name": "O'Sullivan Road", "osm_id": 8705602}, "geometry": {"type": "LineString", "coordinates": [[151.267462, -33.8849128], [151.267408, -33.8848709], [151.2673373, -33.884818], [151.2669141, -33.8845013], [151.2661646, -33.8839026], [151.2655308, -33.8833948], [151.2650549, -33.8829913], [151.2645428, -33.8825446], [151.2637965, -33.8814908], [151.263472, -33.8810972], [151.2631692, -33.8807508], [151.2626056, -33.8800719], [151.2623936, -33.879813], [151.262283, -33.8796529], [151.2622675, -33.8795959], [151.2622216, -33.8794269], [151.2621956, -33.8792549], [151.2620772, -33.8786001], [151.2619776, -33.8780431], [151.2619382, -33.8777211], [151.2619342, -33.8777091], [151.2617976, -33.8772959], [151.261681, -33.8770508], [151.2615831, -33.8769615], [151.2614751, -33.8768631], [151.2611935, -33.8766341], [151.2609, -33.8764335], [151.2607523, -33.8763181], [151.2606948, -33.8762732], [151.2606403, -33.8761945]]}}, {"type": "Feature", "properties": {"kind": "road", "highway": "unclassified", "name": "Gould Street", "osm_id": 8724717}, "geometry": {"type": "LineString", "coordinates": [[151.2748697, -33.8893328], [151.274815, -33.8893911], [151.2746172, -33.8896021], [151.2745142, -33.889712], [151.2741576, -33.8900905], [151.2738021, -33.890466], [151.2734455, -33.8908407], [151.2733899, -33.890899]]}}, {"type": "Feature", "properties": {"kind": "road", "highway": "tertiary", "name": "Wairoa Avenue", "osm_id": 8724720}, "geometry": {"type": "LineString", "coordinates": [[151.2803597, -33.8859753], [151.2803834, -33.8859288], [151.2804036, -33.8858708], [151.2804071, -33.8858516], [151.2804147, -33.88581], [151.2804181, -33.8857761]]}}, {"type": "Feature", "properties": {"kind": "road", "highway": "tertiary", "name": "Blair Street", "osm_id": 8724722}, "geometry": {"type": "LineString", "coordinates": [[151.2842813, -33.8859808], [151.2838836, -33.8859597], [151.283475, -33.8859381], [151.283029, -33.8859144], [151.282539, -33.8858885], [151.2820467, -33.8858624], [151.281555, -33.8858364], [151.2811603, -33.8858155], [151.2807274, -33.8857925]]}}, {"type": "Feature", "properties": {"kind": "road", "highway": "tertiary", "name": "Blair Street", "osm_id": 8724725}, "geometry": {"type": "LineString", "coordinates": [[151.2760581, -33.8854378], [151.2761216, -33.8854497], [151.2762393, -33.8854624], [151.2762593, -33.8854634]]}}, {"type": "Feature", "properties": {"kind": "road", "highway": "residential", "name": "Plowman Street", "osm_id": 8724727}, "geometry": {"type": "LineString", "coordinates": [[151.274811, -33.8818715], [151.2748045, -33.881914], [151.2748, -33.8819437], [151.2746147, -33.8831456], [151.2746071, -33.8831736], [151.2745901, -33.8831986], [151.2745652, -33.8832186], [151.2745389, -33.8832305], [151.2745099, -33.8832366], [151.2744799, -33.8832365], [151.2741375, -33.883202], [151.2741031, -33.8832009], [151.2740695, -33.8832072], [151.2740392, -33.8832206], [151.2740134, -33.8832408], [151.273995, -33.883266], [151.2739855, -33.8832943], [151.2739569, -33.8834816]]}}, {"type": "Feature", "properties": {"kind": "road", "highway": "tertiary", "name": null, "osm_id": 8724729}, "geometry": {"type": "LineString", "coordinates": [[151.2735201, -33.8854503], [151.2735076, -33.885439], [151.2734975, -33.8854254], [151.27349, -33.8854098], [151.2734856, -33.885393], [151.2734843, -33.8853755], [151.2734863, -33.8853581], [151.2734914, -33.8853414], [151.2734995, -33.8853261], [151.2735102, -33.8853127], [151.2735231, -33.8853018], [151.2735378, -33.8852937], [151.2735536, -33.8852888], [151.27357, -33.8852874], [151.2735863, -33.8852893], [151.2736019, -33.8852946], [151.2736163, -33.8853031]]}}, {"type": "Feature", "properties": {"kind": "road", "highway": "tertiary", "name": "Blair Street", "osm_id": 8724731}, "geometry": {"type": "LineString", "coordinates": [[151.2736163, -33.8853031], [151.2736864, -33.8853112], [151.2737523, -33.8853169], [151.2738719, -33.8853232]]}}, {"type": "Feature", "properties": {"kind": "road", "highway": "residential", "name": "Beach Road", "osm_id": 8724735}, "geometry": {"type": "LineString", "coordinates": [[151.2708437, -33.8851676], [151.2708375, -33.8852587], [151.270835, -33.8852962], [151.2708415, -33.8853166], [151.270856, -33.885336], [151.2708972, -33.8853672], [151.2709407, -33.8853966], [151.271997, -33.8860921], [151.2726526, -33.8865237], [151.2726839, -33.8865445], [151.2727252, -33.8865718]]}}, {"type": "Feature", "properties": {"kind": "road", "highway": "secondary", "name": null, "osm_id": 8725578}, "geometry": {"type": "LineString", "coordinates": [[151.2692675, -33.8857133], [151.2692518, -33.8856977]]}}, {"type": "Feature", "properties": {"kind": "road", "highway": "residential", "name": "Wellington Street", "osm_id": 8725580}, "geometry": {"type": "LineString", "coordinates": [[151.2685603, -33.8864375], [151.2692285, -33.8857391], [151.2692339, -33.8857311], [151.2692406, -33.8857211], [151.2692518, -33.8856977]]}}, {"type": "Feature", "properties": {"kind": "road", "highway": "residential", "name": "Hall Street", "osm_id": 8728025}, "geometry": {"type": "LineString", "coordinates": [[151.2704232, -33.8889659], [151.2701035, -33.8887504], [151.2700436, -33.8887013], [151.2692503, -33.8881873], [151.2678028, -33.8872495]]}}, {"type": "Feature", "properties": {"kind": "road", "highway": "residential", "name": "Wellington Street", "osm_id": 8728668}, "geometry": {"type": "LineString", "coordinates": [[151.2665394, -33.8885769], [151.2668601, -33.8882536], [151.2672463, -33.8878422], [151.2678028, -33.8872495], [151.2678412, -33.8872086], [151.2680502, -33.8869845], [151.2685603, -33.8864375]]}}, {"type": "Feature", "properties": {"kind": "road", "highway": "tertiary", "name": "O'Brien Street", "osm_id": 8728669}, "geometry": {"type": "LineString", "coordinates": [[151.2665499, -33.8886561], [151.2669806, -33.888933], [151.2670248, -33.8889484], [151.2670724, -33.8889596], [151.2671546, -33.8889708], [151.2672392, -33.8889774], [151.2672686, -33.8889799]]}}, {"type": "Feature", "properties": {"kind": "road", "highway": "residential", "name": "Forest Knoll Avenue", "osm_id": 8984883}, "geometry": {"type": "LineString", "coordinates": [[151.2676668, -33.8911122], [151.2677294, -33.8911293], [151.267794, -33.8911397], [151.2681812, -33.8911452], [151.2683154, -33.891111], [151.268597, -33.8909444], [151.2691419, -33.8906447], [151.2692766, -33.8906001], [151.2693027, -33.8905914]]}}, {"type": "Feature", "properties": {"kind": "road", "highway": "residential", "name": "Benelong Crescent", "osm_id": 8984884}, "geometry": {"type": "LineString", "coordinates": [[151.2643212, -33.8865664], [151.2638205, -33.8860497], [151.263496, -33.8858889], [151.2633494, -33.8858774], [151.2624751, -33.8858484], [151.2620698, -33.8858853], [151.2616943, -33.8858034], [151.2615981, -33.885748], [151.2613942, -33.8855255], [151.2612976, -33.8854587], [151.2611874, -33.8854031], [151.2609859, -33.8853273], [151.2609515, -33.8852694], [151.2608449, -33.8846212], [151.260822, -33.8844834], [151.2608847, -33.8838653], [151.2609059, -33.8837085]]}}, {"type": "Feature", "properties": {"kind": "road", "highway": "residential", "name": "Bundarra Road", "osm_id": 8984885}, "geometry": {"type": "LineString", "coordinates": [[151.2644077, -33.8851659], [151.2640491, -33.8849827], [151.2637575, -33.8848456], [151.2636801, -33.8848235]]}}, {"type": "Feature", "properties": {"kind": "road", "highway": "tertiary", "name": "Birriga Road", "osm_id": 8984886}, "geometry": {"type": "LineString", "coordinates": [[151.2652215, -33.886571], [151.2653411, -33.8864645], [151.2654663, -33.8862913], [151.2655322, -33.8861689], [151.2655546, -33.8860695], [151.2655531, -33.8859757], [151.2655296, -33.8858807], [151.2654813, -33.8857782], [151.2654054, -33.8856953], [151.2653095, -33.8856225], [151.2647657, -33.8853246], [151.2646712, -33.8852558], [151.2646432, -33.8852132]]}}, {"type": "Feature", "properties": {"kind": "road", "highway": "tertiary", "name": "Birriga Road", "osm_id": 8984888}, "geometry": {"type": "LineString", "coordinates": [[151.2645659, -33.8849935], [151.2645833, -33.884882], [151.2646022, -33.884837], [151.2646327, -33.8847871], [151.2646715, -33.8847462], [151.2647125, -33.8847103], [151.2647828, -33.8846649], [151.2648644, -33.8846371], [151.2649321, -33.8846196], [151.2649923, -33.8846129], [151.2650438, -33.8846194], [151.2651248, -33.8846363], [151.265179, -33.8846533], [151.2652296, -33.8846764], [151.2653205, -33.8847214]]}}, {"type": "Feature", "properties": {"kind": "road", "highway": "residential", "name": "Lamrock Avenue", "osm_id": 8984893}, "geometry": {"type": "LineString", "coordinates": [[151.2693214, -33.8905133], [151.2693061, -33.8904833], [151.2692584, -33.8904373], [151.269169, -33.8903785], [151.2686175, -33.8900159]]}}, {"type": "Feature", "properties": {"kind": "road", "highway": "residential", "name": "Sir Thomas Mitchell Road", "osm_id": 8984894}, "geometry": {"type": "LineString", "coordinates": [[151.2693722, -33.8906241], [151.2693722, -33.8906649], [151.2693812, -33.8907066], [151.2695379, -33.8909164], [151.2698127, -33.8913287], [151.2700874, -33.8917761]]}}, {"type": "Feature", "properties": {"kind": "road", "highway": "residential", "name": "Ormond Street", "osm_id": 8985491}, "geometry": {"type": "LineString", "coordinates": [[151.2700874, -33.8917761], [151.2701458, -33.8918671], [151.2701671, -33.8919805], [151.2699032, -33.892869], [151.2698874, -33.8929294], [151.2698752, -33.8929739]]}}, {"type": "Feature", "properties": {"kind": "road", "highway": "residential", "name": "Barracluff Avenue", "osm_id": 8985493}, "geometry": {"type": "LineString", "coordinates": [[151.2660397, -33.8904485], [151.2660662, -33.8904229], [151.266092, -33.890398], [151.2661166, -33.8903725], [151.266671, -33.8898014]]}}, {"type": "Feature", "properties": {"kind": "road", "highway": "residential", "name": "Dickson Street", "osm_id": 8987288}, "geometry": {"type": "LineString", "coordinates": [[151.260431, -33.9005919], [151.2605445, -33.9000747], [151.2607364, -33.8992007], [151.2608321, -33.8987647], [151.2608975, -33.898507], [151.2609455, -33.8983185], [151.2609775, -33.8981491]]}}, {"type": "Feature", "properties": {"kind": "road", "highway": "residential", "name": "Belgrave Street", "osm_id": 8987293}, "geometry": {"type": "LineString", "coordinates": [[151.2609455, -33.8983185], [151.2624568, -33.8985764], [151.2631446, -33.8986959], [151.263178, -33.8987017], [151.2632285, -33.8987102], [151.2632994, -33.8987273], [151.2633426, -33.8987349], [151.2653148, -33.8990803], [151.2653951, -33.8990955]]}}, {"type": "Feature", "properties": {"kind": "road", "highway": "residential", "name": "Hewlett Street", "osm_id": 8987294}, "geometry": {"type": "LineString", "coordinates": [[151.2605445, -33.9000747], [151.2610765, -33.9001522], [151.2623536, -33.900339]]}}, {"type": "Feature", "properties": {"kind": "road", "highway": "tertiary", "name": "Hewlett Street", "osm_id": 8987297}, "geometry": {"type": "LineString", "coordinates": [[151.2628392, -33.900439], [151.2629462, -33.9004554], [151.2650526, -33.9007615]]}}, {"type": "Feature", "properties": {"kind": "road", "highway": "unclassified", "name": "Mirimar Avenue", "osm_id": 8987300}, "geometry": {"type": "LineString", "coordinates": [[151.2688488, -33.900561], [151.2687374, -33.900909], [151.2687179, -33.9010109], [151.2687103, -33.9011778], [151.2686708, -33.9013125], [151.2686487, -33.9013474], [151.2686195, -33.9013816], [151.2685616, -33.9014283], [151.2683872, -33.9015304], [151.2683323, -33.9015683]]}}, {"type": "Feature", "properties": {"kind": "road", "highway": "tertiary", "name": "Birrell Street", "osm_id": 8987306}, "geometry": {"type": "LineString", "coordinates": [[151.2639376, -33.89789], [151.2650125, -33.8980817], [151.2655832, -33.898176]]}}, {"type": "Feature", "properties": {"kind": "road", "highway": "residential", "name": "Park Parade", "osm_id": 8987310}, "geometry": {"type": "LineString", "coordinates": [[151.2589665, -33.8970872], [151.2589833, -33.8970078], [151.2592262, -33.895859], [151.2597258, -33.8934088], [151.2597512, -33.8933648], [151.2597659, -33.8933303]]}}, {"type": "Feature", "properties": {"kind": "road", "highway": "secondary", "name": "Bronte Road", "osm_id": 9171890}, "geometry": {"type": "LineString", "coordinates": [[151.2548192, -33.9025848], [151.2548769, -33.9025695], [151.2549215, -33.9025595], [151.2549741, -33.9025636], [151.2550416, -33.9025788], [151.2554755, -33.9027206], [151.2558021, -33.9028309]]}}, {"type": "Feature", "properties": {"kind": "road", "highway": "residential", "name": "Gould Street", "osm_id": 9764696}, "geometry": {"type": "LineString", "coordinates": [[151.277759, -33.8855433], [151.2777275, -33.8856339]]}}, {"type": "Feature", "properties": {"kind": "road", "highway": "residential", "name": "Gould Street", "osm_id": 10174198}, "geometry": {"type": "LineString", "coordinates": [[151.2775335, -33.8864816], [151.2773699, -33.8866555], [151.277271, -33.8867605], [151.2770829, -33.8869682], [151.2770339, -33.8870196], [151.2765228, -33.8875557], [151.2765048, -33.8875748], [151.2764764, -33.8876033]]}}, {"type": "Feature", "properties": {"kind": "road", "highway": "residential", "name": "Hastings Parade", "osm_id": 10174200}, "geometry": {"type": "LineString", "coordinates": [[151.2775863, -33.8863786], [151.2773121, -33.8861568]]}}, {"type": "Feature", "properties": {"kind": "road", "highway": "residential", "name": "Brighton Boulevard", "osm_id": 10174205}, "geometry": {"type": "LineString", "coordinates": [[151.2790704, -33.887377], [151.279014, -33.8873409], [151.2788301, -33.887223]]}}, {"type": "Feature", "properties": {"kind": "road", "highway": "residential", "name": "Blaxland Road", "osm_id": 10200828}, "geometry": {"type": "LineString", "coordinates": [[151.2636801, -33.8848235], [151.2636754, -33.8847678], [151.2636713, -33.8847374], [151.2636668, -33.8847037], [151.2636427, -33.884654], [151.2636095, -33.8846104], [151.2626327, -33.8838413], [151.2625976, -33.8838119], [151.2625625, -33.8837788], [151.2620669, -33.8830566], [151.2620183, -33.8829883]]}}, {"type": "Feature", "properties": {"kind": "road", "highway": "residential", "name": "Nancy Street", "osm_id": 10201742}, "geometry": {"type": "LineString", "coordinates": [[151.2764706, -33.8789993], [151.2760965, -33.8808399], [151.2760813, -33.8808718], [151.2760642, -33.8809076], [151.2760591, -33.8809326], [151.2758575, -33.8819114], [151.2758433, -33.8819791]]}}, {"type": "Feature", "properties": {"kind": "road", "highway": "residential", "name": "Martins Avenue", "osm_id": 10252539}, "geometry": {"type": "LineString", "coordinates": [[151.2646661, -33.8903139], [151.2647377, -33.8903604], [151.2647666, -33.8903791], [151.2648163, -33.8904026]]}}, {"type": "Feature", "properties": {"kind": "road", "highway": "residential", "name": "Boronia Road", "osm_id": 10280304}, "geometry": {"type": "LineString", "coordinates": [[151.2610357, -33.8793898], [151.2610643, -33.8794528], [151.2611292, -33.8796134], [151.2614104, -33.8803832], [151.2627381, -33.8819861], [151.2628319, -33.8821304], [151.2628694, -33.8821881], [151.263538, -33.883169], [151.2641924, -33.8837036], [151.2643228, -33.8835917], [151.264889, -33.8831267]]}}, {"type": "Feature", "properties": {"kind": "road", "highway": "residential", "name": "Latimer Road", "osm_id": 10356322}, "geometry": {"type": "LineString", "coordinates": [[151.2603365, -33.882222], [151.2603352, -33.8821831], [151.2603281, -33.8820421], [151.260267, -33.8814508], [151.2602644, -33.8814031], [151.2602756, -33.8813561], [151.2604015, -33.8809895]]}}, {"type": "Feature", "properties": {"kind": "road", "highway": "residential", "name": "Bundarra Road", "osm_id": 10356324}, "geometry": {"type": "LineString", "coordinates": [[151.2589805, -33.8826615], [151.2590301, -33.8826738], [151.2590956, -33.8826253], [151.2591472, -33.8825686], [151.2592265, -33.8825166], [151.259328, -33.8824762], [151.259607, -33.8823881], [151.259886, -33.8823], [151.2600946, -33.8822683], [151.2602485, -33.8822503]]}}, {"type": "Feature", "properties": {"kind": "road", "highway": "residential", "name": "Bunyula Road", "osm_id": 10356331}, "geometry": {"type": "LineString", "coordinates": [[151.2606121, -33.8810813], [151.2606396, -33.8811922], [151.2606915, -33.8813009], [151.2610135, -33.8816762], [151.2614985, -33.8822442], [151.2615317, -33.8823096], [151.2615649, -33.8824251], [151.2616013, -33.8826406], [151.2616609, -33.882995], [151.2616666, -33.88302], [151.2616754, -33.8830431], [151.2616876, -33.8830608], [151.2617045, -33.883074], [151.2617213, -33.8830809], [151.2617411, -33.8830851], [151.2617717, -33.883087], [151.2618038, -33.8830829], [151.2618449, -33.8830697], [151.2620183, -33.8829883]]}}, {"type": "Feature", "properties": {"kind": "road", "highway": "residential", "name": "Drumalbyn Road", "osm_id": 10356333}, "geometry": {"type": "LineString", "coordinates": [[151.2589323, -33.8831529], [151.2588848, -33.8830607], [151.2588547, -33.8829574], [151.2588478, -33.8829162], [151.2588526, -33.882874], [151.258844, -33.8828026]]}}, {"type": "Feature", "properties": {"kind": "road", "highway": "residential", "name": "Rivers Street", "osm_id": 10536799}, "geometry": {"type": "LineString", "coordinates": [[151.2582041, -33.8822338], [151.2581669, -33.8822493], [151.2581296, -33.8822648], [151.258025, -33.8823138], [151.2579302, -33.8823856], [151.2577801, -33.8825848], [151.2575782, -33.8829294], [151.257497, -33.8830877], [151.2573016, -33.8834989], [151.2572109, -33.8835607], [151.2568951, -33.8837948], [151.2564246, -33.8841451], [151.2556291, -33.8847777], [151.2554841, -33.8848844], [151.2554061, -33.8849419], [151.2553194, -33.8850058]]}}, {"type": "Feature", "properties": {"kind": "road", "highway": "residential", "name": "Foster Avenue", "osm_id": 10536800}, "geometry": {"type": "LineString", "coordinates": [[151.2576551, -33.8816013], [151.2575961, -33.8816449], [151.2566506, -33.8823403]]}}, {"type": "Feature", "properties": {"kind": "road", "highway": "residential", "name": "Vivian Street", "osm_id": 10536801}, "geometry": {"type": "LineString", "coordinates": [[151.2552357, -33.881071], [151.2552714, -33.8811097], [151.2559855, -33.8817579], [151.2566506, -33.8823403], [151.2568213, -33.8825073], [151.257393, -33.8830216], [151.257497, -33.8830877]]}}, {"type": "Feature", "properties": {"kind": "road", "highway": "residential", "name": "March Street", "osm_id": 10536806}, "geometry": {"type": "LineString", "coordinates": [[151.2534916, -33.8823999], [151.2537246, -33.8822247], [151.2547581, -33.8814357], [151.2552357, -33.881071], [151.2561315, -33.8803855], [151.256153, -33.8803374]]}}, {"type": "Feature", "properties": {"kind": "road", "highway": "residential", "name": "Justus Street", "osm_id": 10537335}, "geometry": {"type": "LineString", "coordinates": [[151.2736123, -33.8806986], [151.2735325, -33.8811686], [151.2734458, -33.8816555], [151.2734327, -33.8817293]]}}, {"type": "Feature", "properties": {"kind": "road", "highway": "residential", "name": "Bonus Street", "osm_id": 10537337}, "geometry": {"type": "LineString", "coordinates": [[151.2724899, -33.8816229], [151.2725021, -33.8815566], [151.272667, -33.8806585]]}}, {"type": "Feature", "properties": {"kind": "road", "highway": "residential", "name": "Elliott Street", "osm_id": 10537338}, "geometry": {"type": "LineString", "coordinates": [[151.2716015, -33.881526], [151.2716159, -33.881458], [151.2718046, -33.8805647]]}}, {"type": "Feature", "properties": {"kind": "road", "highway": "residential", "name": "Shaw Street", "osm_id": 10537341}, "geometry": {"type": "LineString", "coordinates": [[151.2707858, -33.8814397], [151.2707999, -33.8813718], [151.2709838, -33.8804866]]}}, {"type": "Feature", "properties": {"kind": "road", "highway": "residential", "name": "Silva Street", "osm_id": 10539189}, "geometry": {"type": "LineString", "coordinates": [[151.2701827, -33.898861], [151.27031, -33.8983505]]}}, {"type": "Feature", "properties": {"kind": "road", "highway": "residential", "name": "Marks Lane", "osm_id": 10539191}, "geometry": {"type": "LineString", "coordinates": [[151.2743307, -33.898588], [151.2743504, -33.8985588], [151.2743592, -33.8985282], [151.2744455, -33.8980477], [151.2744802, -33.8978533], [151.2744752, -33.8978246], [151.27446, -33.8978109]]}}, {"type": "Feature", "properties": {"kind": "road", "highway": "residential", "name": "Alexander Street", "osm_id": 10539192}, "geometry": {"type": "LineString", "coordinates": [[151.2728349, -33.8976813], [151.2727194, -33.8982597], [151.2727126, -33.8983217], [151.272713, -33.8983495], [151.2727208, -33.8983861], [151.2727373, -33.8984307]]}}, {"type": "Feature", "properties": {"kind": "road", "highway": "residential", "name": "Gaerloch Avenue", "osm_id": 10539193}, "geometry": {"type": "LineString", "coordinates": [[151.271021, -33.8993646], [151.2714453, -33.8995536], [151.2714865, -33.8994866], [151.271709, -33.8991328], [151.2717282, -33.8991107], [151.2717741, -33.8990755], [151.2718349, -33.8990523], [151.2719283, -33.8990328], [151.2722956, -33.8989561], [151.2723522, -33.89894], [151.272644, -33.8988111], [151.2726715, -33.8987809], [151.2727547, -33.8985719], [151.2727611, -33.898528], [151.2727616, -33.8984994], [151.2727557, -33.8984741], [151.2727373, -33.8984307]]}}, {"type": "Feature", "properties": {"kind": "road", "highway": "residential", "name": "Fletcher Street", "osm_id": 10539194}, "geometry": {"type": "LineString", "coordinates": [[151.2744042, -33.8977802], [151.2729707, -33.8975788]]}}, {"type": "Feature", "properties": {"kind": "road", "highway": "residential", "name": "Bon Accord Avenue", "osm_id": 19307391}, "geometry": {"type": "LineString", "coordinates": [[151.2563286, -33.8894214], [151.2563583, -33.8894631], [151.256524, -33.8896992], [151.2567493, -33.8900015], [151.2567869, -33.8900226], [151.256831, -33.8900322], [151.2568776, -33.890033], [151.2569144, -33.890031], [151.2570132, -33.8900178], [151.2571254, -33.8900092], [151.2572175, -33.8900127], [151.2573323, -33.8900219], [151.2574495, -33.8900402], [151.2576122, -33.8900849], [151.2577449, -33.8901183], [151.2578839, -33.8901396], [151.2579986, -33.8901519], [151.2581143, -33.8901583], [151.2582885, -33.8901571], [151.2584098, -33.8901646], [151.2586743, -33.8902098], [151.2591783, -33.8903026], [151.2592071, -33.8903079], [151.2592678, -33.8903184]]}}, {"type": "Feature", "properties": {"kind": "road", "highway": "residential", "name": "Paul Street", "osm_id": 19307392}, "geometry": {"type": "LineString", "coordinates": [[151.2557788, -33.8903972], [151.2555822, -33.8901772], [151.2553792, -33.8899501], [151.2553695, -33.8899405], [151.2553329, -33.8898975]]}}, {"type": "Feature", "properties": {"kind": "road", "highway": "residential", "name": "Woodstock Street", "osm_id": 19307411}, "geometry": {"type": "LineString", "coordinates": [[151.2565644, -33.8918892], [151.2565926, -33.8918933], [151.2582629, -33.8921173], [151.2587787, -33.8921866], [151.2588687, -33.8921987]]}}, {"type": "Feature", "properties": {"kind": "road", "highway": "residential", "name": "Kenilworth Street", "osm_id": 19307417}, "geometry": {"type": "LineString", "coordinates": [[151.2564579, -33.8911221], [151.2567694, -33.8909597], [151.2568252, -33.8909448], [151.2568771, -33.8909439], [151.2584722, -33.8911599], [151.2589774, -33.8912279], [151.259073, -33.8912408]]}}, {"type": "Feature", "properties": {"kind": "road", "highway": "residential", "name": "Macleay Street", "osm_id": 22929314}, "geometry": {"type": "LineString", "coordinates": [[151.2772421, -33.8799438], [151.2773525, -33.8799607], [151.2790573, -33.8802047]]}}, {"type": "Feature", "properties": {"kind": "road", "highway": "residential", "name": "Cadigal Place", "osm_id": 22929315}, "geometry": {"type": "LineString", "coordinates": [[151.2818789, -33.8806984], [151.2818415, -33.8807322], [151.2814665, -33.8810586], [151.2814053, -33.8810976], [151.2813705, -33.881109], [151.2813239, -33.8811124], [151.2809612, -33.8811154], [151.2805723, -33.8810982]]}}, {"type": "Feature", "properties": {"kind": "road", "highway": "residential", "name": "Clyde Street", "osm_id": 22929318}, "geometry": {"type": "LineString", "coordinates": [[151.2736123, -33.8806986], [151.2736474, -33.8806721], [151.2736863, -33.8806671], [151.2737128, -33.8806651], [151.2737305, -33.8806638], [151.2744915, -33.8807373], [151.2750651, -33.8808041], [151.2751474, -33.8808158], [151.2760642, -33.8809076], [151.2766101, -33.8809699], [151.2769553, -33.8810308], [151.2770158, -33.8810431], [151.2770604, -33.8810522], [151.2771157, -33.8810602], [151.2771423, -33.881064], [151.2804314, -33.881515], [151.2807807, -33.8815672], [151.2809592, -33.8815939], [151.2810599, -33.8816089], [151.2814407, -33.8816658]]}}, {"type": "Feature", "properties": {"kind": "road", "highway": "residential", "name": "Waratah Street", "osm_id": 22929332}, "geometry": {"type": "LineString", "coordinates": [[151.2814083, -33.8827771], [151.2814233, -33.8827053], [151.2815572, -33.8820628]]}}, {"type": "Feature", "properties": {"kind": "road", "highway": "residential", "name": "O'Donnell Street", "osm_id": 22929380}, "geometry": {"type": "LineString", "coordinates": [[151.275381, -33.883828], [151.2754325, -33.8838326], [151.2758233, -33.883882], [151.2761807, -33.8839618], [151.2762142, -33.8839693], [151.2762638, -33.8839805], [151.2763121, -33.8839913], [151.2763603, -33.8840022], [151.2767127, -33.8840511], [151.277158, -33.8841128], [151.2777329, -33.8841925], [151.2779645, -33.8842246], [151.2779803, -33.8842268], [151.2780189, -33.8842322], [151.2780506, -33.8842365], [151.2780675, -33.8842388], [151.2788718, -33.8843503], [151.2791055, -33.8843827], [151.2795602, -33.8844457]]}}, {"type": "Feature", "properties": {"kind": "road", "highway": "residential", "name": "Riddell Street", "osm_id": 22937082}, "geometry": {"type": "LineString", "coordinates": [[151.2569301, -33.8860195], [151.2569716, -33.88598], [151.2569922, -33.8859597], [151.257006, -33.8859461], [151.257778, -33.8853742], [151.2586032, -33.8846857]]}}, {"type": "Feature", "properties": {"kind": "road", "highway": "residential", "name": "Lennox Street", "osm_id": 22937104}, "geometry": {"type": "LineString", "coordinates": [[151.257778, -33.8853742], [151.2576959, -33.885298], [151.2564246, -33.8841451]]}}, {"type": "Feature", "properties": {"kind": "road", "highway": "residential", "name": "Bradley Avenue", "osm_id": 22937114}, "geometry": {"type": "LineString", "coordinates": [[151.2586032, -33.8846857], [151.2573016, -33.8834989]]}}, {"type": "Feature", "properties": {"kind": "road", "highway": "residential", "name": "Rosslyn Street", "osm_id": 22937123}, "geometry": {"type": "LineString", "coordinates": [[151.2548822, -33.8846837], [151.2549243, -33.8846248], [151.2549617, -33.8845538], [151.2549671, -33.8844602], [151.254951, -33.8843756], [151.2549429, -33.8841864], [151.2549456, -33.8840795], [151.2549644, -33.8839904], [151.2550234, -33.8839103], [151.2550957, -33.8838376], [151.2552405, -33.883721], [151.2567893, -33.8825305], [151.2568213, -33.8825073]]}}, {"type": "Feature", "properties": {"kind": "road", "highway": "residential", "name": "Knowles Avenue", "osm_id": 23961511}, "geometry": {"type": "LineString", "coordinates": [[151.2788718, -33.8843503], [151.2788858, -33.8842763], [151.2792135, -33.8825444], [151.2792292, -33.8824614]]}}, {"type": "Feature", "properties": {"kind": "road", "highway": "residential", "name": "Chambers Avenue", "osm_id": 24398969}, "geometry": {"type": "LineString", "coordinates": [[151.2715271, -33.8896741], [151.2704812, -33.890776], [151.2704114, -33.8908469]]}}, {"type": "Feature", "properties": {"kind": "road", "highway": "residential", "name": "Consett Avenue", "osm_id": 24398970}, "geometry": {"type": "LineString", "coordinates": [[151.2712626, -33.8914094], [151.2723342, -33.8902044]]}}, {"type": "Feature", "properties": {"kind": "road", "highway": "footway", "name": null, "osm_id": 28871901}, "geometry": {"type": "LineString", "coordinates": [[151.2685307, -33.8987476], [151.2686255, -33.8983932], [151.2686531, -33.8983774]]}}, {"type": "Feature", "properties": {"kind": "road", "highway": "residential", "name": "Wonderland Avenue", "osm_id": 28871904}, "geometry": {"type": "LineString", "coordinates": [[151.269426, -33.8968427], [151.2693879, -33.8968763], [151.2693846, -33.8968866], [151.2693709, -33.8969292], [151.2693469, -33.8970734], [151.2692394, -33.8971153], [151.2691564, -33.897493]]}}, {"type": "Feature", "properties": {"kind": "road", "highway": "residential", "name": "Dellview Lane", "osm_id": 28871906}, "geometry": {"type": "LineString", "coordinates": [[151.2691564, -33.897493], [151.2704683, -33.8976884]]}}, {"type": "Feature", "properties": {"kind": "road", "highway": "footway", "name": null, "osm_id": 28871907}, "geometry": {"type": "LineString", "coordinates": [[151.2749335, -33.8975718], [151.274927, -33.8975826]]}}, {"type": "Feature", "properties": {"kind": "road", "highway": "tertiary", "name": "Henrietta Street", "osm_id": 30334956}, "geometry": {"type": "LineString", "coordinates": [[151.2567331, -33.9021264], [151.2568195, -33.9017167], [151.2569473, -33.9011143], [151.2570023, -33.9008719]]}}, {"type": "Feature", "properties": {"kind": "road", "highway": "secondary", "name": "Bronte Road", "osm_id": 30334964}, "geometry": {"type": "LineString", "coordinates": [[151.2597492, -33.9029993], [151.2596455, -33.9030723], [151.2596011, -33.9031034], [151.259198, -33.9033724], [151.2588754, -33.9035746], [151.2587283, -33.9036176], [151.258558, -33.9036517], [151.2582882, -33.9036834], [151.2578544, -33.9037255], [151.2577421, -33.9037279], [151.2569338, -33.9037006], [151.256831, -33.9036956], [151.2567592, -33.9037022]]}}, {"type": "Feature", "properties": {"kind": "road", "highway": "secondary", "name": "Murray Street", "osm_id": 30334972}, "geometry": {"type": "LineString", "coordinates": [[151.2597742, -33.9028544], [151.2597479, -33.9027887], [151.2597363, -33.9027337], [151.2597076, -33.9026025], [151.2596846, -33.9024714], [151.2596818, -33.9024323], [151.259684, -33.9023927], [151.2596934, -33.902365], [151.2597419, -33.9022763], [151.2597999, -33.9021687], [151.259806, -33.9021556], [151.2598224, -33.9021243], [151.2598437, -33.9020966], [151.2598814, -33.9020622], [151.2599296, -33.9020368], [151.2599892, -33.9020141], [151.2600707, -33.9019893], [151.2602391, -33.9019428], [151.2607314, -33.9018258], [151.2608658, -33.901789], [151.260981, -33.9017515], [151.2610843, -33.901707], [151.2614964, -33.9015286], [151.2617125, -33.9014458], [151.2619609, -33.9013673], [151.2622305, -33.9012905], [151.2625024, -33.9012094], [151.2625487, -33.9011907], [151.2625948, -33.9011677], [151.2626297, -33.9011364], [151.2626562, -33.9011048], [151.2626969, -33.9010384], [151.2627135, -33.9009883], [151.2627237, -33.9009576], [151.2627388, -33.9008852], [151.2628136, -33.9005565], [151.2628193, -33.9005336], [151.2628237, -33.9005139], [151.2628392, -33.900439]]}}, {"type": "Feature", "properties": {"kind": "road", "highway": "residential", "name": "Gibson Street", "osm_id": 30334986}, "geometry": {"type": "LineString", "coordinates": [[151.2584744, -33.9019738], [151.2594656, -33.9021167], [151.2597198, -33.9021563], [151.2597999, -33.9021687]]}}, {"type": "Feature", "properties": {"kind": "road", "highway": "residential", "name": "Ewell Street", "osm_id": 30335007}, "geometry": {"type": "LineString", "coordinates": [[151.2602268, -33.8963042], [151.2603228, -33.8963203], [151.2618125, -33.8965695], [151.2619101, -33.8965858]]}}, {"type": "Feature", "properties": {"kind": "road", "highway": "residential", "name": "Gardyne Street", "osm_id": 33067526}, "geometry": {"type": "LineString", "coordinates": [[151.2629269, -33.9033056], [151.2614176, -33.9031041], [151.2611681, -33.9030631], [151.261119, -33.9030489], [151.2610875, -33.9030263], [151.2610704, -33.9030019], [151.2610474, -33.9029676]]}}, {"type": "Feature", "properties": {"kind": "road", "highway": "footway", "name": null, "osm_id": 37900254}, "geometry": {"type": "LineString", "coordinates": [[151.2681812, -33.8911452], [151.2681919, -33.8912205]]}}, {"type": "Feature", "properties": {"kind": "road", "highway": "residential", "name": "Lamrock Avenue", "osm_id": 43997087}, "geometry": {"type": "LineString", "coordinates": [[151.2704114, -33.8908469], [151.2702606, -33.8907471]]}}, {"type": "Feature", "properties": {"kind": "road", "highway": "residential", "name": "Francis Street", "osm_id": 44076538}, "geometry": {"type": "LineString", "coordinates": [[151.2645602, -33.8892328], [151.2642932, -33.8890328], [151.2642854, -33.8889739]]}}, {"type": "Feature", "properties": {"kind": "road", "highway": "residential", "name": "Francis Street", "osm_id": 45683732}, "geometry": {"type": "LineString", "coordinates": [[151.2644444, -33.8893646], [151.2652254, -33.8898738], [151.2652681, -33.8899159]]}}, {"type": "Feature", "properties": {"kind": "road", "highway": "secondary", "name": "Bronte Road", "osm_id": 49076639}, "geometry": {"type": "LineString", "coordinates": [[151.2564179, -33.9032396], [151.2563887, -33.9032068], [151.2563465, -33.903164], [151.2562861, -33.9031178], [151.2562238, -33.9030766], [151.2561346, -33.9030221], [151.2560595, -33.9029781], [151.2559891, -33.9029386], [151.2559334, -33.9029091], [151.2558771, -33.9028829], [151.2558288, -33.902859], [151.2558021, -33.9028309]]}}, {"type": "Feature", "properties": {"kind": "road", "highway": "secondary", "name": "Bronte Road", "osm_id": 49076640}, "geometry": {"type": "LineString", "coordinates": [[151.2565509, -33.9034027], [151.2566002, -33.903546], [151.2566341, -33.9036207], [151.2566544, -33.9036738]]}}, {"type": "Feature", "properties": {"kind": "road", "highway": "secondary", "name": "Bronte Road", "osm_id": 49076641}, "geometry": {"type": "LineString", "coordinates": [[151.2558021, -33.9028309], [151.2558905, -33.9028429], [151.2559301, -33.902854], [151.2559763, -33.9028718], [151.2560192, -33.9028952], [151.2561004, -33.9029419], [151.2561969, -33.9030048], [151.256266, -33.9030466], [151.2563552, -33.9031011], [151.2564082, -33.9031362], [151.2564582, -33.9031834]]}}, {"type": "Feature", "properties": {"kind": "road", "highway": "footway", "name": null, "osm_id": 51323850}, "geometry": {"type": "LineString", "coordinates": [[151.2559259, -33.8896207], [151.2558892, -33.8895777], [151.255837, -33.8895207], [151.2557999, -33.8894747]]}}, {"type": "Feature", "properties": {"kind": "road", "highway": "tertiary", "name": "Flood Street", "osm_id": 51323854}, "geometry": {"type": "LineString", "coordinates": [[151.2593063, -33.8901467], [151.2593556, -33.8899157]]}}, {"type": "Feature", "properties": {"kind": "road", "highway": "tertiary", "name": "Flood Street", "osm_id": 51323855}, "geometry": {"type": "LineString", "coordinates": [[151.2592678, -33.8903184], [151.2593063, -33.8901467]]}}, {"type": "Feature", "properties": {"kind": "road", "highway": "tertiary", "name": "Francis Street", "osm_id": 51323857}, "geometry": {"type": "LineString", "coordinates": [[151.2660397, -33.8904485], [151.2666468, -33.8908464], [151.2667041, -33.890884], [151.267222, -33.8912282], [151.2681974, -33.8918524], [151.2685586, -33.8920938], [151.2698752, -33.8929739], [151.2699149, -33.8930004], [151.2699404, -33.893017], [151.2707121, -33.8935185], [151.2707927, -33.8935701], [151.2726998, -33.8948146], [151.2729981, -33.8949998], [151.2731887, -33.8951181]]}}, {"type": "Feature", "properties": {"kind": "road", "highway": "tertiary", "name": "Wellington Street", "osm_id": 51323858}, "geometry": {"type": "LineString", "coordinates": [[151.2652681, -33.8899159], [151.2648844, -33.8903227]]}}, {"type": "Feature", "properties": {"kind": "road", "highway": "tertiary", "name": "Wellington Street", "osm_id": 51323859}, "geometry": {"type": "LineString", "coordinates": [[151.2647738, -33.8904637], [151.2647273, -33.8905551], [151.2647046, -33.8906125], [151.2646869, -33.8906724], [151.2646512, -33.8908673], [151.264582, -33.8912445], [151.2645786, -33.8912677], [151.2645538, -33.8914402], [151.264439, -33.8920158], [151.2644258, -33.8920795], [151.2643368, -33.8925093], [151.2642839, -33.8927616], [151.2642687, -33.8928349], [151.2642508, -33.8929193], [151.2641679, -33.8933109], [151.2640932, -33.8936342], [151.2640416, -33.8938852], [151.2640341, -33.8939213], [151.2640246, -33.8939666]]}}, {"type": "Feature", "properties": {"kind": "road", "highway": "tertiary", "name": null, "osm_id": 51323860}, "geometry": {"type": "LineString", "coordinates": [[151.2672686, -33.8889799], [151.2672698, -33.8889774], [151.2672843, -33.8889633], [151.2673036, -33.8889538], [151.2673239, -33.8889503], [151.2673479, -33.8889523], [151.267368, -33.8889605], [151.2673839, -33.8889736], [151.2673938, -33.8889903], [151.2673957, -33.8890029]]}}, {"type": "Feature", "properties": {"kind": "road", "highway": "tertiary", "name": "O'Brien Street", "osm_id": 51323862}, "geometry": {"type": "LineString", "coordinates": [[151.2674377, -33.8889984], [151.2674949, -33.8889949], [151.2675782, -33.8889939], [151.267774, -33.8890046], [151.2681813, -33.889025], [151.2687969, -33.8890558], [151.2690639, -33.88907], [151.2699981, -33.8891198]]}}, {"type": "Feature", "properties": {"kind": "road", "highway": "residential", "name": "Lamrock Avenue", "osm_id": 51323864}, "geometry": {"type": "LineString", "coordinates": [[151.2702606, -33.8907471], [151.2700902, -33.8906475], [151.2700436, -33.8906299], [151.2699892, -33.8906218], [151.2695591, -33.8905677]]}}, {"type": "Feature", "properties": {"kind": "road", "highway": "tertiary", "name": "Campbell Parade", "osm_id": 51323867}, "geometry": {"type": "LineString", "coordinates": [[151.2765547, -33.8891854], [151.2764458, -33.8892493], [151.2763979, -33.889285], [151.2758266, -33.8897787], [151.2757859, -33.8898154], [151.2757427, -33.8898542], [151.2757127, -33.8898811]]}}, {"type": "Feature", "properties": {"kind": "road", "highway": "primary", "name": "Campbell Parade", "osm_id": 51323868}, "geometry": {"type": "LineString", "coordinates": [[151.2732538, -33.8920262], [151.2733421, -33.8919042], [151.273371, -33.8918685], [151.2734529, -33.8917841], [151.2736391, -33.8916167], [151.2737654, -33.8915024], [151.2738748, -33.8914037], [151.2739028, -33.8913781], [151.2739917, -33.8912968]]}}, {"type": "Feature", "properties": {"kind": "road", "highway": "tertiary", "name": "Blair Street", "osm_id": 52440905}, "geometry": {"type": "LineString", "coordinates": [[151.2743908, -33.8853589], [151.2748204, -33.8853888], [151.2752102, -33.8854081], [151.2753786, -33.8854164], [151.2757249, -33.8854335], [151.275785, -33.885431], [151.2758491, -33.8854247], [151.2759287, -33.8854169]]}}, {"type": "Feature", "properties": {"kind": "road", "highway": "tertiary", "name": "O'Brien Street", "osm_id": 52440907}, "geometry": {"type": "LineString", "coordinates": [[151.2699981, -33.8891198], [151.2701988, -33.8891278]]}}, {"type": "Feature", "properties": {"kind": "road", "highway": "footway", "name": null, "osm_id": 53839422}, "geometry": {"type": "LineString", "coordinates": [[151.2758179, -33.8898404], [151.2758546, -33.8898699], [151.2758176, -33.8899033], [151.2756646, -33.8900413], [151.2754718, -33.8902217], [151.2754868, -33.8902326]]}}, {"type": "Feature", "properties": {"kind": "road", "highway": "residential", "name": "Prospect Street", "osm_id": 60609987}, "geometry": {"type": "LineString", "coordinates": [[151.2559763, -33.9028718], [151.2559881, -33.9028074], [151.2563837, -33.9010334]]}}, {"type": "Feature", "properties": {"kind": "road", "highway": "pedestrian", "name": null, "osm_id": 61043267}, "geometry": {"type": "LineString", "coordinates": [[151.2766652, -33.8893575], [151.276709, -33.8894559], [151.2767251, -33.8894886], [151.276834, -33.8897038], [151.2768974, -33.8898447], [151.2769082, -33.889867]]}}, {"type": "Feature", "properties": {"kind": "road", "highway": "footway", "name": null, "osm_id": 61122614}, "geometry": {"type": "LineString", "coordinates": [[151.2782853, -33.8892317], [151.2782397, -33.8893866]]}}, {"type": "Feature", "properties": {"kind": "park", "highway": null, "name": "Bondi Park", "osm_id": 61122618}, "geometry": {"type": "Polygon", "coordinates": [[[151.2787082, -33.8901053], [151.2787377, -33.8901039], [151.2795201, -33.8900613], [151.2795596, -33.8900576], [151.2795895, -33.8900481], [151.2796108, -33.8900343], [151.2796229, -33.8900178], [151.2796302, -33.8899983], [151.2796271, -33.8899803], [151.2796207, -33.8899623], [151.2795826, -33.8899258], [151.2793998, -33.8898189], [151.2792656, -33.8897492], [151.2790636, -33.8896521], [151.2788269, -33.8895562], [151.2786104, -33.8894835], [151.2783695, -33.8894184], [151.2783054, -33.8894344], [151.2782309, -33.889417], [151.2782218, -33.8894149], [151.2781438, -33.8894038], [151.2780034, -33.889384], [151.2776282, -33.8893424], [151.2772899, -33.8893408], [151.2771401, -33.8893471], [151.2770223, -33.8893708], [151.276913, -33.8893973], [151.276805, -33.8894337], [151.2766884, -33.8894945], [151.2766307, -33.8895208], [151.2765717, -33.8895565], [151.2762475, -33.8898284], [151.2758532, -33.8902021], [151.2757163, -33.8902976], [151.2757345, -33.8903212], [151.2757431, -33.8903473], [151.2757405, -33.890373], [151.2757283, -33.8903987], [151.2757046, -33.8904184], [151.2756764, -33.8904287], [151.2756447, -33.8904332], [151.275615, -33.8904286], [151.2755873, -33.8904172], [151.2752031, -33.8907731], [151.2752407, -33.8908363], [151.2750812, -33.8908573], [151.2748988, -33.890879], [151.2747457, -33.890928], [151.274408, -33.8912431], [151.2741831, -33.8914334], [151.2739802, -33.8916005], [151.2735886, -33.8919523], [151.2734517, -33.8920826], [151.2734496, -33.8920975], [151.273461, -33.8921119], [151.2734717, -33.8921147], [151.2734825, -33.8921158], [151.2734935, -33.8921138], [151.273504, -33.8921107], [151.2736347, -33.89205], [151.2737723, -33.89199], [151.2738154, -33.8919714], [151.2740793, -33.8918921], [151.2744851, -33.8917765], [151.2744842, -33.8917641], [151.2744855, -33.8917495], [151.2744884, -33.8917414], [151.2744941, -33.8917315], [151.2745024, -33.8917221], [151.2745129, -33.8917152], [151.2745306, -33.8917096], [151.2745426, -33.8917089], [151.274553, -33.8917101], [151.2745675, -33.8917151], [151.2745784, -33.8917222], [151.2745917, -33.8917396], [151.2746738, -33.8917091], [151.2749138, -33.8915744], [151.2753191, -33.8913147], [151.2753397, -33.8913015], [151.275409, -33.8912586], [151.2755904, -33.8911462], [151.275963, -33.8909331], [151.2760117, -33.8909102], [151.2760569, -33.8908834], [151.2764728, -33.8906889], [151.2764772, -33.8906664], [151.2764573, -33.8905583], [151.2764811, -33.8905516], [151.2765433, -33.8905369], [151.2763129, -33.8900727], [151.276734, -33.8899286], [151.276723, -33.8899085], [151.2767125, -33.8898882], [151.2767091, -33.8898545], [151.2767119, -33.8898301], [151.2767196, -33.8898046], [151.2767288, -33.889786], [151.2767405, -33.8897685], [151.2767604, -33.8897471], [151.2767867, -33.8897263], [151.2768101, -33.8897133], [151.276834, -33.8897038], [151.2768529, -33.8896985], [151.2768712, -33.8896951], [151.276899, -33.8896929], [151.2769271, -33.8896932], [151.2769534, -33.8896968], [151.2769795, -33.8897035], [151.2770005, -33.8897114], [151.2770195, -33.8897208], [151.2770385, -33.8897329], [151.2770555, -33.8897467], [151.2770711, -33.8897629], [151.2770835, -33.8897795], [151.2770945, -33.8898023], [151.2775534, -33.889643], [151.2777445, -33.8895793], [151.2777844, -33.8897038], [151.2778609, -33.8896923], [151.2780628, -33.8896563], [151.2780904, -33.8897629], [151.2782152, -33.8897719], [151.278179, -33.8900721], [151.2781924, -33.890091], [151.2781998, -33.8901111], [151.2781944, -33.8901355], [151.2782021, -33.8901763], [151.2784053, -33.8901392], [151.2787082, -33.8901053]]]}}, {"type": "Feature", "properties": {"kind": "road", "highway": "footway", "name": null, "osm_id": 61122620}, "geometry": {"type": "LineString", "coordinates": [[151.2782903, -33.8892162], [151.2782853, -33.8892317]]}}, {"type": "Feature", "properties": {"kind": "road", "highway": "footway", "name": null, "osm_id": 65584268}, "geometry": {"type": "LineString", "coordinates": [[151.2588789, -33.8868994], [151.2589367, -33.8869158], [151.2590329, -33.8869431], [151.2590747, -33.886955]]}}, {"type": "Feature", "properties": {"kind": "road", "highway": "footway", "name": null, "osm_id": 65584271}, "geometry": {"type": "LineString", "coordinates": [[151.2575424, -33.8888153], [151.2574313, -33.8888093], [151.2573536, -33.8888079]]}}, {"type": "Feature", "properties": {"kind": "road", "highway": "footway", "name": null, "osm_id": 65584272}, "geometry": {"type": "LineString", "coordinates": [[151.2587091, -33.8876064], [151.2586916, -33.8876014], [151.2586643, -33.8875936]]}}, {"type": "Feature", "properties": {"kind": "road", "highway": "residential", "name": "Lamrock Avenue", "osm_id": 75953828}, "geometry": {"type": "LineString", "coordinates": [[151.2695591, -33.8905677], [151.2694976, -33.8905654], [151.2694428, -33.8905691]]}}, {"type": "Feature", "properties": {"kind": "road", "highway": "residential", "name": "Lamrock Avenue", "osm_id": 75953830}, "geometry": {"type": "LineString", "coordinates": [[151.2683336, -33.8898267], [151.2673423, -33.8891767], [151.2672917, -33.8891407]]}}, {"type": "Feature", "properties": {"kind": "road", "highway": "secondary", "name": "Curlewis Street", "osm_id": 77477345}, "geometry": {"type": "LineString", "coordinates": [[151.2757127, -33.8898811], [151.2756201, -33.8898209]]}}, {"type": "Feature", "properties": {"kind": "road", "highway": "primary", "name": "Campbell Parade", "osm_id": 77477393}, "geometry": {"type": "LineString", "coordinates": [[151.2740829, -33.8913572], [151.2739864, -33.8914445], [151.2736943, -33.8917095], [151.2735113, -33.8918737], [151.2734245, -33.8919551]]}}, {"type": "Feature", "properties": {"kind": "road", "highway": "tertiary", "name": "Blair Street", "osm_id": 77477641}, "geometry": {"type": "LineString", "coordinates": [[151.2706671, -33.8851572], [151.2708437, -33.8851676], [151.2709641, -33.8851753], [151.2712528, -33.8851898], [151.2721176, -33.8852325], [151.2724325, -33.8852414]]}}, {"type": "Feature", "properties": {"kind": "road", "highway": "tertiary", "name": "Bronte Road", "osm_id": 77610088}, "geometry": {"type": "LineString", "coordinates": [[151.2663007, -33.9044075], [151.2662662, -33.9043661], [151.2662355, -33.904323], [151.2662095, -33.9042764], [151.2659002, -33.9034959], [151.2658755, -33.9034542], [151.2658252, -33.9034101], [151.2657539, -33.903374], [151.2651836, -33.9030822], [151.2650374, -33.9030074], [151.2648032, -33.9028701], [151.2646122, -33.9027043], [151.2645258, -33.9026304], [151.2643832, -33.9025611], [151.2642521, -33.9025202], [151.2641601, -33.9024972], [151.2640888, -33.9024572], [151.264032, -33.9023962], [151.2639328, -33.9023374], [151.2637946, -33.9022936], [151.2636799, -33.9022933], [151.2634835, -33.9023155], [151.2630828, -33.9023898], [151.2627861, -33.9024448], [151.2613825, -33.9028671], [151.2610474, -33.9029676], [151.2609661, -33.9029911], [151.2608828, -33.9029994], [151.2607883, -33.9029937], [151.2606144, -33.9029707], [151.2601658, -33.9029122], [151.2600813, -33.9029013], [151.2600102, -33.9029018], [151.2599246, -33.902909]]}}, {"type": "Feature", "properties": {"kind": "road", "highway": "residential", "name": "Francis Street", "osm_id": 81609130}, "geometry": {"type": "LineString", "coordinates": [[151.2642854, -33.8889739], [151.2643561, -33.8889859], [151.2645519, -33.8891144], [151.2645699, -33.8891177], [151.2645862, -33.8891166]]}}, {"type": "Feature", "properties": {"kind": "road", "highway": "residential", "name": "Simpson Street", "osm_id": 81609136}, "geometry": {"type": "LineString", "coordinates": [[151.2645862, -33.8891166], [151.2646037, -33.8891134], [151.2646164, -33.8891056], [151.2648033, -33.8889016], [151.264868, -33.8888844]]}}, {"type": "Feature", "properties": {"kind": "road", "highway": "residential", "name": "Gipps Street", "osm_id": 92867073}, "geometry": {"type": "LineString", "coordinates": [[151.2594517, -33.902937], [151.2595456, -33.9029208], [151.259596, -33.9029183], [151.2597151, -33.9029262]]}}, {"type": "Feature", "properties": {"kind": "road", "highway": "residential", "name": null, "osm_id": 92867106}, "geometry": {"type": "LineString", "coordinates": [[151.2596011, -33.9031034], [151.2596066, -33.9030579], [151.2596032, -33.9030324], [151.2595882, -33.9030102], [151.2595592, -33.902979]]}}, {"type": "Feature", "properties": {"kind": "park", "highway": null, "name": null, "osm_id": 102764677}, "geometry": {"type": "Polygon", "coordinates": [[[151.2735548, -33.8941385], [151.2733717, -33.8939758], [151.2733175, -33.8939087], [151.2732773, -33.8938508], [151.2732089, -33.8937365], [151.2731314, -33.8934308], [151.2731163, -33.893371], [151.2731076, -33.8932903], [151.2731103, -33.8931411], [151.2731244, -33.8928616], [151.2731277, -33.8927938], [151.2731391, -33.8927487], [151.2731644, -33.8926424], [151.2731865, -33.8925633], [151.2733698, -33.8923751], [151.2735083, -33.8923171], [151.2735634, -33.8922941], [151.2736852, -33.8922728], [151.274019, -33.892163], [151.2740263, -33.8922205], [151.2740363, -33.892248], [151.2740711, -33.8922585], [151.2741638, -33.8922854], [151.2742242, -33.8923766], [151.2742418, -33.8924528], [151.2740129, -33.8927274], [151.2738641, -33.8929922], [151.2737068, -33.8933215], [151.2736598, -33.8935427], [151.2736864, -33.8935411], [151.2737015, -33.8935461], [151.273762, -33.8934909], [151.2737515, -33.8938304], [151.2738698, -33.8942631], [151.2739147, -33.8943195], [151.2740377, -33.8944591], [151.274113, -33.894481], [151.27407, -33.8945197], [151.2737726, -33.8942719], [151.2737623, -33.8942649], [151.2736977, -33.8942249], [151.273678, -33.8942124], [151.2735967, -33.8941609], [151.2735726, -33.894149], [151.2735548, -33.8941385]]]}}, {"type": "Feature", "properties": {"kind": "park", "highway": null, "name": "Biddigal Reserve", "osm_id": 102764678}, "geometry": {"type": "Polygon", "coordinates": [[[151.2831911, -33.8914521], [151.2824756, -33.8915022], [151.2825284, -33.8910617], [151.2825242, -33.8909325], [151.2824707, -33.8906437], [151.2830043, -33.8909725], [151.2830861, -33.8910419], [151.2831524, -33.8911525], [151.2831827, -33.8912598], [151.2831911, -33.8914521]]]}}, {"type": "Feature", "properties": {"kind": "road", "highway": "residential", "name": "Simpson Street", "osm_id": 104934100}, "geometry": {"type": "LineString", "coordinates": [[151.2656799, -33.8880282], [151.2656969, -33.888003], [151.265711, -33.8879883], [151.2660043, -33.887683], [151.2664885, -33.8871744], [151.2671821, -33.8864134], [151.2682713, -33.8852898], [151.2682796, -33.8852733], [151.2682832, -33.8852556], [151.2682817, -33.8852364]]}}, {"type": "Feature", "properties": {"kind": "road", "highway": "tertiary", "name": "O'Brien Street", "osm_id": 104934101}, "geometry": {"type": "LineString", "coordinates": [[151.2657036, -33.8880965], [151.2657438, -33.8881178], [151.2661471, -33.8883838], [151.2664458, -33.8885801]]}}, {"type": "Feature", "properties": {"kind": "road", "highway": "footway", "name": null, "osm_id": 127907517}, "geometry": {"type": "LineString", "coordinates": [[151.2736882, -33.8958829], [151.2737786, -33.8960158], [151.2738439, -33.8960844], [151.2739485, -33.8962254], [151.2740174, -33.8962507], [151.2740379, -33.8962883]]}}, {"type": "Feature", "properties": {"kind": "road", "highway": "footway", "name": null, "osm_id": 148010634}, "geometry": {"type": "LineString", "coordinates": [[151.2557655, -33.8880435], [151.2557725, -33.8879933], [151.2556708, -33.8879298]]}}, {"type": "Feature", "properties": {"kind": "road", "highway": "footway", "name": "Rosewood Walk", "osm_id": 148010635}, "geometry": {"type": "LineString", "coordinates": [[151.2587129, -33.8869001], [151.258659, -33.8869251], [151.2586452, -33.8869298], [151.2586306, -33.8869348]]}}, {"type": "Feature", "properties": {"kind": "road", "highway": "footway", "name": null, "osm_id": 148010687}, "geometry": {"type": "LineString", "coordinates": [[151.2575653, -33.886988], [151.2575732, -33.8869733]]}}, {"type": "Feature", "properties": {"kind": "road", "highway": "footway", "name": "Rosewood Walk", "osm_id": 148011073}, "geometry": {"type": "LineString", "coordinates": [[151.2560071, -33.8869188], [151.2560047, -33.8869271]]}}, {"type": "Feature", "properties": {"kind": "road", "highway": "footway", "name": null, "osm_id": 152255416}, "geometry": {"type": "LineString", "coordinates": [[151.2684415, -33.9047315], [151.2684286, -33.9047941], [151.2684092, -33.9048321], [151.2683422, -33.9048876]]}}, {"type": "Feature", "properties": {"kind": "coastline", "highway": null, "name": null, "osm_id": 157687847}, "geometry": {"type": "LineString", "coordinates": [[151.2708767, -33.9111417], [151.2708854, -33.910953], [151.2705263, -33.9107704], [151.2704575, -33.9106655], [151.2705335, -33.9106362], [151.2706158, -33.9104353], [151.2704964, -33.9103061], [151.2703153, -33.9102414], [151.270326, -33.9101251], [151.2702952, -33.9100644], [151.2703042, -33.9100153], [151.2702628, -33.9100003], [151.2702322, -33.9100423], [151.2701806, -33.9100035], [151.2702094, -33.9099311], [151.2700867, -33.9098248], [151.2701053, -33.9098052], [151.270076, -33.9097643], [151.2700342, -33.909759], [151.2699848, -33.9097751], [151.2699505, -33.9097235], [151.2699065, -33.9096782], [151.2699357, -33.9096109], [151.2699868, -33.9095973], [151.2700241, -33.9095264], [151.2700728, -33.909535], [151.2701191, -33.9095166], [151.2701729, -33.9095413], [151.2702524, -33.9095187], [151.2701716, -33.9093101], [151.2702659, -33.9091462], [151.2702076, -33.9090419], [151.2703108, -33.9089227], [151.2702659, -33.908796], [151.2703108, -33.9084905], [151.2702884, -33.9083191], [151.2701178, -33.9082484], [151.2700011, -33.9081738], [151.2699921, -33.9080658], [151.2699517, -33.9078907], [151.2698709, -33.9077193], [151.2698889, -33.9075368], [151.2699921, -33.9073729], [151.270046, -33.9071456], [151.2701357, -33.9068699], [151.2702345, -33.9066613], [151.2701627, -33.9066092], [151.2700594, -33.9065011], [151.2699293, -33.9063409], [151.2698754, -33.9061882], [151.2699113, -33.9059535], [151.2698754, -33.9057486], [151.2698619, -33.905566], [151.2697003, -33.9053872], [151.2695567, -33.9052494], [151.2694099, -33.9051059], [151.2692239, -33.9050659], [151.2690472, -33.9051178], [151.2688658, -33.9048075], [151.2687751, -33.9047121], [151.2687263, -33.9046607]]}}, {"type": "Feature", "properties": {"kind": "coastline", "highway": null, "name": null, "osm_id": 157687848}, "geometry": {"type": "LineString", "coordinates": [[151.2703359, -33.9013714], [151.2703327, -33.9013481], [151.2703295, -33.9012491], [151.2705749, -33.9009475], [151.2710288, -33.9005745], [151.2712825, -33.9004914], [151.2714806, -33.9005098], [151.2720796, -33.9006124], [151.2723467, -33.9006152], [151.2727851, -33.9001917], [151.2723913, -33.8999586], [151.2724221, -33.899697], [151.2726584, -33.8994981], [151.2733194, -33.8994725], [151.2740592, -33.8995549], [151.2748058, -33.8997397], [151.2749592, -33.899777], [151.2751221, -33.8997363], [151.2751929, -33.8996395], [151.2753803, -33.8994948], [151.2756449, -33.8994009], [151.2757591, -33.8993077], [151.2758593, -33.8992228], [151.2759301, -33.8991639], [151.2760315, -33.8991106], [151.2761327, -33.8990494], [151.2762018, -33.8990117], [151.2762676, -33.8989318], [151.2762935, -33.8988395], [151.2763436, -33.8987476], [151.2765216, -33.8984974], [151.2761415, -33.8982046], [151.2762719, -33.8980748], [151.2758819, -33.897925], [151.2756947, -33.8978993]]}}, {"type": "Feature", "properties": {"kind": "coastline", "highway": null, "name": null, "osm_id": 157687850}, "geometry": {"type": "LineString", "coordinates": [[151.2756947, -33.8978993], [151.2756102, -33.8977727], [151.275447, -33.8977207], [151.2752985, -33.8976185], [151.2751557, -33.897516], [151.275102, -33.8974829], [151.27511, -33.8973853], [151.2751608, -33.8973326], [151.2750935, -33.8972538], [151.2748392, -33.8970564], [151.2746834, -33.8970011], [151.274584, -33.8970571], [151.2744726, -33.8969238], [151.2745253, -33.8967311], [151.2744038, -33.8966765], [151.2743563, -33.8965838], [151.2743919, -33.8965565]]}}, {"type": "Feature", "properties": {"kind": "coastline", "highway": null, "name": null, "osm_id": 157687853}, "geometry": {"type": "LineString", "coordinates": [[151.284656, -33.8833282], [151.2847649, -33.8833125], [151.2847596, -33.8832653], [151.2846216, -33.8832523], [151.2845841, -33.8831076], [151.2845506, -33.882846], [151.2845385, -33.8827446], [151.284454, -33.8826366], [151.2844714, -33.8823561], [151.2843588, -33.8822537], [151.2843316, -33.8820734], [151.2841389, -33.8819664], [151.2841212, -33.8818308], [151.283982, -33.8818183], [151.2840792, -33.8817369], [151.2840838, -33.8816369], [151.284163, -33.8814632], [151.2841549, -33.8814097], [151.2840695, -33.8813528], [151.2839565, -33.8813184], [151.2838197, -33.8812338], [151.2837285, -33.8810713], [151.2836882, -33.8809109], [151.2836722, -33.8806949], [151.2836587, -33.8805636], [151.2836587, -33.8804745], [151.2835622, -33.8803821], [151.2835488, -33.8803298], [151.28353, -33.8802919], [151.28346, -33.8803008], [151.2832482, -33.8799312], [151.2831725, -33.8798517], [151.2830255, -33.8796974], [151.2831183, -33.879645], [151.2830869, -33.8795775], [151.2830972, -33.8794908], [151.2830615, -33.8793347], [151.2831598, -33.879272], [151.2831277, -33.8792461], [151.2830402, -33.8791727], [151.2830472, -33.8789447], [151.2831401, -33.8788809], [151.2832434, -33.8787649], [151.2834058, -33.8787103], [151.2835421, -33.8785774], [151.28353, -33.8784258], [151.2834857, -33.8782733], [151.283381, -33.8782495], [151.2833101, -33.8783835], [151.2832859, -33.8784637], [151.2832126, -33.878514], [151.2831309, -33.8784594], [151.283052, -33.8783938], [151.2831277, -33.8782365], [151.2831813, -33.8781608], [151.2831744, -33.8780856], [151.2831859, -33.8779417], [151.2833181, -33.8779136], [151.2833744, -33.8778335], [151.2833355, -33.8777388], [151.2833061, -33.8776064], [151.2832604, -33.8774238], [151.2833691, -33.877417], [151.2833637, -33.8773374], [151.2832296, -33.8773113], [151.2832054, -33.8772077], [151.2832913, -33.8770764], [151.2832277, -33.8770168], [151.2831491, -33.8769294], [151.283153, -33.8768947], [151.2831744, -33.8767052], [151.2833841, -33.8767942], [151.2835144, -33.8766582], [151.283707, -33.8765887], [151.2838519, -33.8763972], [151.2839218, -33.8761866], [151.2838673, -33.8760929], [151.2839468, -33.8759373], [151.2840192, -33.8758193], [151.2841011, -33.8757672], [151.2842338, -33.8757546], [151.2842718, -33.8756695], [151.2842718, -33.8755593], [151.2842166, -33.8754084], [151.2841657, -33.8753338], [151.2840182, -33.8754062], [151.2840088, -33.8750588], [151.284045, -33.8749129], [151.2841804, -33.8748217], [151.2842399, -33.8746051], [151.2843602, -33.8744572], [151.2844465, -33.8743089], [151.2846092, -33.8743366], [151.2846409, -33.8742384], [151.2845183, -33.8741547], [151.2845411, -33.8739217], [151.2846861, -33.8736046], [151.2849154, -33.8736469], [151.2849892, -33.8734777], [151.2848805, -33.8733096], [151.2848063, -33.8730934], [151.2847951, -33.8729429], [151.2847083, -33.8729002], [151.2845777, -33.8730086], [151.2844956, -33.8728653], [151.2844902, -33.8727695], [151.2844232, -33.8726704], [151.284407, -33.8725145], [151.2842958, -33.8722495], [151.2843186, -33.8721526], [151.2841389, -33.8719789], [151.2839511, -33.8717674], [151.2839759, -33.871673], [151.2839759, -33.8715407], [151.2838735, -33.8714683], [151.2837976, -33.8713895], [151.2836952, -33.8713076], [151.2836686, -33.871125], [151.2836459, -33.8708447], [151.2837104, -33.8706872], [151.28379, -33.8705612], [151.2838279, -33.8704699], [151.2838659, -33.8703502], [151.2838659, -33.8701077], [151.2838279, -33.8699282], [151.2838116, -33.8697229], [151.2837929, -33.869429], [151.2837875, -33.8691684], [151.2838116, -33.8689546], [151.2838572, -33.8688588], [151.2839779, -33.8687297], [151.284112, -33.8685582], [151.2841466, -33.8683754], [151.284268, -33.8683597], [151.2842689, -33.8682904], [151.2842632, -33.8682235], [151.284194, -33.8682132], [151.2841617, -33.8681833], [151.2840906, -33.8680192], [151.2840906, -33.867821], [151.2840262, -33.8675448], [151.2839243, -33.86736], [151.2838358, -33.8671863], [151.2838089, -33.867066], [151.2838063, -33.8669257], [151.2837955, -33.8667364], [151.2837499, -33.8664936], [151.2837687, -33.8663043], [151.2838224, -33.8660994], [151.2838626, -33.8658901], [151.2839377, -33.8657386], [151.2840157, -33.8654425]]}}, {"type": "Feature", "properties": {"kind": "road", "highway": "footway", "name": null, "osm_id": 163147167}, "geometry": {"type": "LineString", "coordinates": [[151.2823998, -33.8905212], [151.2824137, -33.890498], [151.2824138, -33.890456], [151.2824382, -33.8904247], [151.2825141, -33.890342], [151.2826203, -33.8902263], [151.2826989, -33.8901353]]}}, {"type": "Feature", "properties": {"kind": "road", "highway": "footway", "name": null, "osm_id": 165180244}, "geometry": {"type": "LineString", "coordinates": [[151.2730865, -33.89752], [151.2743849, -33.8976921], [151.2745481, -33.8977129], [151.2746521, -33.8977586], [151.2748433, -33.8977796]]}}, {"type": "Feature", "properties": {"kind": "road", "highway": "primary", "name": null, "osm_id": 168837937}, "geometry": {"type": "LineString", "coordinates": [[151.2731508, -33.8923222], [151.2731254, -33.8923002], [151.2731087, -33.8922731]]}}, {"type": "Feature", "properties": {"kind": "road", "highway": "footway", "name": null, "osm_id": 168837938}, "geometry": {"type": "LineString", "coordinates": [[151.2748078, -33.8919582], [151.2747592, -33.891906], [151.2747224, -33.8919232], [151.2745504, -33.8919781], [151.2744116, -33.8920152], [151.2742815, -33.8920499], [151.2741197, -33.8920975], [151.2738834, -33.8921813], [151.2737198, -33.89225], [151.2736231, -33.8922595], [151.27349, -33.8922802], [151.2734261, -33.8923095], [151.2733522, -33.8923631], [151.2732793, -33.8924131], [151.2732155, -33.8924703], [151.2731858, -33.8925249], [151.2731621, -33.8925646], [151.2731442, -33.8926287], [151.2731237, -33.8927175], [151.2731009, -33.8928517], [151.2730962, -33.8929819], [151.2730935, -33.8932196], [151.2731042, -33.8933832]]}}, {"type": "Feature", "properties": {"kind": "coastline", "highway": null, "name": null, "osm_id": 168838535}, "geometry": {"type": "LineString", "coordinates": [[151.2820427, -33.8910557], [151.2821727, -33.8911259], [151.2821901, -33.8912293], [151.2820557, -33.8914446], [151.2820964, -33.8917501], [151.2821339, -33.8919505], [151.2821862, -33.8921086], [151.2822653, -33.8922567], [151.2823619, -33.8923646], [151.2824936, -33.8924485], [151.2825295, -33.8925138], [151.2825161, -33.8925917], [151.2824772, -33.8926552], [151.2823927, -33.8927142], [151.2822915, -33.8929127], [151.2822935, -33.8930036], [151.2822881, -33.8931005], [151.2823793, -33.8932074], [151.2825273, -33.8932427], [151.2826722, -33.8932707], [151.2827548, -33.8933287], [151.2827665, -33.8934217], [151.2827682, -33.8935224], [151.2827253, -33.8936582], [151.2827468, -33.8937651], [151.2828642, -33.8938719], [151.283034, -33.8938595], [151.2831706, -33.8939053], [151.283251, -33.8939276], [151.2833774, -33.8938875], [151.2834321, -33.893882], [151.2834951, -33.8939209], [151.283538, -33.8939949], [151.283585, -33.8940534], [151.2836928, -33.8940627], [151.2838358, -33.8939989], [151.2839404, -33.8939053], [151.2839658, -33.8937768], [151.2841094, -33.8937094], [151.2841898, -33.8936738], [151.2842126, -33.8936237], [151.2842488, -33.8935951], [151.2843145, -33.8936081], [151.2843869, -33.8936817], [151.2843682, -33.8937373], [151.2843903, -33.8938104], [151.2844259, -33.8938263], [151.284505, -33.8938319], [151.2845486, -33.893802], [151.2845707, -33.8937751], [151.284564, -33.8937072], [151.2845082, -33.8936314], [151.2845337, -33.8935862], [151.2846082, -33.8935992], [151.2846261, -33.8935783], [151.2846431, -33.8935436], [151.2845948, -33.8935057], [151.2845857, -33.893458], [151.2846297, -33.8933899], [151.2846463, -33.8932958], [151.2846914, -33.8932341], [151.2847175, -33.8931819], [151.2847853, -33.8932085], [151.2848711, -33.8931206], [151.2848754, -33.893033], [151.2849784, -33.893037], [151.2850977, -33.8930994], [151.2852123, -33.8931085], [151.2852681, -33.893086], [151.2853378, -33.8930048], [151.2853302, -33.8929603], [151.2853298, -33.892919], [151.2852801, -33.8928778], [151.2852359, -33.89285], [151.2851594, -33.8928378], [151.2851449, -33.8928065], [151.2851487, -33.8927532], [151.2852797, -33.8926806], [151.2853579, -33.8926385], [151.285374, -33.8925939], [151.285374, -33.892555], [151.2852989, -33.8924426], [151.2853066, -33.8924066], [151.2853485, -33.8923535], [151.2854183, -33.8923223], [151.2855443, -33.8923235], [151.285593, -33.8922807], [151.2856221, -33.8922355], [151.2856361, -33.8921604], [151.2856324, -33.8920954], [151.2856664, -33.892063], [151.2857213, -33.8920626], [151.2857468, -33.8920763], [151.2857736, -33.8921212], [151.2858099, -33.8921442], [151.2858861, -33.8921269], [151.2859359, -33.8921298], [151.2860177, -33.8920986], [151.2861355, -33.8921545], [151.2861557, -33.8920727], [151.2861188, -33.891949], [151.2860001, -33.8919196], [151.285938, -33.8919367], [151.2859637, -33.8919061], [151.2859267, -33.8918146], [151.2858955, -33.8918109], [151.2858587, -33.8918412], [151.2857923, -33.8918583], [151.2857648, -33.8918193], [151.2857379, -33.8917627], [151.2857246, -33.8917299], [151.2857325, -33.8916692], [151.2857602, -33.8916233], [151.2857337, -33.8916029], [151.2857361, -33.8915512], [151.285705, -33.8914814]]}}, {"type": "Feature", "properties": {"kind": "park", "highway": null, "name": "Marks Park", "osm_id": 168966985}, "geometry": {"type": "Polygon", "coordinates": [[[151.275197, -33.8991002], [151.2752874, -33.8991314], [151.2754327, -33.8991217], [151.2756649, -33.8990965], [151.2757745, -33.8990416], [151.2758597, -33.8989683], [151.2759089, -33.8989006], [151.2759412, -33.8988035], [151.2759585, -33.8986961], [151.2759401, -33.8986289], [151.2758694, -33.8985491], [151.2758162, -33.8985105], [151.2756116, -33.8983623], [151.2753891, -33.8982143], [151.2752086, -33.8981124], [151.2749242, -33.8979792], [151.2748331, -33.897742], [151.2748175, -33.8977706], [151.2747262, -33.8977573], [151.2745655, -33.8977503], [151.2745133, -33.8978201], [151.2743559, -33.8987484], [151.274437, -33.8987698], [151.2745328, -33.8987762], [151.2746404, -33.8988969], [151.2747255, -33.8990528], [151.274881, -33.8991174], [151.2750516, -33.8991239], [151.275197, -33.8991002]]]}}, {"type": "Feature", "properties": {"kind": "coastline", "highway": null, "name": null, "osm_id": 168972314}, "geometry": {"type": "LineString", "coordinates": [[151.2687263, -33.9046607], [151.2686874, -33.9044446], [151.2686679, -33.9043366], [151.2685826, -33.9038933], [151.2687307, -33.9034238], [151.268843, -33.9031071], [151.269018, -33.9028277], [151.2692694, -33.9026303], [151.2693834, -33.9025524]]}}, {"type": "Feature", "properties": {"kind": "road", "highway": "footway", "name": null, "osm_id": 168972868}, "geometry": {"type": "LineString", "coordinates": [[151.2797856, -33.8902769], [151.2798688, -33.8902358], [151.2799944, -33.8901699], [151.2801166, -33.8900843], [151.2802356, -33.8900105], [151.2803578, -33.8899684], [151.2804609, -33.8899368]]}}, {"type": "Feature", "properties": {"kind": "road", "highway": "footway", "name": null, "osm_id": 168972869}, "geometry": {"type": "LineString", "coordinates": [[151.2778117, -33.8888293], [151.2778566, -33.8888393], [151.2782308, -33.8888811], [151.278325, -33.8888916]]}}, {"type": "Feature", "properties": {"kind": "road", "highway": "secondary", "name": null, "osm_id": 170985528}, "geometry": {"type": "LineString", "coordinates": [[151.2598037, -33.9028464], [151.2598348, -33.9028458], [151.2598647, -33.9028526], [151.2598911, -33.9028662], [151.2599116, -33.9028856], [151.2599246, -33.902909]]}}, {"type": "Feature", "properties": {"kind": "road", "highway": "secondary", "name": null, "osm_id": 170985535}, "geometry": {"type": "LineString", "coordinates": [[151.2627583, -33.8976954], [151.2627635, -33.8976804], [151.2627745, -33.8976676], [151.2627901, -33.8976588], [151.2628084, -33.8976549], [151.2628272, -33.8976564]]}}, {"type": "Feature", "properties": {"kind": "road", "highway": "secondary", "name": null, "osm_id": 170985542}, "geometry": {"type": "LineString", "coordinates": [[151.2566544, -33.9036738], [151.2566728, -33.9036622], [151.2566951, -33.9036572], [151.256718, -33.9036596], [151.2567382, -33.9036689], [151.2567526, -33.9036838], [151.2567592, -33.9037022]]}}, {"type": "Feature", "properties": {"kind": "road", "highway": "secondary", "name": null, "osm_id": 170985544}, "geometry": {"type": "LineString", "coordinates": [[151.2635681, -33.8978392], [151.2635775, -33.8978238], [151.2635924, -33.8978118], [151.2636113, -33.8978045], [151.263632, -33.8978027], [151.2636523, -33.8978067], [151.2636698, -33.897816], [151.2636828, -33.8978295], [151.2636896, -33.8978458], [151.2636896, -33.8978631]]}}, {"type": "Feature", "properties": {"kind": "road", "highway": "tertiary", "name": null, "osm_id": 171015273}, "geometry": {"type": "LineString", "coordinates": [[151.2640707, -33.8869654], [151.2640709, -33.8869432], [151.2640788, -33.8869219]]}}, {"type": "Feature", "properties": {"kind": "road", "highway": "residential", "name": null, "osm_id": 171015275}, "geometry": {"type": "LineString", "coordinates": [[151.2693214, -33.8905133], [151.2693404, -33.8905039], [151.2693619, -33.8904996], [151.2693839, -33.8905007], [151.2694046, -33.8905071], [151.2694222, -33.8905183], [151.2694351, -33.8905333], [151.2694421, -33.8905507], [151.2694428, -33.8905691], [151.2694387, -33.8905833], [151.2694308, -33.8905963], [151.2694196, -33.8906074], [151.2694055, -33.890616], [151.2693894, -33.8906216], [151.2693722, -33.8906241], [151.2693514, -33.8906225], [151.2693318, -33.8906161], [151.2693152, -33.8906055], [151.2693027, -33.8905914], [151.2692946, -33.890571], [151.2692952, -33.8905496], [151.2693045, -33.8905295], [151.2693214, -33.8905133]]}}, {"type": "Feature", "properties": {"kind": "road", "highway": "tertiary", "name": null, "osm_id": 171015276}, "geometry": {"type": "LineString", "coordinates": [[151.2645724, -33.8850871], [151.2646015, -33.8850837], [151.2646368, -33.8850912], [151.2646602, -33.8851058], [151.26468, -33.8851349], [151.2646814, -33.8851677]]}}, {"type": "Feature", "properties": {"kind": "road", "highway": "tertiary", "name": null, "osm_id": 171015278}, "geometry": {"type": "LineString", "coordinates": [[151.2656206, -33.8880352], [151.2656417, -33.8880259], [151.265661, -33.8880242], [151.2656799, -33.8880282], [151.2656944, -33.888036], [151.2657065, -33.8880487], [151.2657127, -33.8880656], [151.2657115, -33.8880817], [151.2657036, -33.8880965]]}}, {"type": "Feature", "properties": {"kind": "road", "highway": "tertiary", "name": null, "osm_id": 171452527}, "geometry": {"type": "LineString", "coordinates": [[151.2664458, -33.8885801], [151.2664669, -33.8885682], [151.2664904, -33.8885635], [151.2665143, -33.8885657], [151.2665394, -33.8885769], [151.2665549, -33.8885922], [151.2665633, -33.8886118], [151.266563, -33.8886318], [151.2665499, -33.8886561]]}}, {"type": "Feature", "properties": {"kind": "road", "highway": "residential", "name": null, "osm_id": 171452528}, "geometry": {"type": "LineString", "coordinates": [[151.2589387, -33.8826392], [151.2589805, -33.8826615], [151.2590046, -33.8826931], [151.2590113, -33.8827302], [151.2589996, -33.8827663], [151.2589713, -33.8827955], [151.2589314, -33.8828128], [151.2588864, -33.8828153], [151.258844, -33.8828026]]}}, {"type": "Feature", "properties": {"kind": "road", "highway": "residential", "name": null, "osm_id": 171452529}, "geometry": {"type": "LineString", "coordinates": [[151.2602485, -33.8822503], [151.2602513, -33.882236], [151.2602648, -33.8822189], [151.2602795, -33.8822111], [151.2603011, -33.8822079], [151.2603182, -33.8822111], [151.2603365, -33.882222], [151.2603476, -33.8822394], [151.2603489, -33.8822539], [151.2603457, -33.8822649], [151.2603366, -33.8822773], [151.2603249, -33.8822854], [151.2603086, -33.8822906], [151.2602896, -33.8822907], [151.2602732, -33.8822856], [151.2602607, -33.8822769], [151.2602518, -33.8822644], [151.2602485, -33.8822503]]}}, {"type": "Feature", "properties": {"kind": "road", "highway": "residential", "name": "Loombah Road", "osm_id": 172682687}, "geometry": {"type": "LineString", "coordinates": [[151.2795346, -33.8794636], [151.2795503, -33.8794952], [151.279556, -33.8795068], [151.2795643, -33.8795418], [151.279564, -33.8795804], [151.2795094, -33.8798542], [151.2795059, -33.8799368], [151.2795322, -33.8800266], [151.2795781, -33.8801057], [151.2796399, -33.8801797], [151.2796955, -33.8802374], [151.2797756, -33.8802722], [151.2798698, -33.880292], [151.2806417, -33.8804024], [151.2811154, -33.8804646], [151.2811515, -33.8804651], [151.2811805, -33.8804606], [151.2812088, -33.8804447], [151.2812271, -33.8804229], [151.2812345, -33.8803984], [151.2812462, -33.8803517], [151.2812649, -33.8803067], [151.2812935, -33.8802671], [151.2813345, -33.8802192]]}}, {"type": "Feature", "properties": {"kind": "road", "highway": "residential", "name": "Wentworth Street", "osm_id": 172682689}, "geometry": {"type": "LineString", "coordinates": [[151.2824052, -33.8811471], [151.2825188, -33.8811273], [151.2828459, -33.8811227], [151.2829475, -33.8811546], [151.2829864, -33.8811826], [151.2830008, -33.8811929], [151.283037, -33.8812358], [151.2830592, -33.8812876], [151.283192, -33.882035], [151.2832107, -33.8821011], [151.2832238, -33.8821344], [151.2832788, -33.8822332], [151.2833803, -33.8824084], [151.283405, -33.8824806], [151.2834134, -33.8825637], [151.2833908, -33.8829486], [151.2833884, -33.8829757], [151.2833735, -33.8830002], [151.2833494, -33.8830134], [151.2833214, -33.8830174], [151.283009, -33.8829801]]}}, {"type": "Feature", "properties": {"kind": "road", "highway": "tertiary", "name": "Mitchell Street", "osm_id": 172682697}, "geometry": {"type": "LineString", "coordinates": [[151.2766199, -33.8820734], [151.2766101, -33.8821319], [151.2765997, -33.8821873], [151.2765269, -33.8825733], [151.2762785, -33.883902], [151.2762638, -33.8839805], [151.2762476, -33.8840552], [151.2762354, -33.8841105]]}}, {"type": "Feature", "properties": {"kind": "road", "highway": "tertiary", "name": "Wairoa Avenue", "osm_id": 172682703}, "geometry": {"type": "LineString", "coordinates": [[151.2803597, -33.8859753], [151.2803306, -33.8860187], [151.2799436, -33.8864389], [151.2797084, -33.8866943], [151.2790704, -33.887377], [151.2789327, -33.8875264], [151.2784499, -33.8880519]]}}, {"type": "Feature", "properties": {"kind": "road", "highway": "residential", "name": "Read Street", "osm_id": 172812261}, "geometry": {"type": "LineString", "coordinates": [[151.2607364, -33.8992007], [151.2612545, -33.8992875], [151.2629319, -33.8995717], [151.2629634, -33.899577], [151.2630247, -33.8995874], [151.2630933, -33.8995993], [151.2631253, -33.8996048], [151.2651335, -33.8999522], [151.2651686, -33.8999583], [151.2652145, -33.8999654]]}}, {"type": "Feature", "properties": {"kind": "road", "highway": "residential", "name": "Avoca Street", "osm_id": 172812263}, "geometry": {"type": "LineString", "coordinates": [[151.2651436, -33.8941369], [151.2651162, -33.894195], [151.265111, -33.8942219], [151.2650738, -33.8944174], [151.2650711, -33.8944641], [151.2650872, -33.8945042]]}}, {"type": "Feature", "properties": {"kind": "road", "highway": "residential", "name": "Boonara Avenue", "osm_id": 172812265}, "geometry": {"type": "LineString", "coordinates": [[151.2673555, -33.8944782], [151.2673447, -33.8945372], [151.2673411, -33.894556], [151.2672818, -33.8948692], [151.2670085, -33.8963081], [151.2669996, -33.8963552]]}}, {"type": "Feature", "properties": {"kind": "road", "highway": "residential", "name": "Alfred Street", "osm_id": 172812268}, "geometry": {"type": "LineString", "coordinates": [[151.2655832, -33.898176], [151.2655693, -33.898248], [151.2653951, -33.8990955], [151.2653048, -33.8995199], [151.2652331, -33.8998798], [151.2652145, -33.8999654], [151.265131, -33.9003642], [151.2650682, -33.9006879], [151.2650526, -33.9007615]]}}, {"type": "Feature", "properties": {"kind": "road", "highway": "tertiary", "name": "Tamarama Street", "osm_id": 172812270}, "geometry": {"type": "LineString", "coordinates": [[151.26611, -33.8977795], [151.266337, -33.8966401], [151.266417, -33.8962684]]}}, {"type": "Feature", "properties": {"kind": "road", "highway": "residential", "name": "Gipps Street", "osm_id": 172972185}, "geometry": {"type": "LineString", "coordinates": [[151.2594517, -33.902937], [151.25831, -33.9027648], [151.2580103, -33.9027208], [151.2577417, -33.9026813], [151.2567006, -33.9025299], [151.2566554, -33.9025233]]}}, {"type": "Feature", "properties": {"kind": "road", "highway": "residential", "name": "O'Brien Street", "osm_id": 173238348}, "geometry": {"type": "LineString", "coordinates": [[151.2723915, -33.8892379], [151.2725837, -33.889248], [151.272612, -33.8892486], [151.2726401, -33.8892484], [151.2726676, -33.8892464], [151.2726931, -33.8892423], [151.2727132, -33.8892219], [151.2727914, -33.8891425]]}}, {"type": "Feature", "properties": {"kind": "road", "highway": "tertiary", "name": "Blair Street", "osm_id": 173238350}, "geometry": {"type": "LineString", "coordinates": [[151.2759101, -33.8855524], [151.2758398, -33.8855365], [151.2757394, -33.8855249], [151.275392, -33.8855059], [151.2753723, -33.8855048], [151.2753525, -33.8855037], [151.2748136, -33.8854743], [151.2742339, -33.8854426], [151.2740325, -33.8854316], [151.2738788, -33.8854232], [151.2738502, -33.8854223]]}}, {"type": "Feature", "properties": {"kind": "road", "highway": "residential", "name": "Cox Avenue", "osm_id": 173242116}, "geometry": {"type": "LineString", "coordinates": [[151.270464, -33.8894531], [151.2700202, -33.8899226], [151.2700034, -33.8899363], [151.2699825, -33.8899467], [151.2699587, -33.8899539], [151.2699302, -33.8899553], [151.2686789, -33.8898713], [151.2686456, -33.8898715], [151.2686123, -33.8898746], [151.2685801, -33.8898834], [151.2685505, -33.8898986], [151.2684975, -33.889937]]}}, {"type": "Feature", "properties": {"kind": "road", "highway": "footway", "name": "Eastern Beaches Coastal Walk", "osm_id": 173244588}, "geometry": {"type": "LineString", "coordinates": [[151.2761234, -33.8987555], [151.2760627, -33.8988708], [151.2760039, -33.8990004], [151.2759448, -33.899056], [151.2757758, -33.8991684], [151.2756885, -33.8992008], [151.2752383, -33.8992513], [151.2751318, -33.8992746], [151.2749975, -33.8992925], [151.2747379, -33.8992991], [151.2746442, -33.8992849], [151.2745858, -33.8992588], [151.2745594, -33.8992157], [151.2744747, -33.8991556], [151.2744113, -33.8991358], [151.2741969, -33.8991146], [151.2741348, -33.899126], [151.2739025, -33.8991682], [151.2737789, -33.8991472], [151.2736011, -33.8991278], [151.2734881, -33.8991292], [151.273332, -33.8991436], [151.2732887, -33.8991416], [151.2732068, -33.8991143], [151.273134, -33.8990825], [151.2727081, -33.8991142], [151.2725216, -33.8991477], [151.2724842, -33.899173], [151.2724113, -33.8992222], [151.2723229, -33.8992452], [151.2722241, -33.8992551], [151.2720892, -33.8993333], [151.2719685, -33.8993309], [151.2718209, -33.8993576], [151.2717377, -33.8993989], [151.2717075, -33.8994258], [151.2716866, -33.8994585]]}}, {"type": "Feature", "properties": {"kind": "road", "highway": "footway", "name": null, "osm_id": 173244589}, "geometry": {"type": "LineString", "coordinates": [[151.2740833, -33.8944507], [151.2739948, -33.8943728], [151.2739009, -33.8942659], [151.2737705, -33.8938213], [151.2737748, -33.8937116], [151.2737838, -33.8934666], [151.2737302, -33.8934609]]}}, {"type": "Feature", "properties": {"kind": "road", "highway": "footway", "name": "Eastern Beaches Coastal Walk", "osm_id": 173244592}, "geometry": {"type": "LineString", "coordinates": [[151.2824236, -33.8906061], [151.2824043, -33.8906282], [151.2824099, -33.8906608], [151.2824244, -33.8907567], [151.2824474, -33.8909072], [151.2824744, -33.8909581], [151.2824789, -33.8910893], [151.2824785, -33.8911989], [151.2824675, -33.8913265], [151.2824515, -33.8914255], [151.2824456, -33.8914621], [151.2824171, -33.8915178], [151.2824251, -33.8917008]]}}, {"type": "Feature", "properties": {"kind": "road", "highway": "footway", "name": null, "osm_id": 173244593}, "geometry": {"type": "LineString", "coordinates": [[151.2796546, -33.8903338], [151.2795128, -33.8903381], [151.2793792, -33.8903436]]}}, {"type": "Feature", "properties": {"kind": "road", "highway": "footway", "name": null, "osm_id": 173244594}, "geometry": {"type": "LineString", "coordinates": [[151.2757067, -33.8904021], [151.2761001, -33.8907089], [151.2764772, -33.8906664], [151.2765407, -33.8906562], [151.2764516, -33.8907497], [151.2762175, -33.8908345], [151.2760242, -33.8909304], [151.2760682, -33.891002], [151.2761179, -33.8910846], [151.2761251, -33.8910949], [151.2761626, -33.8911145], [151.2761845, -33.891146]]}}, {"type": "Feature", "properties": {"kind": "road", "highway": "footway", "name": "Eastern Beaches Coastal Walk", "osm_id": 173244596}, "geometry": {"type": "LineString", "coordinates": [[151.2748078, -33.8919582], [151.2748517, -33.8919267], [151.2748722, -33.8919136], [151.2751403, -33.8917215], [151.2754546, -33.891514], [151.2757885, -33.8913014], [151.2761626, -33.8911145], [151.276315, -33.8910375], [151.2764315, -33.8909802], [151.2767577, -33.8908245], [151.2769966, -33.8907208], [151.2770492, -33.8907017], [151.2772738, -33.8906204], [151.2775183, -33.8905538], [151.2775942, -33.8905331], [151.2779513, -33.8904514], [151.2781074, -33.8904205], [151.278168, -33.8904223], [151.2782775, -33.8904033], [151.2783259, -33.8903954], [151.2784144, -33.8903811], [151.2784889, -33.8903561], [151.2786767, -33.8903312], [151.2788991, -33.8903124], [151.2791949, -33.8902977], [151.279509, -33.8902871], [151.2796183, -33.8902822], [151.2797856, -33.8902769], [151.2808432, -33.8902447], [151.2809403, -33.8902439], [151.2811083, -33.890244], [151.2812218, -33.8902526], [151.281294, -33.8902581], [151.2815405, -33.8902993], [151.281681, -33.8903299], [151.2818271, -33.8903729], [151.2818693, -33.8903853], [151.2820055, -33.8904336], [151.2821639, -33.8905104], [151.2823022, -33.8905747], [151.2823622, -33.8905681], [151.2823998, -33.8905212]]}}, {"type": "Feature", "properties": {"kind": "road", "highway": "footway", "name": "Eastern Beaches Coastal Walk", "osm_id": 173244597}, "geometry": {"type": "LineString", "coordinates": [[151.2737302, -33.8934609], [151.273756, -33.8933242], [151.2738687, -33.8930703], [151.2740511, -33.8927497], [151.2740785, -33.8927186], [151.2742925, -33.8924759], [151.2745936, -33.8921636], [151.2748078, -33.8919582]]}}, {"type": "Feature", "properties": {"kind": "road", "highway": "footway", "name": null, "osm_id": 173244598}, "geometry": {"type": "LineString", "coordinates": [[151.2782689, -33.8903707], [151.278266, -33.8903598], [151.2782624, -33.8903461], [151.2782139, -33.8903053], [151.2781818, -33.8902783], [151.2781757, -33.8902539], [151.2781628, -33.8902017], [151.2784091, -33.890156], [151.2787114, -33.8901231], [151.2794962, -33.8900793], [151.2795676, -33.8900767], [151.2796005, -33.8900635], [151.2796294, -33.8900429], [151.2796445, -33.8900174], [151.2796492, -33.8899885], [151.2796425, -33.8899585], [151.2796162, -33.8899242], [151.2795885, -33.8899509], [151.2795425, -33.8899267]]}}, {"type": "Feature", "properties": {"kind": "road", "highway": "footway", "name": null, "osm_id": 173244599}, "geometry": {"type": "LineString", "coordinates": [[151.2809403, -33.8902439], [151.2809422, -33.8902885], [151.280776, -33.8902915]]}}, {"type": "Feature", "properties": {"kind": "road", "highway": "footway", "name": null, "osm_id": 173244601}, "geometry": {"type": "LineString", "coordinates": [[151.2783994, -33.8904238], [151.2782869, -33.8904413], [151.2781883, -33.8904566]]}}, {"type": "Feature", "properties": {"kind": "road", "highway": "footway", "name": null, "osm_id": 173244603}, "geometry": {"type": "LineString", "coordinates": [[151.2795128, -33.8903381], [151.279509, -33.8902871], [151.279501, -33.8901681], [151.2794962, -33.8900793]]}}, {"type": "Feature", "properties": {"kind": "road", "highway": "footway", "name": null, "osm_id": 173244604}, "geometry": {"type": "LineString", "coordinates": [[151.2822741, -33.8906258], [151.2823488, -33.8906646], [151.2824099, -33.8906608]]}}, {"type": "Feature", "properties": {"kind": "road", "highway": "footway", "name": null, "osm_id": 173244606}, "geometry": {"type": "LineString", "coordinates": [[151.2772873, -33.8906501], [151.2772738, -33.8906204], [151.2772589, -33.890588]]}}, {"type": "Feature", "properties": {"kind": "road", "highway": "footway", "name": null, "osm_id": 173244609}, "geometry": {"type": "LineString", "coordinates": [[151.2809422, -33.8902885], [151.2810638, -33.8902871]]}}, {"type": "Feature", "properties": {"kind": "road", "highway": "footway", "name": null, "osm_id": 173244610}, "geometry": {"type": "LineString", "coordinates": [[151.27349, -33.8922802], [151.2734774, -33.8922089], [151.2734684, -33.8921584]]}}, {"type": "Feature", "properties": {"kind": "road", "highway": "footway", "name": null, "osm_id": 173244611}, "geometry": {"type": "LineString", "coordinates": [[151.2750146, -33.8919], [151.2749905, -33.8919052], [151.274903, -33.8919699], [151.2747909, -33.8920703]]}}, {"type": "Feature", "properties": {"kind": "road", "highway": "footway", "name": null, "osm_id": 173244612}, "geometry": {"type": "LineString", "coordinates": [[151.274903, -33.8919699], [151.2748517, -33.8919267]]}}, {"type": "Feature", "properties": {"kind": "road", "highway": "footway", "name": null, "osm_id": 173244613}, "geometry": {"type": "LineString", "coordinates": [[151.276279, -33.8911242], [151.276264, -33.891104], [151.2761845, -33.891146], [151.2760795, -33.8912014]]}}, {"type": "Feature", "properties": {"kind": "road", "highway": "footway", "name": null, "osm_id": 173244795}, "geometry": {"type": "LineString", "coordinates": [[151.2743716, -33.8986407], [151.274271, -33.8986941], [151.2744058, -33.8987286], [151.2744103, -33.8987719]]}}, {"type": "Feature", "properties": {"kind": "road", "highway": "residential", "name": "Ashley Street", "osm_id": 173245286}, "geometry": {"type": "LineString", "coordinates": [[151.267328, -33.9002029], [151.2673259, -33.9001757], [151.2673239, -33.9001486], [151.2673249, -33.9000985], [151.2673764, -33.8998061], [151.2675867, -33.8988383], [151.2676082, -33.8987396]]}}, {"type": "Feature", "properties": {"kind": "road", "highway": "footway", "name": null, "osm_id": 173245287}, "geometry": {"type": "LineString", "coordinates": [[151.269065, -33.8995918], [151.2691002, -33.8995738], [151.2692446, -33.8996838], [151.2693475, -33.899836], [151.2694917, -33.9000491], [151.2695545, -33.9001015]]}}, {"type": "Feature", "properties": {"kind": "road", "highway": "residential", "name": "Wolaroi Crescent", "osm_id": 173245289}, "geometry": {"type": "LineString", "coordinates": [[151.2678556, -33.8988819], [151.2681645, -33.8989331], [151.2682407, -33.8989754], [151.2682951, -33.8990303], [151.2683326, -33.8991016], [151.268338, -33.8991795], [151.2681581, -33.9002361]]}}, {"type": "Feature", "properties": {"kind": "park", "highway": null, "name": "Tamarama Park", "osm_id": 173245290}, "geometry": {"type": "Polygon", "coordinates": [[[151.2674877, -33.8977992], [151.268346, -33.8979862], [151.2688602, -33.8979663], [151.2689389, -33.8979447], [151.2690712, -33.8979288], [151.2690847, -33.8979487], [151.269148, -33.8980418], [151.2691211, -33.8981243], [151.2690431, -33.8981568], [151.2689759, -33.8984289], [151.2692875, -33.8985589], [151.2691912, -33.8987923], [151.2691566, -33.8989157], [151.2690158, -33.898983], [151.2689548, -33.8990409], [151.2688916, -33.8991431], [151.2688403, -33.8992654], [151.2687961, -33.899375], [151.2687824, -33.8994227], [151.2687754, -33.8994883], [151.2687877, -33.8995551], [151.2688094, -33.8996107], [151.2688934, -33.8997342], [151.2690406, -33.8999247], [151.269227, -33.9000903], [151.2694163, -33.9002483], [151.2694919, -33.9003121], [151.2687456, -33.8999749], [151.2686441, -33.8999291], [151.2686338, -33.8999243], [151.268289, -33.8997636], [151.2684029, -33.8991008], [151.2684632, -33.8987457], [151.2681068, -33.8986815], [151.2678918, -33.8986445], [151.267723, -33.8986198], [151.267673, -33.8988326], [151.2676343, -33.8987733], [151.2676298, -33.8987678], [151.2675628, -33.8986853], [151.2675565, -33.8985889], [151.2669162, -33.8984864], [151.2667074, -33.8984548], [151.2667084, -33.8983974], [151.2666972, -33.8983393], [151.2666706, -33.8983013], [151.2666269, -33.8982741], [151.2666275, -33.8982696], [151.2668565, -33.8983025], [151.2669411, -33.8983199], [151.2673, -33.8983936], [151.2673268, -33.8982289], [151.2669003, -33.8981665], [151.2669475, -33.8978707], [151.2674877, -33.8977992]]]}}, {"type": "Feature", "properties": {"kind": "road", "highway": "residential", "name": "Dellview Street", "osm_id": 173245292}, "geometry": {"type": "LineString", "coordinates": [[151.2716114, -33.8984523], [151.2716269, -33.8984338], [151.2716333, -33.8984108], [151.2717197, -33.8979724], [151.2718122, -33.8975], [151.27183, -33.8974227]]}}, {"type": "Feature", "properties": {"kind": "road", "highway": "residential", "name": "Carlisle Street", "osm_id": 173245293}, "geometry": {"type": "LineString", "coordinates": [[151.2711737, -33.8984549], [151.2711979, -33.8984452], [151.2712249, -33.8984409], [151.2712938, -33.8984476], [151.2715356, -33.8984712], [151.2715767, -33.8984682], [151.2716114, -33.8984523]]}}, {"type": "Feature", "properties": {"kind": "road", "highway": "residential", "name": "Tamarama Marine Drive", "osm_id": 173257811}, "geometry": {"type": "LineString", "coordinates": [[151.2689867, -33.8991078], [151.2689672, -33.8991307], [151.268946, -33.8991592], [151.2689109, -33.8992183], [151.2688772, -33.8992964], [151.2688601, -33.8993456], [151.2688436, -33.8993927], [151.2688317, -33.8994407], [151.2688286, -33.8994752], [151.2688313, -33.8995096], [151.268838, -33.8995467], [151.2688511, -33.8995834], [151.268873, -33.8996222], [151.2688995, -33.8996588], [151.2689878, -33.8997708], [151.2690706, -33.8998763], [151.2691032, -33.899917], [151.2691393, -33.8999568], [151.2694168, -33.9001941], [151.2694621, -33.9002321], [151.2695085, -33.9002697], [151.2695554, -33.9003071], [151.2696045, -33.900343], [151.2697021, -33.9004126], [151.2698009, -33.9004823], [151.2698273, -33.9005009], [151.2698537, -33.9005206], [151.2698792, -33.9005409], [151.2699034, -33.9005623], [151.2699251, -33.9005855], [151.2699439, -33.9006111], [151.2699574, -33.9006355], [151.269968, -33.9006612], [151.2699801, -33.9007049], [151.2699854, -33.9007492], [151.2699996, -33.9010346], [151.2700021, -33.901096]]}}, {"type": "Feature", "properties": {"kind": "road", "highway": "residential", "name": "Thompson Street", "osm_id": 173257815}, "geometry": {"type": "LineString", "coordinates": [[151.2691302, -33.9006879], [151.2688488, -33.900561], [151.2681581, -33.9002361], [151.2679598, -33.9001435], [151.2678713, -33.9001145], [151.2678123, -33.9001101], [151.2677571, -33.9001147], [151.2676293, -33.9001539]]}}, {"type": "Feature", "properties": {"kind": "road", "highway": "residential", "name": "Darling Street", "osm_id": 173257819}, "geometry": {"type": "LineString", "coordinates": [[151.2664095, -33.9000767], [151.2664599, -33.9001236], [151.2676217, -33.9003218]]}}, {"type": "Feature", "properties": {"kind": "road", "highway": "residential", "name": "Thompson Street", "osm_id": 173257824}, "geometry": {"type": "LineString", "coordinates": [[151.2696709, -33.9009486], [151.2700021, -33.901096]]}}, {"type": "Feature", "properties": {"kind": "road", "highway": "residential", "name": "St Thomas Street", "osm_id": 173257830}, "geometry": {"type": "LineString", "coordinates": [[151.2642505, -33.9062444], [151.2643312, -33.9058915], [151.2644327, -33.9054469], [151.2644542, -33.9053852], [151.2644743, -33.9053261], [151.2646957, -33.9042606], [151.2647066, -33.9041956], [151.2647214, -33.9041531], [151.2647568, -33.9041201], [151.2647948, -33.904095], [151.2648553, -33.9040531], [151.2648843, -33.9040113], [151.2649077, -33.9039223], [151.2649684, -33.9035985]]}}, {"type": "Feature", "properties": {"kind": "park", "highway": null, "name": "Bronte Park", "osm_id": 173257834}, "geometry": {"type": "Polygon", "coordinates": [[[151.2679786, -33.9048764], [151.2677581, -33.9048067], [151.2667407, -33.9044168], [151.2664309, -33.9042931], [151.2662432, -33.9041595], [151.2659123, -33.903414], [151.2661037, -33.903101], [151.2652985, -33.9027464], [151.2651408, -33.9029953], [151.2648302, -33.9027992], [151.2645777, -33.9025623], [151.2642208, -33.9024767], [151.2638305, -33.9022071], [151.263508, -33.9022027], [151.2629392, -33.9023607], [151.2626491, -33.9012744], [151.2627704, -33.9012396], [151.2628208, -33.9010217], [151.263177, -33.9010728], [151.2632147, -33.9008843], [151.2646442, -33.9010879], [151.2647026, -33.9008148], [151.2653141, -33.9009029], [151.2655131, -33.9016419], [151.2655689, -33.9018491], [151.2662296, -33.902219], [151.2672812, -33.9023563], [151.2675011, -33.9023964], [151.2676594, -33.9024743], [151.2677801, -33.9025055], [151.2680617, -33.9025522], [151.2682119, -33.9025522], [151.2683997, -33.9025278], [151.2685847, -33.9024587], [151.2685864, -33.9024626], [151.2686519, -33.9026094], [151.2685542, -33.9026522], [151.2684083, -33.9026823], [151.2683304, -33.9027641], [151.2679527, -33.9032323], [151.2679165, -33.9035467], [151.2679172, -33.9036997], [151.2679405, -33.9038527], [151.2679952, -33.9040514], [151.2680802, -33.9042391], [151.2682055, -33.9044446], [151.268369, -33.9046008], [151.2685674, -33.9047791], [151.2687779, -33.9049432], [151.2689227, -33.9049654], [151.2689442, -33.9050789], [151.2689864, -33.9051026], [151.2690472, -33.9051178], [151.2690944, -33.9051925], [151.269148, -33.9051992], [151.2692338, -33.9053884], [151.2693438, -33.9055064], [151.2688181, -33.9052904], [151.2685311, -33.9052014], [151.2682173, -33.9050277], [151.2679786, -33.9048764]]]}}, {"type": "Feature", "properties": {"kind": "park", "highway": null, "name": "Tamarama Park", "osm_id": 173257844}, "geometry": {"type": "Polygon", "coordinates": [[[151.2689695, -33.8996089], [151.2689254, -33.8995232], [151.2689145, -33.8994447], [151.2689368, -33.8993786], [151.269021, -33.899222], [151.2690996, -33.8991542], [151.2690851, -33.8991394], [151.2691298, -33.8991192], [151.2691767, -33.8991079], [151.2692196, -33.8991075], [151.2692609, -33.8991154], [151.2693528, -33.8991546], [151.2694676, -33.899274], [151.2695993, -33.8994254], [151.2697052, -33.8995067], [151.2697845, -33.899556], [151.2699337, -33.8996154], [151.2702316, -33.8997004], [151.2703951, -33.8997263], [151.2704297, -33.8997479], [151.2706115, -33.8997684], [151.2707693, -33.8997799], [151.2708452, -33.8997608], [151.270929, -33.899716], [151.2709102, -33.8999164], [151.2711436, -33.8999498], [151.2711382, -33.900021], [151.2711033, -33.9001613], [151.2710497, -33.900159], [151.27098, -33.9000945], [151.2708029, -33.9000923], [151.2708009, -33.900059], [151.2706259, -33.8999743], [151.2705749, -33.8998585], [151.2702382, -33.8997942], [151.2701503, -33.8997896], [151.2700614, -33.8997958], [151.2699213, -33.8998394], [151.2698173, -33.8998932], [151.269721, -33.8999575], [151.2696228, -33.90005], [151.2695819, -33.9000994], [151.2695718, -33.9001501], [151.2695852, -33.9001791], [151.2695439, -33.9001879], [151.2695021, -33.9001969], [151.2692687, -33.8999988], [151.2691605, -33.8998632], [151.269089, -33.8997717], [151.2689695, -33.8996089]]]}}, {"type": "Feature", "properties": {"kind": "road", "highway": "residential", "name": "Harlowe Place", "osm_id": 173257857}, "geometry": {"type": "LineString", "coordinates": [[151.2679415, -33.9007767], [151.2678673, -33.9007509], [151.2675966, -33.9007127], [151.2675387, -33.9007045]]}}, {"type": "Feature", "properties": {"kind": "road", "highway": "residential", "name": "Andrew Street", "osm_id": 173257860}, "geometry": {"type": "LineString", "coordinates": [[151.2674773, -33.9010006], [151.2675387, -33.9007045], [151.2676217, -33.9003218], [151.2676406, -33.9002141], [151.2676375, -33.9001849], [151.2676293, -33.9001539]]}}, {"type": "Feature", "properties": {"kind": "park", "highway": null, "name": "Hewlett St Reserve", "osm_id": 173257861}, "geometry": {"type": "Polygon", "coordinates": [[[151.2664497, -33.90129], [151.2663827, -33.9012165], [151.2663173, -33.9010809], [151.2663183, -33.9010028], [151.2664568, -33.9010208], [151.2664733, -33.9009043], [151.2665867, -33.9009187], [151.2665248, -33.9012165], [151.2664497, -33.90129]]]}}, {"type": "Feature", "properties": {"kind": "road", "highway": "secondary", "name": "Bronte Road", "osm_id": 173257862}, "geometry": {"type": "LineString", "coordinates": [[151.2673019, -33.9048067], [151.2674301, -33.9048579], [151.2675409, -33.9049002], [151.2678039, -33.9050036], [151.2678483, -33.9050233], [151.2678868, -33.9050495], [151.2683691, -33.9054225], [151.2684578, -33.9054884], [151.2687155, -33.9056893], [151.2687744, -33.9057353], [151.2688223, -33.9057836], [151.2688529, -33.905839], [151.2689977, -33.90637], [151.2690042, -33.9064047], [151.2690022, -33.9064387], [151.2689893, -33.9064695], [151.2689618, -33.9064949]]}}, {"type": "Feature", "properties": {"kind": "road", "highway": "residential", "name": "Nelson Avenue", "osm_id": 173257869}, "geometry": {"type": "LineString", "coordinates": [[151.2663007, -33.9044075], [151.2662231, -33.9045148], [151.2660761, -33.9052021]]}}, {"type": "Feature", "properties": {"kind": "road", "highway": "tertiary", "name": "Henrietta Street", "osm_id": 173532623}, "geometry": {"type": "LineString", "coordinates": [[151.2578125, -33.8971058], [151.2577009, -33.8976224], [151.2576718, -33.8977571], [151.2576342, -33.8978328], [151.2575916, -33.8980718], [151.2574707, -33.8986331], [151.2570696, -33.9005608]]}}, {"type": "Feature", "properties": {"kind": "road", "highway": "residential", "name": "Campbell Street", "osm_id": 173532626}, "geometry": {"type": "LineString", "coordinates": [[151.2552336, -33.8989084], [151.2554063, -33.8988808], [151.2556826, -33.8988363], [151.2557148, -33.8988073], [151.2557396, -33.8987522], [151.2558576, -33.8982446], [151.2559273, -33.8978884]]}}, {"type": "Feature", "properties": {"kind": "road", "highway": "residential", "name": "Zarita Avenue", "osm_id": 173532627}, "geometry": {"type": "LineString", "coordinates": [[151.254003, -33.8984608], [151.2540997, -33.8984754], [151.2544482, -33.8985279], [151.2544859, -33.8985179], [151.2545929, -33.8984679], [151.2546286, -33.8984646], [151.2551549, -33.8985513], [151.2552427, -33.898607], [151.2552702, -33.8986609], [151.2552336, -33.8989084]]}}, {"type": "Feature", "properties": {"kind": "road", "highway": "residential", "name": "Paul Street", "osm_id": 173532633}, "geometry": {"type": "LineString", "coordinates": [[151.256372, -33.8927265], [151.256454, -33.8923916], [151.2565644, -33.8918892]]}}, {"type": "Feature", "properties": {"kind": "road", "highway": "primary", "name": "Old South Head Road", "osm_id": 173532634}, "geometry": {"type": "LineString", "coordinates": [[151.2622775, -33.8879524], [151.2624149, -33.8879336], [151.2625393, -33.8879239], [151.2626603, -33.8879198], [151.2627734, -33.8879264], [151.2628434, -33.8879349], [151.2630739, -33.88797], [151.2635682, -33.8880434], [151.2637336, -33.8880602], [151.2638153, -33.8880637], [151.2638876, -33.8880614], [151.2640068, -33.8880445], [151.2640702, -33.8880302], [151.2641355, -33.8880117], [151.2642161, -33.8879841], [151.2642833, -33.8879546], [151.2644107, -33.8878881], [151.2645362, -33.8878192], [151.2647771, -33.8876772], [151.2648998, -33.8876298], [151.2649639, -33.8876051]]}}, {"type": "Feature", "properties": {"kind": "road", "highway": "residential", "name": "James Street", "osm_id": 173532640}, "geometry": {"type": "LineString", "coordinates": [[151.2547052, -33.895667], [151.255233, -33.8957464], [151.2557841, -33.8958183], [151.2558756, -33.8958302], [151.2561433, -33.8958691], [151.2561703, -33.8958738], [151.2561847, -33.8958844]]}}, {"type": "Feature", "properties": {"kind": "road", "highway": "residential", "name": "Waverley Crescent", "osm_id": 173795816}, "geometry": {"type": "LineString", "coordinates": [[151.2561018, -33.8907481], [151.255704, -33.891003], [151.255619, -33.8910657], [151.2555444, -33.8911382], [151.2554677, -33.8912439], [151.25543, -33.891318], [151.2553825, -33.8914476], [151.2553222, -33.8915629], [151.2552392, -33.8916894], [151.2551554, -33.8917842], [151.2550568, -33.8918721], [151.2549216, -33.8919699], [151.2548278, -33.892023], [151.2546346, -33.8921147], [151.2545612, -33.8921261], [151.2545278, -33.8921338], [151.2544884, -33.892143], [151.2544253, -33.8921566], [151.2543809, -33.8921661], [151.2542309, -33.8921872], [151.2541111, -33.8921917], [151.2539919, -33.8921793], [151.2538144, -33.892137], [151.2537222, -33.8921019], [151.2536521, -33.8920621], [151.2535497, -33.8919993], [151.2534888, -33.8919481], [151.2534136, -33.8918832], [151.2533912, -33.8918536], [151.2533844, -33.8918111], [151.2533615, -33.8915005], [151.2533539, -33.8913791]]}}, {"type": "Feature", "properties": {"kind": "road", "highway": "residential", "name": "Gowrie Avenue", "osm_id": 173795824}, "geometry": {"type": "LineString", "coordinates": [[151.2565817, -33.8918103], [151.2565544, -33.8918062], [151.2555563, -33.8916567], [151.2554738, -33.8916352], [151.2553944, -33.8915989], [151.2553222, -33.8915629]]}}, {"type": "Feature", "properties": {"kind": "road", "highway": "residential", "name": "Wiley Street", "osm_id": 173795826}, "geometry": {"type": "LineString", "coordinates": [[151.2568402, -33.8979846], [151.2568165, -33.8980979], [151.2563161, -33.9005252], [151.2563018, -33.9005945]]}}, {"type": "Feature", "properties": {"kind": "road", "highway": "residential", "name": "Fletcher Street", "osm_id": 173795870}, "geometry": {"type": "LineString", "coordinates": [[151.2556868, -33.8885548], [151.2551953, -33.8885507], [151.2546877, -33.8885595], [151.2546446, -33.8885613], [151.2541978, -33.8885669], [151.2538555, -33.8885739], [151.2537564, -33.8885759], [151.2536746, -33.8885776], [151.2530386, -33.8885901], [151.252811, -33.8885645], [151.2525851, -33.8885373], [151.2523666, -33.8885323], [151.251635, -33.888531], [151.251094, -33.8885396], [151.24843, -33.8885601]]}}, {"type": "Feature", "properties": {"kind": "road", "highway": "residential", "name": "Palmerston Avenue", "osm_id": 173795877}, "geometry": {"type": "LineString", "coordinates": [[151.258558, -33.9003317], [151.2595883, -33.9005039], [151.2597336, -33.9005291], [151.2603804, -33.9006473], [151.2604241, -33.9006553], [151.2604662, -33.9006615], [151.2610932, -33.9007537], [151.2624977, -33.9009604]]}}, {"type": "Feature", "properties": {"kind": "road", "highway": "residential", "name": "Kendall Street", "osm_id": 173795880}, "geometry": {"type": "LineString", "coordinates": [[151.2556355, -33.888952], [151.2556612, -33.8887771], [151.2556868, -33.8885548], [151.2557143, -33.8883231], [151.2557655, -33.8880435]]}}, {"type": "Feature", "properties": {"kind": "road", "highway": "residential", "name": "Langlee Avenue", "osm_id": 173795890}, "geometry": {"type": "LineString", "coordinates": [[151.259337, -33.8971379], [151.2593186, -33.8972194], [151.2590243, -33.8985227], [151.2589774, -33.8985858], [151.2589409, -33.8986167], [151.2588009, -33.898677], [151.2585529, -33.898782], [151.2584838, -33.8987842], [151.2583494, -33.8987697], [151.2574707, -33.8986331]]}}, {"type": "Feature", "properties": {"kind": "road", "highway": "residential", "name": "Gibson Street", "osm_id": 173802520}, "geometry": {"type": "LineString", "coordinates": [[151.2577537, -33.9018654], [151.2568524, -33.9017219], [151.2568195, -33.9017167]]}}, {"type": "Feature", "properties": {"kind": "road", "highway": "residential", "name": "Carter Street", "osm_id": 173802526}, "geometry": {"type": "LineString", "coordinates": [[151.2596906, -33.9009998], [151.2594656, -33.9021167]]}}, {"type": "Feature", "properties": {"kind": "road", "highway": "residential", "name": "O'Dowd Street", "osm_id": 173802544}, "geometry": {"type": "LineString", "coordinates": [[151.2561724, -33.8990985], [151.2561566, -33.8991706], [151.255933, -33.9001879], [151.2558776, -33.9004617], [151.2558638, -33.9005302]]}}, {"type": "Feature", "properties": {"kind": "road", "highway": "residential", "name": "Evans Street", "osm_id": 173802565}, "geometry": {"type": "LineString", "coordinates": [[151.2614176, -33.9031041], [151.2611985, -33.904167], [151.2611043, -33.9046245], [151.2610563, -33.9048571], [151.2610074, -33.9050944], [151.2608993, -33.9056189]]}}, {"type": "Feature", "properties": {"kind": "road", "highway": "residential", "name": "Dickson Street", "osm_id": 173802572}, "geometry": {"type": "LineString", "coordinates": [[151.2604241, -33.9006553], [151.2603557, -33.901014], [151.2602362, -33.9015942]]}}, {"type": "Feature", "properties": {"kind": "road", "highway": "residential", "name": "Brae Street", "osm_id": 173802577}, "geometry": {"type": "LineString", "coordinates": [[151.2611043, -33.9046245], [151.2604884, -33.9045273], [151.2602857, -33.9045244], [151.2597639, -33.9044542], [151.2589434, -33.9043409]]}}, {"type": "Feature", "properties": {"kind": "road", "highway": "residential", "name": "Lugar Street", "osm_id": 173802600}, "geometry": {"type": "LineString", "coordinates": [[151.2586883, -33.9055446], [151.2586993, -33.9054839], [151.2589434, -33.9043409], [151.2590077, -33.9040397], [151.2589807, -33.9037616], [151.2589184, -33.9036581], [151.2588991, -33.9036261], [151.2588754, -33.9035746]]}}, {"type": "Feature", "properties": {"kind": "road", "highway": "residential", "name": "Yanko Avenue", "osm_id": 173808271}, "geometry": {"type": "LineString", "coordinates": [[151.2611985, -33.904167], [151.2616712, -33.9042429], [151.2617695, -33.9042515], [151.261837, -33.9042412], [151.262294, -33.904093], [151.2623552, -33.9040932], [151.2629461, -33.9041776], [151.2630264, -33.9041967], [151.2630867, -33.9042251], [151.2632298, -33.9043414], [151.2632572, -33.9043712], [151.2632784, -33.9043998], [151.263288, -33.904435], [151.2631345, -33.9051858], [151.2630303, -33.905684]]}}, {"type": "Feature", "properties": {"kind": "road", "highway": "residential", "name": "Violet Street", "osm_id": 173808284}, "geometry": {"type": "LineString", "coordinates": [[151.2610563, -33.9048571], [151.2626956, -33.9050833]]}}, {"type": "Feature", "properties": {"kind": "road", "highway": "residential", "name": "Andrews Avenue", "osm_id": 173808286}, "geometry": {"type": "LineString", "coordinates": [[151.2704628, -33.8960863], [151.2697006, -33.8959778], [151.2696317, -33.895968]]}}, {"type": "Feature", "properties": {"kind": "road", "highway": "residential", "name": "Rowland Avenue", "osm_id": 173808292}, "geometry": {"type": "LineString", "coordinates": [[151.2719678, -33.8963242], [151.2718554, -33.8968871], [151.2718071, -33.8970209], [151.2717512, -33.8971519], [151.2716659, -33.8973235], [151.2716314, -33.8973928]]}}, {"type": "Feature", "properties": {"kind": "road", "highway": "residential", "name": "Glen Street", "osm_id": 173808297}, "geometry": {"type": "LineString", "coordinates": [[151.2698407, -33.8948523], [151.2698304, -33.8949071], [151.2698266, -33.8949271], [151.2697512, -33.8953222], [151.2696317, -33.895968], [151.2695227, -33.8965496], [151.2694983, -33.89668], [151.2694804, -33.8967245], [151.2694425, -33.896759], [151.2694299, -33.8967671], [151.2693853, -33.8967958]]}}, {"type": "Feature", "properties": {"kind": "road", "highway": "tertiary", "name": "Illawong Avenue", "osm_id": 173808299}, "geometry": {"type": "LineString", "coordinates": [[151.2685126, -33.896262], [151.2684677, -33.8962977], [151.2684352, -33.8963236], [151.2683906, -33.8963591], [151.2682987, -33.8964321], [151.2682391, -33.8964795], [151.2682184, -33.8964906]]}}, {"type": "Feature", "properties": {"kind": "road", "highway": "residential", "name": "Francis Street", "osm_id": 173809546}, "geometry": {"type": "LineString", "coordinates": [[151.2642854, -33.8889739], [151.2637044, -33.8885616], [151.263337, -33.8883149], [151.2631775, -33.8882078]]}}, {"type": "Feature", "properties": {"kind": "road", "highway": "residential", "name": "Henderson Street", "osm_id": 173809547}, "geometry": {"type": "LineString", "coordinates": [[151.2648912, -33.8931225], [151.2653468, -33.8931989]]}}, {"type": "Feature", "properties": {"kind": "road", "highway": "residential", "name": "Moore Street", "osm_id": 173809548}, "geometry": {"type": "LineString", "coordinates": [[151.2648912, -33.8931225], [151.2653704, -33.8908607], [151.2653889, -33.8907731]]}}, {"type": "Feature", "properties": {"kind": "road", "highway": "residential", "name": "Ocean Street North", "osm_id": 173809549}, "geometry": {"type": "LineString", "coordinates": [[151.2631695, -33.8901372], [151.2630481, -33.8907375], [151.2629961, -33.8910219], [151.2629542, -33.8912296], [151.2628957, -33.8916002], [151.2628557, -33.8917799], [151.2627856, -33.8920953], [151.2627472, -33.8922871], [151.2627143, -33.8924223], [151.2626037, -33.8928025], [151.2625822, -33.8928997], [151.2625198, -33.893282]]}}, {"type": "Feature", "properties": {"kind": "road", "highway": "residential", "name": "Denham Street", "osm_id": 173810371}, "geometry": {"type": "LineString", "coordinates": [[151.269662, -33.8930894], [151.2695209, -33.8930952], [151.2691214, -33.8931289], [151.2690798, -33.8931332], [151.2690444, -33.8931368]]}}, {"type": "Feature", "properties": {"kind": "road", "highway": "residential", "name": "Buller Street", "osm_id": 173810376}, "geometry": {"type": "LineString", "coordinates": [[151.258496, -33.8855421], [151.2583319, -33.8860024], [151.2581393, -33.8863496], [151.2580918, -33.8864353]]}}, {"type": "Feature", "properties": {"kind": "road", "highway": "residential", "name": "Rickard Avenue", "osm_id": 173810379}, "geometry": {"type": "LineString", "coordinates": [[151.268421, -33.890017], [151.2681059, -33.890353], [151.267936, -33.8905304], [151.2679067, -33.8905475], [151.2678712, -33.8905575]]}}, {"type": "Feature", "properties": {"kind": "road", "highway": "residential", "name": "Glasgow Avenue", "osm_id": 173829514}, "geometry": {"type": "LineString", "coordinates": [[151.2760178, -33.8881032], [151.2740609, -33.8868131], [151.2732393, -33.8862554], [151.2731793, -33.8862158], [151.2731513, -33.8861972], [151.2731241, -33.8861793], [151.2730905, -33.8861571]]}}, {"type": "Feature", "properties": {"kind": "road", "highway": "residential", "name": "Bay Street", "osm_id": 173829515}, "geometry": {"type": "LineString", "coordinates": [[151.2849817, -33.8920051], [151.2849563, -33.892019], [151.2849187, -33.892029], [151.2845098, -33.8920596], [151.2840301, -33.8920958], [151.2839792, -33.8920996]]}}, {"type": "Feature", "properties": {"kind": "road", "highway": "residential", "name": "Hastings Parade", "osm_id": 173829516}, "geometry": {"type": "LineString", "coordinates": [[151.2847363, -33.8898169], [151.2847556, -33.8898539], [151.2847705, -33.8899397], [151.284782, -33.8900312], [151.2850146, -33.8919416], [151.2850025, -33.8919806], [151.2849817, -33.8920051]]}}, {"type": "Feature", "properties": {"kind": "road", "highway": "residential", "name": "Brighton Boulevard", "osm_id": 173829520}, "geometry": {"type": "LineString", "coordinates": [[151.2839792, -33.8920996], [151.2838329, -33.890876], [151.2837832, -33.8904668], [151.2837536, -33.8903499]]}}, {"type": "Feature", "properties": {"kind": "road", "highway": "tertiary", "name": "Wellington Street", "osm_id": 173831993}, "geometry": {"type": "LineString", "coordinates": [[151.2693445, -33.8856293], [151.2693607, -33.885612], [151.2693943, -33.8855759], [151.2695038, -33.8854616], [151.2695125, -33.8854525], [151.2696777, -33.8852729], [151.2697159, -33.8852313], [151.2697396, -33.8852055]]}}, {"type": "Feature", "properties": {"kind": "road", "highway": "residential", "name": "Bellevue Park Road", "osm_id": 173831996}, "geometry": {"type": "LineString", "coordinates": [[151.2587469, -33.8877708], [151.2588821, -33.8877704], [151.2589273, -33.8877704], [151.2590169, -33.8877501], [151.2593972, -33.8875892], [151.2599285, -33.8873907]]}}, {"type": "Feature", "properties": {"kind": "road", "highway": "secondary", "name": "Curlewis Street", "osm_id": 173831999}, "geometry": {"type": "LineString", "coordinates": [[151.2692443, -33.8856784], [151.2692077, -33.8856522], [151.2691547, -33.88561], [151.2691024, -33.8855684], [151.2687958, -33.8853582]]}}, {"type": "Feature", "properties": {"kind": "road", "highway": "residential", "name": "Stephen Street", "osm_id": 173855744}, "geometry": {"type": "LineString", "coordinates": [[151.262109, -33.8956464], [151.2620097, -33.89563], [151.2609268, -33.8954515]]}}, {"type": "Feature", "properties": {"kind": "road", "highway": "residential", "name": "Grove Street", "osm_id": 173855746}, "geometry": {"type": "LineString", "coordinates": [[151.2642762, -33.8955761], [151.2633895, -33.8954617], [151.2632939, -33.8954494]]}}, {"type": "Feature", "properties": {"kind": "road", "highway": "residential", "name": "King Street", "osm_id": 173855751}, "geometry": {"type": "LineString", "coordinates": [[151.2622964, -33.8947161], [151.2622026, -33.8947085], [151.2608165, -33.8945965], [151.2606803, -33.8945819], [151.2606303, -33.8945765], [151.2605833, -33.8945699]]}}, {"type": "Feature", "properties": {"kind": "road", "highway": "residential", "name": "Rose Street", "osm_id": 174186077}, "geometry": {"type": "LineString", "coordinates": [[151.2595511, -33.9048765], [151.2610074, -33.9050944]]}}, {"type": "Feature", "properties": {"kind": "road", "highway": "footway", "name": null, "osm_id": 175817979}, "geometry": {"type": "LineString", "coordinates": [[151.2761001, -33.8907089], [151.2759213, -33.8907279], [151.2751567, -33.8908293]]}}, {"type": "Feature", "properties": {"kind": "road", "highway": "tertiary", "name": "Blair Street", "osm_id": 176434299}, "geometry": {"type": "LineString", "coordinates": [[151.2734975, -33.8854254], [151.2734032, -33.8853995], [151.2733228, -33.8853894], [151.2729617, -33.8853711], [151.2726643, -33.8853549], [151.2723225, -33.8853451], [151.2721129, -33.8853311], [151.2716806, -33.8853048], [151.2716204, -33.8853015], [151.2715765, -33.8852991]]}}, {"type": "Feature", "properties": {"kind": "park", "highway": null, "name": "Dickson Park", "osm_id": 177386303}, "geometry": {"type": "Polygon", "coordinates": [[[151.2635906, -33.8913322], [151.2644446, -33.8914711], [151.2645538, -33.8914402], [151.264582, -33.8912445], [151.2646869, -33.8906724], [151.2647046, -33.8906125], [151.2647273, -33.8905551], [151.2647738, -33.8904637], [151.2646551, -33.890372], [151.2643706, -33.8901943], [151.2642432, -33.8901398], [151.2640914, -33.8901418], [151.2640352, -33.8901539], [151.2638448, -33.8901458], [151.2635958, -33.8913081], [151.2635945, -33.8913141], [151.2635906, -33.8913322]]]}}, {"type": "Feature", "properties": {"kind": "road", "highway": "residential", "name": "St Marys Avenue", "osm_id": 177388439}, "geometry": {"type": "LineString", "coordinates": [[151.2570297, -33.8963477], [151.2569426, -33.8967447], [151.2569359, -33.8967755], [151.2569275, -33.8968181]]}}, {"type": "Feature", "properties": {"kind": "park", "highway": null, "name": "Waverley Park", "osm_id": 177388447}, "geometry": {"type": "Polygon", "coordinates": [[[151.2578461, -33.8968505], [151.2588571, -33.8969758], [151.2590976, -33.8958416], [151.2596469, -33.8934549], [151.2595641, -33.8933957], [151.2585486, -33.8932752], [151.2580489, -33.8932113], [151.2579398, -33.8931973], [151.2569415, -33.8930704], [151.2567736, -33.8931383], [151.2567233, -33.8934851], [151.2566833, -33.8935605], [151.2566408, -33.8936405], [151.256266, -33.8934953], [151.2559953, -33.8947829], [151.2559765, -33.894865], [151.2560171, -33.8948705], [151.2560305, -33.8948739], [151.2560447, -33.894881], [151.2560536, -33.8948927], [151.2560544, -33.8949061], [151.2558808, -33.8957611], [151.2558703, -33.8957755], [151.2558616, -33.8957796], [151.2562637, -33.8958336], [151.2562578, -33.8958898], [151.2562496, -33.8959292], [151.2571484, -33.8960537], [151.2570996, -33.8962845], [151.2571958, -33.8963004], [151.2570924, -33.8967564], [151.2578461, -33.8968505]]]}}, {"type": "Feature", "properties": {"kind": "road", "highway": "residential", "name": "Watkins Street", "osm_id": 189043202}, "geometry": {"type": "LineString", "coordinates": [[151.2604299, -33.8903183], [151.2602791, -33.8903194], [151.2600987, -33.8902977], [151.259854, -33.8902264], [151.2597418, -33.8901987], [151.2596255, -33.890178], [151.2593975, -33.8901578], [151.2593715, -33.8901555], [151.2593063, -33.8901467]]}}, {"type": "Feature", "properties": {"kind": "road", "highway": "footway", "name": null, "osm_id": 212386966}, "geometry": {"type": "LineString", "coordinates": [[151.2754868, -33.8902326], [151.2756288, -33.8903408]]}}, {"type": "Feature", "properties": {"kind": "road", "highway": "primary", "name": "Campbell Parade", "osm_id": 225731880}, "geometry": {"type": "LineString", "coordinates": [[151.2757127, -33.8898811], [151.275594, -33.8899878], [151.2754741, -33.8900961], [151.2749727, -33.8905493], [151.2749214, -33.8905962], [151.2744005, -33.8910725]]}}, {"type": "Feature", "properties": {"kind": "road", "highway": "tertiary", "name": "Campbell Parade", "osm_id": 225731881}, "geometry": {"type": "LineString", "coordinates": [[151.2756201, -33.8898209], [151.2756505, -33.8897936], [151.2757006, -33.8897486], [151.2761624, -33.8893107], [151.2763324, -33.8891705], [151.2763578, -33.889149], [151.2764609, -33.8890742]]}}, {"type": "Feature", "properties": {"kind": "road", "highway": "secondary", "name": "Curlewis Street", "osm_id": 225731882}, "geometry": {"type": "LineString", "coordinates": [[151.2751261, -33.889503], [151.2748697, -33.8893328], [151.2747943, -33.8892832], [151.2741151, -33.8888385], [151.2737491, -33.8886037], [151.2729918, -33.888107], [151.2729045, -33.8880495], [151.2728571, -33.8880183], [151.272104, -33.8875157]]}}, {"type": "Feature", "properties": {"kind": "road", "highway": "tertiary", "name": "Denham Street", "osm_id": 227922368}, "geometry": {"type": "LineString", "coordinates": [[151.2683392, -33.8960911], [151.2683241, -33.8960627], [151.2683134, -33.8960136], [151.2683094, -33.8959704], [151.2683107, -33.8959272], [151.2684698, -33.8950466]]}}, {"type": "Feature", "properties": {"kind": "road", "highway": "residential", "name": "Birrell Street", "osm_id": 227925610}, "geometry": {"type": "LineString", "coordinates": [[151.2660123, -33.898248], [151.2664005, -33.8983131], [151.2665433, -33.8983385]]}}, {"type": "Feature", "properties": {"kind": "road", "highway": "secondary", "name": "Birrell Street", "osm_id": 227925611}, "geometry": {"type": "LineString", "coordinates": [[151.2589665, -33.8970872], [151.259337, -33.8971379], [151.2599325, -33.8972172], [151.2600302, -33.8972328], [151.260123, -33.8972457], [151.2601592, -33.8972507], [151.2605714, -33.8973196], [151.2611325, -33.8974211]]}}, {"type": "Feature", "properties": {"kind": "road", "highway": "tertiary", "name": "Flood Street", "osm_id": 227925614}, "geometry": {"type": "LineString", "coordinates": [[151.2593556, -33.8899157], [151.2594445, -33.8894936]]}}, {"type": "Feature", "properties": {"kind": "road", "highway": "residential", "name": "Illawong Avenue", "osm_id": 227925615}, "geometry": {"type": "LineString", "coordinates": [[151.2681042, -33.8965254], [151.268093, -33.8965558], [151.2680864, -33.8965716], [151.268067, -33.8966181], [151.267972, -33.8968164], [151.2679447, -33.8968518], [151.2672305, -33.8973297]]}}, {"type": "Feature", "properties": {"kind": "road", "highway": "residential", "name": "Martins Avenue", "osm_id": 227925616}, "geometry": {"type": "LineString", "coordinates": [[151.2636018, -33.8900714], [151.2632863, -33.8900245], [151.2631967, -33.8900107], [151.263159, -33.8900049], [151.2631174, -33.8899985], [151.2624837, -33.8899011], [151.2619058, -33.8898193], [151.2618975, -33.8898181], [151.2618963, -33.8898179], [151.2618781, -33.8898154], [151.2618581, -33.8898125], [151.261845, -33.8898107], [151.2618062, -33.8898052]]}}, {"type": "Feature", "properties": {"kind": "road", "highway": "primary", "name": "Old South Head Road", "osm_id": 227925617}, "geometry": {"type": "LineString", "coordinates": [[151.2594281, -33.8893302], [151.2594999, -33.8893017], [151.2595873, -33.889244], [151.2596353, -33.8892099], [151.2596793, -33.889175], [151.259737, -33.8891174], [151.2597808, -33.889068], [151.2599551, -33.8888147], [151.2600523, -33.8886592], [151.2600857, -33.888616], [151.2601161, -33.8885781], [151.2601382, -33.8885565], [151.2601618, -33.8885354], [151.2601911, -33.8885105], [151.2602155, -33.8884938], [151.2602564, -33.8884703], [151.2603073, -33.888446], [151.2603497, -33.8884287], [151.2603892, -33.8884147], [151.2605545, -33.8883614], [151.2607437, -33.8883097]]}}, {"type": "Feature", "properties": {"kind": "road", "highway": "secondary", "name": "Penkivil Street", "osm_id": 227925618}, "geometry": {"type": "LineString", "coordinates": [[151.2619935, -33.8885842], [151.2620108, -33.8885087], [151.2620537, -33.8882416]]}}, {"type": "Feature", "properties": {"kind": "road", "highway": "tertiary", "name": "Sandridge Street", "osm_id": 227925619}, "geometry": {"type": "LineString", "coordinates": [[151.2727397, -33.896009], [151.2727832, -33.8963097], [151.2728016, -33.8964358], [151.2729784, -33.8974715]]}}, {"type": "Feature", "properties": {"kind": "road", "highway": "tertiary", "name": "Sandridge Street", "osm_id": 227925620}, "geometry": {"type": "LineString", "coordinates": [[151.2727209, -33.895605], [151.2727274, -33.895663], [151.2727266, -33.8957044], [151.2727122, -33.8958158], [151.2727156, -33.8958499]]}}, {"type": "Feature", "properties": {"kind": "road", "highway": "tertiary", "name": "Farrellys Avenue", "osm_id": 227925621}, "geometry": {"type": "LineString", "coordinates": [[151.266417, -33.8962684], [151.2669996, -33.8963552], [151.2681042, -33.8965254]]}}, {"type": "Feature", "properties": {"kind": "coastline", "highway": null, "name": null, "osm_id": 227925624}, "geometry": {"type": "LineString", "coordinates": [[151.2743919, -33.8965565], [151.2746555, -33.8963839], [151.2747274, -33.8963104], [151.2748145, -33.8963012], [151.2749097, -33.8963678], [151.274907, -33.8964407], [151.2750487, -33.8964686], [151.2750651, -33.8962659], [151.2751431, -33.8961355], [151.2752334, -33.896085], [151.2752754, -33.8960033], [151.2751034, -33.8959845], [151.2750334, -33.8958766], [151.2749963, -33.8958336], [151.2750795, -33.895688], [151.275007, -33.8955378], [151.2748541, -33.8954856], [151.274715, -33.8953052], [151.2747063, -33.895264], [151.2746786, -33.8951062], [151.2746552, -33.8948225], [151.2744695, -33.8948284], [151.274457, -33.8948171], [151.2743354, -33.894819], [151.2743285, -33.8947383], [151.2742462, -33.8947066], [151.2742477, -33.8945681], [151.2742966, -33.8943836], [151.2743063, -33.8941463], [151.2744369, -33.8938218]]}}, {"type": "Feature", "properties": {"kind": "road", "highway": "primary", "name": "Bondi Road", "osm_id": 227925630}, "geometry": {"type": "LineString", "coordinates": [[151.2723817, -33.8955732], [151.2723182, -33.8955623], [151.2721904, -33.8955262], [151.2720517, -33.8954765], [151.2719049, -33.89542], [151.2715514, -33.8952813]]}}, {"type": "Feature", "properties": {"kind": "road", "highway": "footway", "name": "Eastern Beaches Coastal Walk", "osm_id": 230158107}, "geometry": {"type": "LineString", "coordinates": [[151.2737005, -33.8935094], [151.2736823, -33.8936916], [151.2736856, -33.8938302], [151.2737034, -33.8939591], [151.2737351, -33.894086], [151.2737259, -33.8941135], [151.2737189, -33.8941644], [151.2737508, -33.8941873], [151.2737179, -33.8942234]]}}, {"type": "Feature", "properties": {"kind": "road", "highway": "pedestrian", "name": "Roscoe Street", "osm_id": 230158116}, "geometry": {"type": "LineString", "coordinates": [[151.2747984, -33.8905048], [151.2747695, -33.8904845], [151.2747205, -33.8904541], [151.2743789, -33.890242], [151.2743164, -33.8902032]]}}, {"type": "Feature", "properties": {"kind": "road", "highway": "footway", "name": null, "osm_id": 230158118}, "geometry": {"type": "LineString", "coordinates": [[151.2754718, -33.8902217], [151.2750278, -33.8906209], [151.2749833, -33.890661], [151.2747948, -33.8908506], [151.2753397, -33.8913015], [151.2753545, -33.8913138], [151.2756215, -33.8911497], [151.2760242, -33.8909304], [151.2760117, -33.8909102], [151.2759846, -33.8908757], [151.2759593, -33.8908411]]}}, {"type": "Feature", "properties": {"kind": "road", "highway": "footway", "name": null, "osm_id": 230158120}, "geometry": {"type": "LineString", "coordinates": [[151.278225, -33.8894706], [151.2782032, -33.8894659], [151.2781818, -33.8894553], [151.2781651, -33.8894403], [151.2781564, -33.8894213], [151.2781532, -33.889401], [151.2781556, -33.8893793], [151.2780063, -33.8893617], [151.2776298, -33.8893276], [151.2775406, -33.8893273], [151.2772911, -33.8893263], [151.2771238, -33.8893336], [151.2770207, -33.8893537], [151.2769049, -33.8893845], [151.2767993, -33.8894204], [151.276709, -33.8894559], [151.2765623, -33.8895248], [151.2762322, -33.8898197], [151.2758339, -33.8901893]]}}, {"type": "Feature", "properties": {"kind": "road", "highway": "footway", "name": null, "osm_id": 230158122}, "geometry": {"type": "LineString", "coordinates": [[151.2740641, -33.8915065], [151.2735049, -33.8920035], [151.2734263, -33.8920843], [151.2734147, -33.8921069], [151.2734181, -33.892133], [151.2734375, -33.8921503], [151.2734684, -33.8921584], [151.2734878, -33.8921543], [151.2736285, -33.8920827], [151.273813, -33.8919989], [151.2740856, -33.8919093], [151.2745372, -33.8917774], [151.2746857, -33.8917193], [151.2749255, -33.8915896], [151.2753545, -33.8913138]]}}, {"type": "Feature", "properties": {"kind": "road", "highway": "footway", "name": null, "osm_id": 230158124}, "geometry": {"type": "LineString", "coordinates": [[151.2744909, -33.891704], [151.2744749, -33.8916928], [151.274326, -33.8915542], [151.2741831, -33.8914334], [151.2741651, -33.8914185], [151.2740641, -33.8915065], [151.274041, -33.8914878]]}}, {"type": "Feature", "properties": {"kind": "road", "highway": "footway", "name": null, "osm_id": 230158126}, "geometry": {"type": "LineString", "coordinates": [[151.2763416, -33.8890491], [151.2762954, -33.8890845], [151.2762391, -33.8890824], [151.2758881, -33.8894041], [151.2755993, -33.8896705]]}}, {"type": "Feature", "properties": {"kind": "road", "highway": "footway", "name": null, "osm_id": 230158128}, "geometry": {"type": "LineString", "coordinates": [[151.2742398, -33.8913505], [151.2747948, -33.8908506]]}}, {"type": "Feature", "properties": {"kind": "road", "highway": "footway", "name": null, "osm_id": 230158148}, "geometry": {"type": "LineString", "coordinates": [[151.2747811, -33.8918781], [151.2747697, -33.8918623], [151.2747324, -33.8918146]]}}, {"type": "Feature", "properties": {"kind": "road", "highway": "footway", "name": null, "osm_id": 230158171}, "geometry": {"type": "LineString", "coordinates": [[151.2735049, -33.8920035], [151.2734654, -33.8919804]]}}, {"type": "Feature", "properties": {"kind": "road", "highway": "footway", "name": null, "osm_id": 230158173}, "geometry": {"type": "LineString", "coordinates": [[151.2745936, -33.8921636], [151.274561, -33.8920895], [151.2744944, -33.892038], [151.2744116, -33.8920152]]}}, {"type": "Feature", "properties": {"kind": "road", "highway": "footway", "name": null, "osm_id": 230158184}, "geometry": {"type": "LineString", "coordinates": [[151.2767396, -33.8892243], [151.2769816, -33.889164], [151.2771002, -33.889143], [151.2772244, -33.889132], [151.277576, -33.8891314], [151.2778211, -33.8891457], [151.277928, -33.8891563], [151.2781467, -33.8891894], [151.2782903, -33.8892162], [151.2783489, -33.8892288], [151.2784976, -33.889263], [151.2786494, -33.8893059], [151.2787928, -33.8893527], [151.2790228, -33.8894364], [151.2791331, -33.8894806], [151.2792602, -33.8895378], [151.2794413, -33.8896273], [151.2796142, -33.8897256], [151.279727, -33.88979]]}}, {"type": "Feature", "properties": {"kind": "road", "highway": "footway", "name": null, "osm_id": 230158186}, "geometry": {"type": "LineString", "coordinates": [[151.2781564, -33.8894213], [151.2777463, -33.8895605], [151.2776736, -33.8895852], [151.2775208, -33.889637], [151.2777523, -33.8900984], [151.2778944, -33.8902121], [151.2781487, -33.8901534]]}}, {"type": "Feature", "properties": {"kind": "road", "highway": "footway", "name": null, "osm_id": 230158195}, "geometry": {"type": "LineString", "coordinates": [[151.2775208, -33.889637], [151.277473, -33.8896524], [151.2770835, -33.8897795], [151.2768974, -33.8898447], [151.276723, -33.8899085], [151.2762597, -33.8900636], [151.2763122, -33.8901728], [151.2764447, -33.8904474], [151.2765014, -33.8905651], [151.2765407, -33.8906562]]}}, {"type": "Feature", "properties": {"kind": "road", "highway": "footway", "name": null, "osm_id": 230158199}, "geometry": {"type": "LineString", "coordinates": [[151.2755953, -33.8903837], [151.2755794, -33.8904], [151.2753852, -33.8905802], [151.275219, -33.8907344], [151.2751567, -33.8908293], [151.2748852, -33.8908573], [151.2747948, -33.8908506]]}}, {"type": "Feature", "properties": {"kind": "road", "highway": "primary", "name": "Old South Head Road", "osm_id": 235499637}, "geometry": {"type": "LineString", "coordinates": [[151.2573381, -33.8888746], [151.2574113, -33.8888642]]}}, {"type": "Feature", "properties": {"kind": "road", "highway": "residential", "name": "Balfour Road", "osm_id": 235502629}, "geometry": {"type": "LineString", "coordinates": [[151.2591037, -33.8755431], [151.2591103, -33.8755908], [151.2591165, -33.8756365], [151.2591972, -33.876161], [151.2592856, -33.8766735], [151.2593012, -33.8767869], [151.2593009, -33.8768426], [151.2592913, -33.8768926], [151.2592535, -33.8770055], [151.2591996, -33.8771415], [151.2591056, -33.8773629], [151.259021, -33.8775833], [151.2589995, -33.8776969], [151.2590082, -33.8777999], [151.2590274, -33.8778958], [151.2590607, -33.8779807], [151.2590882, -33.878033], [151.2591168, -33.8780721], [151.25915, -33.8781113], [151.2592001, -33.8781704], [151.2592865, -33.8782376], [151.2593776, -33.8783317], [151.2594347, -33.8784237], [151.2594801, -33.8785272], [151.2595085, -33.8786938], [151.2595529, -33.8790491], [151.2595894, -33.8794224], [151.2596041, -33.8794705], [151.2596256, -33.8795055], [151.2599074, -33.8798323], [151.2600402, -33.8800223], [151.2601174, -33.8801181], [151.2602383, -33.8802415]]}}, {"type": "Feature", "properties": {"kind": "road", "highway": "residential", "name": "Bundarra Road", "osm_id": 235502635}, "geometry": {"type": "LineString", "coordinates": [[151.2636801, -33.8848235], [151.2634376, -33.8847769], [151.2632781, -33.8847596], [151.2632076, -33.884757], [151.2631556, -33.8847625], [151.2630003, -33.884771], [151.2629375, -33.8847773], [151.2628686, -33.8847981], [151.2626516, -33.8848717], [151.2625829, -33.8848827], [151.2625104, -33.8848831], [151.2623076, -33.8848709], [151.2622185, -33.8848611], [151.2621381, -33.8848237], [151.2617565, -33.8845237], [151.2615385, -33.8843361], [151.2612668, -33.8841237], [151.2612019, -33.884048], [151.261107, -33.8839193], [151.2610013, -33.8837761], [151.2609059, -33.8837085], [151.2608006, -33.8836398], [151.2604583, -33.8834595], [151.2603945, -33.8834101], [151.2603663, -33.8833454], [151.2603643, -33.8832815], [151.2604681, -33.8826943], [151.2604736, -33.8825918], [151.260456, -33.8824876], [151.2603842, -33.8823933], [151.2603249, -33.8822854]]}}, {"type": "Feature", "properties": {"kind": "road", "highway": "residential", "name": "Bunyula Road", "osm_id": 235502636}, "geometry": {"type": "LineString", "coordinates": [[151.2620183, -33.8829883], [151.262354, -33.8828242], [151.2623918, -33.8828033], [151.2624241, -33.8827748], [151.2624415, -33.8827287], [151.262498, -33.8825194], [151.2625118, -33.8824819], [151.2625346, -33.8824536], [151.2625611, -33.8824268], [151.2628013, -33.8822409], [151.2628694, -33.8821881], [151.2636359, -33.8816163]]}}, {"type": "Feature", "properties": {"kind": "road", "highway": "residential", "name": "Latimer Road", "osm_id": 235502641}, "geometry": {"type": "LineString", "coordinates": [[151.2605649, -33.8808502], [151.2605228, -33.8806421], [151.2604895, -33.8804738]]}}, {"type": "Feature", "properties": {"kind": "road", "highway": "residential", "name": "Latimer Road", "osm_id": 235502642}, "geometry": {"type": "LineString", "coordinates": [[151.2604895, -33.8804738], [151.2605068, -33.8804386], [151.2608718, -33.8798275], [151.2609778, -33.8796267], [151.2610357, -33.8793898]]}}, {"type": "Feature", "properties": {"kind": "road", "highway": "tertiary", "name": "Hewlett Street", "osm_id": 240642906}, "geometry": {"type": "LineString", "coordinates": [[151.2650526, -33.9007615], [151.2660531, -33.900904], [151.2661412, -33.9009175], [151.2661822, -33.9009331], [151.2662123, -33.9009548], [151.2662367, -33.9009744], [151.2662525, -33.9010011], [151.2662626, -33.9010303], [151.2662659, -33.9010808], [151.2662686, -33.9011419], [151.2662873, -33.9011988], [151.2663082, -33.9012347], [151.266347, -33.901264], [151.266394, -33.9012864], [151.2664379, -33.9013062], [151.2665022, -33.9013201], [151.2668636, -33.9013739], [151.267445, -33.9014599], [151.2680881, -33.9015498], [151.2682729, -33.9015639]]}}, {"type": "Feature", "properties": {"kind": "road", "highway": "residential", "name": "Dickson Street", "osm_id": 240642911}, "geometry": {"type": "LineString", "coordinates": [[151.2604241, -33.9006553], [151.260431, -33.9005919]]}}, {"type": "Feature", "properties": {"kind": "road", "highway": "residential", "name": "Hewlett Street", "osm_id": 240642912}, "geometry": {"type": "LineString", "coordinates": [[151.2680881, -33.9015498], [151.2680016, -33.9015851], [151.2679476, -33.9015917], [151.2669355, -33.9014613], [151.2668829, -33.9014531], [151.2664631, -33.901388], [151.266383, -33.90136], [151.2663222, -33.9013072], [151.2662873, -33.9011988]]}}, {"type": "Feature", "properties": {"kind": "road", "highway": "secondary", "name": "Curlewis Street", "osm_id": 241159201}, "geometry": {"type": "LineString", "coordinates": [[151.2679963, -33.8851151], [151.2678703, -33.8851089]]}}, {"type": "Feature", "properties": {"kind": "road", "highway": "tertiary", "name": "Glenayr Avenue", "osm_id": 241301265}, "geometry": {"type": "LineString", "coordinates": [[151.2736133, -33.8854516], [151.2736266, -33.8854951], [151.2736121, -33.8855542], [151.2735991, -33.8856259], [151.2735863, -33.8856611], [151.2735718, -33.8856868], [151.2735581, -33.8857159]]}}, {"type": "Feature", "properties": {"kind": "road", "highway": "tertiary", "name": "Warners Avenue", "osm_id": 241302152}, "geometry": {"type": "LineString", "coordinates": [[151.2766402, -33.8877532], [151.2767056, -33.8877964], [151.2770086, -33.8879966], [151.2771424, -33.888085], [151.2772376, -33.8881485], [151.2773481, -33.8882221], [151.2773676, -33.8882351], [151.2776943, -33.8884529], [151.2778194, -33.8885362], [151.2778678, -33.8885685], [151.2779222, -33.8886041]]}}, {"type": "Feature", "properties": {"kind": "road", "highway": "tertiary", "name": null, "osm_id": 241306076}, "geometry": {"type": "LineString", "coordinates": [[151.2768851, -33.885589], [151.2768922, -33.885497]]}}, {"type": "Feature", "properties": {"kind": "road", "highway": "residential", "name": "Gould Street", "osm_id": 241306077}, "geometry": {"type": "LineString", "coordinates": [[151.2777275, -33.8856339], [151.2777176, -33.8856638], [151.2777124, -33.8857053], [151.2776485, -33.8860333]]}}, {"type": "Feature", "properties": {"kind": "road", "highway": "residential", "name": "Vicars Avenue", "osm_id": 241306079}, "geometry": {"type": "LineString", "coordinates": [[151.2798074, -33.8856514], [151.279822, -33.8855782], [151.2799885, -33.8847438], [151.2800149, -33.884615]]}}, {"type": "Feature", "properties": {"kind": "road", "highway": "tertiary", "name": null, "osm_id": 241306081}, "geometry": {"type": "LineString", "coordinates": [[151.2787595, -33.8856883], [151.2787666, -33.8855962]]}}, {"type": "Feature", "properties": {"kind": "road", "highway": "primary", "name": "Old South Head Road", "osm_id": 241673060}, "geometry": {"type": "LineString", "coordinates": [[151.2649639, -33.8876051], [151.2650683, -33.8875414], [151.2650849, -33.8875312], [151.2656529, -33.8871845], [151.2661511, -33.8867999], [151.2662113, -33.8867502], [151.2662699, -33.8867001], [151.2663843, -33.886586], [151.267632, -33.8854097], [151.2676935, -33.8853517]]}}, {"type": "Feature", "properties": {"kind": "road", "highway": "residential", "name": "Dalley Street", "osm_id": 241738907}, "geometry": {"type": "LineString", "coordinates": [[151.2554107, -33.8931775], [151.2562447, -33.8932865]]}}, {"type": "Feature", "properties": {"kind": "road", "highway": "residential", "name": "Ben Eden Street", "osm_id": 241738926}, "geometry": {"type": "LineString", "coordinates": [[151.2539514, -33.8916151], [151.2540087, -33.8915775], [151.254038, -33.8915579], [151.2556657, -33.8904757], [151.2557788, -33.8903972]]}}, {"type": "Feature", "properties": {"kind": "road", "highway": "tertiary", "name": "Victoria Road", "osm_id": 241823990}, "geometry": {"type": "LineString", "coordinates": [[151.2588258, -33.8873186], [151.2588485, -33.8871847], [151.2588759, -33.8870608], [151.2588899, -33.8870172]]}}, {"type": "Feature", "properties": {"kind": "road", "highway": "tertiary", "name": "Victoria Road", "osm_id": 241840060}, "geometry": {"type": "LineString", "coordinates": [[151.2593734, -33.8840182], [151.2592696, -33.8838225], [151.2591867, -33.883713], [151.2590913, -33.8836102], [151.259034, -33.8835485], [151.2588433, -33.8833757], [151.2587599, -33.8833126], [151.258549, -33.8832285], [151.2584814, -33.8832008], [151.25843, -33.8831583], [151.2583195, -33.8830331], [151.2582488, -33.88289], [151.25823, -33.882802], [151.2582471, -33.8826773], [151.258269, -33.8825237], [151.2582664, -33.8823967], [151.2582342, -33.8822921], [151.2582041, -33.8822338], [151.2580795, -33.8820695], [151.2579836, -33.8819638], [151.2576551, -33.8816013], [151.2571989, -33.8810958], [151.2570476, -33.8809256], [151.2568904, -33.8807773], [151.2566946, -33.8806237], [151.2565809, -33.8805444], [151.2564586, -33.880484], [151.256153, -33.8803374], [151.2558793, -33.8802233], [151.2555931, -33.8801395], [151.2555052, -33.8801182], [151.2554188, -33.8800809], [151.2553273, -33.8800249], [151.2552409, -33.8799579]]}}, {"type": "Feature", "properties": {"kind": "road", "highway": "tertiary", "name": "Victoria Road", "osm_id": 241840062}, "geometry": {"type": "LineString", "coordinates": [[151.259015, -33.8870084], [151.2590049, -33.8870488]]}}, {"type": "Feature", "properties": {"kind": "road", "highway": "tertiary", "name": "Birriga Road", "osm_id": 241840063}, "geometry": {"type": "LineString", "coordinates": [[151.2598254, -33.8861075], [151.2599538, -33.8861602], [151.2601071, -33.8862174], [151.2602019, -33.886247]]}}, {"type": "Feature", "properties": {"kind": "road", "highway": "tertiary", "name": null, "osm_id": 241840070}, "geometry": {"type": "LineString", "coordinates": [[151.2599538, -33.8861602], [151.2599267, -33.8862045]]}}, {"type": "Feature", "properties": {"kind": "road", "highway": "tertiary", "name": "Birriga Road", "osm_id": 241840071}, "geometry": {"type": "LineString", "coordinates": [[151.2609473, -33.8863219], [151.260722, -33.8863301], [151.2605267, -33.8863217]]}}, {"type": "Feature", "properties": {"kind": "road", "highway": "tertiary", "name": "Birriga Road", "osm_id": 241841194}, "geometry": {"type": "LineString", "coordinates": [[151.2639211, -33.88696], [151.2639798, -33.8869421], [151.2640788, -33.8869219]]}}, {"type": "Feature", "properties": {"kind": "road", "highway": "tertiary", "name": "Birriga Road", "osm_id": 241841195}, "geometry": {"type": "LineString", "coordinates": [[151.2640928, -33.8870054], [151.2640866, -33.8870075], [151.2639799, -33.8869819], [151.2639211, -33.88696]]}}, {"type": "Feature", "properties": {"kind": "road", "highway": "tertiary", "name": "Birriga Road", "osm_id": 241841196}, "geometry": {"type": "LineString", "coordinates": [[151.2616235, -33.8863914], [151.2617066, -33.8864044], [151.2618186, -33.8864278], [151.2619409, -33.8864664], [151.2620582, -33.8865128], [151.2622423, -33.8865833], [151.2624328, -33.8866484], [151.2624939, -33.8866705]]}}, {"type": "Feature", "properties": {"kind": "road", "highway": "residential", "name": null, "osm_id": 241893503}, "geometry": {"type": "LineString", "coordinates": [[151.2721176, -33.8852325], [151.2721129, -33.8853311]]}}, {"type": "Feature", "properties": {"kind": "road", "highway": "residential", "name": "Warners Avenue", "osm_id": 241893509}, "geometry": {"type": "LineString", "coordinates": [[151.2726146, -33.8852465], [151.2726643, -33.8853549]]}}, {"type": "Feature", "properties": {"kind": "road", "highway": "residential", "name": "Drumalbyn Road", "osm_id": 241893512}, "geometry": {"type": "LineString", "coordinates": [[151.2587854, -33.881255], [151.2588927, -33.8811604], [151.2589343, -33.8811214], [151.2589852, -33.8807785], [151.2589906, -33.8806593], [151.258953, -33.8805591], [151.2589114, -33.8805224], [151.2588309, -33.8804845], [151.2587384, -33.8804545], [151.2586392, -33.8804289], [151.2585359, -33.8804333], [151.2584729, -33.88044], [151.258375, -33.8804244], [151.2583214, -33.8803954], [151.2581711, -33.8802217], [151.2581162, -33.8801683], [151.2580357, -33.8801138], [151.2579445, -33.8800692], [151.257864, -33.8800136], [151.2577931, -33.8799648], [151.2577449, -33.8799056], [151.257692, -33.8797275], [151.2576369, -33.8795802], [151.2575901, -33.8794095]]}}, {"type": "Feature", "properties": {"kind": "road", "highway": "residential", "name": "Hastings Parade", "osm_id": 241893513}, "geometry": {"type": "LineString", "coordinates": [[151.2776371, -33.886162], [151.278997, -33.886304], [151.2790695, -33.8863207], [151.2791473, -33.8863563], [151.2795108, -33.8865752]]}}, {"type": "Feature", "properties": {"kind": "road", "highway": "residential", "name": "Drumalbyn Road", "osm_id": 241893515}, "geometry": {"type": "LineString", "coordinates": [[151.2588175, -33.8826665], [151.2588126, -33.8826603], [151.2588072, -33.8826135], [151.2587811, -33.8825458], [151.2587595, -33.882354], [151.2587231, -33.8819361], [151.2586795, -33.8814371], [151.2586874, -33.881376], [151.2587093, -33.8813303], [151.2587384, -33.8813007], [151.2587854, -33.881255]]}}, {"type": "Feature", "properties": {"kind": "road", "highway": "tertiary", "name": "Edgecliff Road", "osm_id": 242032916}, "geometry": {"type": "LineString", "coordinates": [[151.2562894, -33.889372], [151.2562593, -33.8893806], [151.2562419, -33.889385], [151.2561312, -33.8894185], [151.2560514, -33.8894468], [151.2560186, -33.8894513], [151.2559614, -33.8894441]]}}, {"type": "Feature", "properties": {"kind": "road", "highway": "tertiary", "name": "Edgecliff Road", "osm_id": 242032918}, "geometry": {"type": "LineString", "coordinates": [[151.2546577, -33.8894079], [151.2548017, -33.8893918], [151.2551067, -33.8893879], [151.2551935, -33.8893737], [151.2555666, -33.8893658]]}}, {"type": "Feature", "properties": {"kind": "road", "highway": "tertiary", "name": "Bellevue Road", "osm_id": 242051979}, "geometry": {"type": "LineString", "coordinates": [[151.2584325, -33.8866001], [151.2585317, -33.8866335], [151.2585687, -33.8866539]]}}, {"type": "Feature", "properties": {"kind": "road", "highway": "tertiary", "name": "Bellevue Road", "osm_id": 242051980}, "geometry": {"type": "LineString", "coordinates": [[151.2553194, -33.8850058], [151.2557337, -33.8853749], [151.2557921, -33.8854152], [151.2558717, -33.8854633], [151.2561757, -33.8856363], [151.2561958, -33.8856474]]}}, {"type": "Feature", "properties": {"kind": "road", "highway": "residential", "name": "Fairweather Street", "osm_id": 242053685}, "geometry": {"type": "LineString", "coordinates": [[151.2541262, -33.8835831], [151.2541582, -33.883318], [151.2541872, -33.8831752], [151.2542494, -33.8830989], [151.2543881, -33.8830004], [151.2559518, -33.8817846], [151.2559855, -33.8817579]]}}, {"type": "Feature", "properties": {"kind": "road", "highway": "residential", "name": "Glenayr Avenue", "osm_id": 242191420}, "geometry": {"type": "LineString", "coordinates": [[151.2742414, -33.8853453], [151.2742485, -33.8853114], [151.2742557, -33.8852738], [151.2742589, -33.8852648], [151.2742617, -33.8852605], [151.2743028, -33.8851873], [151.2746404, -33.8845915], [151.2746794, -33.8844466]]}}, {"type": "Feature", "properties": {"kind": "road", "highway": "tertiary", "name": null, "osm_id": 242191421}, "geometry": {"type": "LineString", "coordinates": [[151.2748204, -33.8853888], [151.2748136, -33.8854743]]}}, {"type": "Feature", "properties": {"kind": "road", "highway": "residential", "name": "Beach Road", "osm_id": 242191423}, "geometry": {"type": "LineString", "coordinates": [[151.2764609, -33.8890742], [151.2765547, -33.8891854]]}}, {"type": "Feature", "properties": {"kind": "road", "highway": "tertiary", "name": "Blair Street", "osm_id": 242191426}, "geometry": {"type": "LineString", "coordinates": [[151.2809255, -33.8857106], [151.2815608, -33.8857442], [151.2820538, -33.8857703], [151.2825467, -33.8857964], [151.2830361, -33.8858224], [151.2834821, -33.885846], [151.2838885, -33.8858675], [151.2841797, -33.8858829], [151.2842501, -33.8858867]]}}, {"type": "Feature", "properties": {"kind": "road", "highway": "tertiary", "name": null, "osm_id": 242191427}, "geometry": {"type": "LineString", "coordinates": [[151.283029, -33.8859144], [151.2830361, -33.8858224]]}}, {"type": "Feature", "properties": {"kind": "road", "highway": "tertiary", "name": "Blair Street", "osm_id": 242191428}, "geometry": {"type": "LineString", "coordinates": [[151.2802221, -33.8857658], [151.2797891, -33.8857428], [151.2792305, -33.8857133], [151.2787595, -33.8856883], [151.2782896, -33.8856634], [151.2778661, -33.885641]]}}, {"type": "Feature", "properties": {"kind": "road", "highway": "residential", "name": "Ramsgate Avenue", "osm_id": 242191430}, "geometry": {"type": "LineString", "coordinates": [[151.281116, -33.8897824], [151.281025, -33.8896856], [151.2810064, -33.8896658], [151.2804887, -33.8893374], [151.2789279, -33.88837], [151.27852, -33.8881118], [151.2784928, -33.8880886], [151.2784499, -33.8880519]]}}, {"type": "Feature", "properties": {"kind": "road", "highway": "residential", "name": "Brighton Boulevard", "osm_id": 242191432}, "geometry": {"type": "LineString", "coordinates": [[151.2829162, -33.8897687], [151.2828398, -33.8897212], [151.2791286, -33.8874132], [151.2790704, -33.887377]]}}, {"type": "Feature", "properties": {"kind": "road", "highway": "tertiary", "name": "Hall Street", "osm_id": 242191433}, "geometry": {"type": "LineString", "coordinates": [[151.2739917, -33.8912968], [151.2740829, -33.8913572]]}}, {"type": "Feature", "properties": {"kind": "road", "highway": "tertiary", "name": null, "osm_id": 242191434}, "geometry": {"type": "LineString", "coordinates": [[151.2820467, -33.8858624], [151.2820538, -33.8857703]]}}, {"type": "Feature", "properties": {"kind": "road", "highway": "primary", "name": "Old South Head Road", "osm_id": 242741485}, "geometry": {"type": "LineString", "coordinates": [[151.2592342, -33.8894448], [151.2590021, -33.8894595], [151.25892, -33.889463], [151.258827, -33.8894575]]}}, {"type": "Feature", "properties": {"kind": "road", "highway": "residential", "name": "Bronte Marine Drive", "osm_id": 245131397}, "geometry": {"type": "LineString", "coordinates": [[151.2699734, -33.9018125], [151.2699475, -33.9018929], [151.2699287, -33.9019232], [151.2699034, -33.9019464], [151.2698675, -33.9019768], [151.2697916, -33.9020275], [151.2696912, -33.9020754], [151.2695049, -33.9021475], [151.2690114, -33.9022952], [151.2689877, -33.9023033], [151.2683307, -33.9024986], [151.2682325, -33.9025121], [151.2681657, -33.9025148], [151.2680988, -33.9025106], [151.2679411, -33.9024901], [151.2678387, -33.9024746], [151.2677622, -33.9024567], [151.2676911, -33.9024348]]}}, {"type": "Feature", "properties": {"kind": "road", "highway": "primary", "name": "Old South Head Road", "osm_id": 252107480}, "geometry": {"type": "LineString", "coordinates": [[151.2571113, -33.8889242], [151.2572021, -33.8888979], [151.2572742, -33.8888837], [151.2573381, -33.8888746]]}}, {"type": "Feature", "properties": {"kind": "road", "highway": "tertiary", "name": "Victoria Road", "osm_id": 252107481}, "geometry": {"type": "LineString", "coordinates": [[151.2589031, -33.8869773], [151.2589367, -33.8869158], [151.2592046, -33.8864195]]}}, {"type": "Feature", "properties": {"kind": "road", "highway": "residential", "name": "Dudley Street", "osm_id": 252116510}, "geometry": {"type": "LineString", "coordinates": [[151.2708135, -33.8972714], [151.2708266, -33.8972033], [151.2711975, -33.8952613], [151.271214, -33.8952305], [151.2712491, -33.895165]]}}, {"type": "Feature", "properties": {"kind": "road", "highway": "tertiary", "name": "Fletcher Street", "osm_id": 252116511}, "geometry": {"type": "LineString", "coordinates": [[151.2708135, -33.8972714], [151.2705675, -33.8972364], [151.270292, -33.8971943], [151.2701552, -33.8971739], [151.2700364, -33.8971566], [151.2699055, -33.8971355], [151.2698408, -33.8971233], [151.2697822, -33.8971033], [151.2697126, -33.8970701], [151.269575, -33.8969765], [151.269474, -33.896889], [151.269426, -33.8968427], [151.2693853, -33.8967958]]}}, {"type": "Feature", "properties": {"kind": "road", "highway": "residential", "name": "Bayview Street", "osm_id": 252130975}, "geometry": {"type": "LineString", "coordinates": [[151.2675902, -33.9023641], [151.2674956, -33.9023449], [151.2673979, -33.9023261], [151.2668638, -33.9022519], [151.2663212, -33.9021766], [151.2662482, -33.9021568], [151.265646, -33.9018076]]}}, {"type": "Feature", "properties": {"kind": "road", "highway": "tertiary", "name": "Birrell Street", "osm_id": 252130977}, "geometry": {"type": "LineString", "coordinates": [[151.2655832, -33.898176], [151.2660123, -33.898248]]}}, {"type": "Feature", "properties": {"kind": "road", "highway": "tertiary", "name": "Fletcher Street", "osm_id": 252130980}, "geometry": {"type": "LineString", "coordinates": [[151.27183, -33.8974227], [151.2716314, -33.8973928], [151.2708135, -33.8972714]]}}, {"type": "Feature", "properties": {"kind": "road", "highway": "residential", "name": "Kenneth Street", "osm_id": 252130982}, "geometry": {"type": "LineString", "coordinates": [[151.2727373, -33.8984307], [151.2727902, -33.8984255], [151.2728027, -33.8984243], [151.2728183, -33.8984247], [151.2729279, -33.8984278], [151.2729969, -33.8984309], [151.2730652, -33.8984367], [151.2743032, -33.8986008], [151.2743307, -33.898588]]}}, {"type": "Feature", "properties": {"kind": "road", "highway": "secondary", "name": "Murray Street", "osm_id": 252130983}, "geometry": {"type": "LineString", "coordinates": [[151.2632285, -33.8987102], [151.2632609, -33.8986226], [151.2632887, -33.8985676], [151.2633328, -33.8984986], [151.2633725, -33.8984427], [151.2634137, -33.8983904], [151.2634516, -33.8983465], [151.2634974, -33.8982854], [151.2635316, -33.8982204], [151.263558, -33.8981501], [151.2635904, -33.8980179], [151.2636055, -33.8979348], [151.2636121, -33.8979048]]}}, {"type": "Feature", "properties": {"kind": "road", "highway": "tertiary", "name": "Murriverie Road", "osm_id": 252140247}, "geometry": {"type": "LineString", "coordinates": [[151.2812827, -33.8827558], [151.2802234, -33.8826011], [151.2801127, -33.8825849], [151.2792292, -33.8824614], [151.278371, -33.8823436], [151.2779683, -33.8822887], [151.2779261, -33.882283], [151.2778989, -33.8822793], [151.2778714, -33.8822755], [151.2775132, -33.8822267], [151.2768492, -33.882112], [151.2767442, -33.8820941], [151.2766199, -33.8820734]]}}, {"type": "Feature", "properties": {"kind": "road", "highway": "tertiary", "name": "Murriverie Road", "osm_id": 252140248}, "geometry": {"type": "LineString", "coordinates": [[151.2766199, -33.8820734], [151.276424, -33.8820458], [151.2758433, -33.8819791], [151.2757355, -33.8819668], [151.2749395, -33.881885], [151.2748678, -33.8818779], [151.274811, -33.8818715], [151.2734327, -33.8817293], [151.2724899, -33.8816229], [151.2719496, -33.881564], [151.2716015, -33.881526], [151.2707858, -33.8814397], [151.2702861, -33.8813855], [151.2702551, -33.8813821], [151.2701865, -33.8813671]]}}, {"type": "Feature", "properties": {"kind": "road", "highway": "tertiary", "name": "Fletcher Street", "osm_id": 260862229}, "geometry": {"type": "LineString", "coordinates": [[151.2728577, -33.8975662], [151.2725178, -33.8975193], [151.27183, -33.8974227]]}}, {"type": "Feature", "properties": {"kind": "road", "highway": "tertiary", "name": "Henrietta Street", "osm_id": 261038241}, "geometry": {"type": "LineString", "coordinates": [[151.2570023, -33.9008719], [151.2570091, -33.9008134], [151.2570082, -33.9007804], [151.2569884, -33.9007391]]}}, {"type": "Feature", "properties": {"kind": "road", "highway": "tertiary", "name": "Henrietta Street", "osm_id": 261073245}, "geometry": {"type": "LineString", "coordinates": [[151.2570428, -33.9006269], [151.2570077, -33.9006502], [151.2569742, -33.9006648], [151.2569219, -33.9006812], [151.2568847, -33.900697]]}}, {"type": "Feature", "properties": {"kind": "road", "highway": "residential", "name": "Philip Street", "osm_id": 264270451}, "geometry": {"type": "LineString", "coordinates": [[151.2636944, -33.8962616], [151.264245, -33.8963351], [151.2643396, -33.8963329], [151.2646923, -33.8963841], [151.2652217, -33.8964609], [151.2653387, -33.8964779]]}}, {"type": "Feature", "properties": {"kind": "road", "highway": "residential", "name": "Tasman Street", "osm_id": 264270453}, "geometry": {"type": "LineString", "coordinates": [[151.2650125, -33.8980817], [151.2650291, -33.8980005], [151.2653221, -33.8965594], [151.2653387, -33.8964779]]}}, {"type": "Feature", "properties": {"kind": "road", "highway": "residential", "name": "Silva Street", "osm_id": 286224828}, "geometry": {"type": "LineString", "coordinates": [[151.27031, -33.8983505], [151.2703438, -33.8982415], [151.2704467, -33.8977848], [151.2704683, -33.8976884], [151.2705494, -33.8973188], [151.2705675, -33.8972364]]}}, {"type": "Feature", "properties": {"kind": "road", "highway": "residential", "name": "Wilga Street", "osm_id": 286224829}, "geometry": {"type": "LineString", "coordinates": [[151.2719678, -33.8963242], [151.2726956, -33.8964216], [151.2727373, -33.8964272], [151.2728016, -33.8964358]]}}, {"type": "Feature", "properties": {"kind": "road", "highway": "residential", "name": "Wonderland Avenue", "osm_id": 286224831}, "geometry": {"type": "LineString", "coordinates": [[151.2691564, -33.897493], [151.2690392, -33.8975149], [151.2687351, -33.8975329], [151.2686613, -33.8975689], [151.2681266, -33.8976167]]}}, {"type": "Feature", "properties": {"kind": "road", "highway": "residential", "name": "Edward Street", "osm_id": 297923555}, "geometry": {"type": "LineString", "coordinates": [[151.2691525, -33.8932402], [151.2694424, -33.8934352], [151.2702728, -33.8939884], [151.2703369, -33.8940297], [151.271535, -33.8948567], [151.2716054, -33.8949051]]}}, {"type": "Feature", "properties": {"kind": "road", "highway": "residential", "name": "Lugar Brae Avenue", "osm_id": 298984581}, "geometry": {"type": "LineString", "coordinates": [[151.2569315, -33.9042545], [151.2570415, -33.9042499], [151.2577914, -33.9042186], [151.2579499, -33.9047658], [151.2580742, -33.9047986]]}}, {"type": "Feature", "properties": {"kind": "road", "highway": "residential", "name": "Castlefield Street", "osm_id": 320512390}, "geometry": {"type": "LineString", "coordinates": [[151.2674548, -33.8944932], [151.2674676, -33.8944356], [151.267474, -33.8944067], [151.2675538, -33.8940519], [151.267699, -33.8933356], [151.2679097, -33.8924215]]}}, {"type": "Feature", "properties": {"kind": "road", "highway": "residential", "name": "Miller Street", "osm_id": 320512434}, "geometry": {"type": "LineString", "coordinates": [[151.2664862, -33.8928382], [151.267699, -33.8933356]]}}, {"type": "Feature", "properties": {"kind": "road", "highway": "residential", "name": "Rockley Street", "osm_id": 320512792}, "geometry": {"type": "LineString", "coordinates": [[151.2665214, -33.8926278], [151.2660112, -33.8924199], [151.2656589, -33.8922756]]}}, {"type": "Feature", "properties": {"kind": "road", "highway": "residential", "name": "New Street", "osm_id": 320514027}, "geometry": {"type": "LineString", "coordinates": [[151.2606206, -33.8896514], [151.2606753, -33.8896481], [151.2607052, -33.889636], [151.2607219, -33.8896162], [151.2608756, -33.8889387], [151.2604304, -33.8888763]]}}, {"type": "Feature", "properties": {"kind": "road", "highway": "residential", "name": "Anglesea Street", "osm_id": 320514784}, "geometry": {"type": "LineString", "coordinates": [[151.2604299, -33.8903183], [151.2604401, -33.8902702], [151.2604733, -33.8901129], [151.2605606, -33.8896987]]}}, {"type": "Feature", "properties": {"kind": "road", "highway": "residential", "name": "Blandford Avenue", "osm_id": 320515447}, "geometry": {"type": "LineString", "coordinates": [[151.2608975, -33.898507], [151.2606478, -33.8985083], [151.2605685, -33.8985077], [151.2605023, -33.8985116], [151.2604404, -33.8985199], [151.26036, -33.8985359], [151.2602977, -33.8985551], [151.2602416, -33.8985784], [151.26017, -33.8986151], [151.2601286, -33.8986413], [151.2600994, -33.898664], [151.2600139, -33.8987417], [151.2599876, -33.8987731], [151.2599412, -33.898849], [151.2599194, -33.8988928], [151.2599002, -33.8989496], [151.2598538, -33.8992366], [151.2598424, -33.8993718], [151.2598591, -33.8995516], [151.2598501, -33.899589], [151.2596893, -33.9000217], [151.2595883, -33.9005039]]}}, {"type": "Feature", "properties": {"kind": "road", "highway": "residential", "name": "Brown Street", "osm_id": 320515613}, "geometry": {"type": "LineString", "coordinates": [[151.25831, -33.9027648], [151.2584601, -33.9020506], [151.2584744, -33.9019738], [151.258484, -33.9019223], [151.2584927, -33.9018804], [151.2586957, -33.900908], [151.2587248, -33.9007687], [151.2585857, -33.9004769], [151.258558, -33.9003992], [151.258558, -33.9003317], [151.2585683, -33.9002748], [151.258584, -33.9002321], [151.2588657, -33.8996919], [151.2593827, -33.8992724], [151.2593952, -33.8992644], [151.2594123, -33.899257], [151.2594335, -33.899253], [151.2598538, -33.8992366]]}}, {"type": "Feature", "properties": {"kind": "road", "highway": "unclassified", "name": "Read Lane", "osm_id": 320516438}, "geometry": {"type": "LineString", "coordinates": [[151.2612545, -33.8992875], [151.2611621, -33.8997184], [151.2610765, -33.9001522]]}}, {"type": "Feature", "properties": {"kind": "road", "highway": "residential", "name": "Sir Thomas Mitchell Road", "osm_id": 320517145}, "geometry": {"type": "LineString", "coordinates": [[151.2704967, -33.8920608], [151.2716063, -33.8928113], [151.2722699, -33.8932644], [151.2727354, -33.8936032], [151.2727902, -33.8936324], [151.2728469, -33.8936485], [151.2729119, -33.8936492], [151.2729368, -33.8936471], [151.272993, -33.8936422], [151.2730284, -33.893639]]}}, {"type": "Feature", "properties": {"kind": "road", "highway": "footway", "name": null, "osm_id": 340396956}, "geometry": {"type": "LineString", "coordinates": [[151.2808432, -33.8902447], [151.280842, -33.8902076], [151.2807929, -33.8901149], [151.2807496, -33.8899051]]}}, {"type": "Feature", "properties": {"kind": "road", "highway": "footway", "name": null, "osm_id": 342505393}, "geometry": {"type": "LineString", "coordinates": [[151.2670055, -33.9038019], [151.2669845, -33.903733], [151.2669667, -33.9035595], [151.2669562, -33.9034571], [151.2669126, -33.9032827], [151.2668746, -33.9031899], [151.2668247, -33.9031025], [151.2667549, -33.9030237], [151.2667048, -33.9029732], [151.2666856, -33.9029339], [151.2666977, -33.9029071], [151.2667238, -33.9028932], [151.2667657, -33.9028924], [151.2668077, -33.9029065], [151.2670026, -33.9030014], [151.2671671, -33.9030845], [151.2672395, -33.9031076], [151.2672851, -33.9031001], [151.267326, -33.9030691], [151.2673326, -33.9030296], [151.267312, -33.9029881], [151.2672718, -33.9029213], [151.2672405, -33.9028219], [151.2672343, -33.9027492], [151.2672396, -33.9026719], [151.2672628, -33.9025851], [151.2672985, -33.9025162], [151.2673638, -33.9024301], [151.2673979, -33.9023261]]}}, {"type": "Feature", "properties": {"kind": "road", "highway": "footway", "name": null, "osm_id": 342506474}, "geometry": {"type": "LineString", "coordinates": [[151.2627388, -33.9008852], [151.2628308, -33.9009007], [151.2631151, -33.9009485], [151.2633029, -33.9009797], [151.2633834, -33.9010197], [151.2635765, -33.9010086], [151.263834, -33.9010398], [151.2641022, -33.901042], [151.2643248, -33.9010732], [151.2645716, -33.901111], [151.2648398, -33.9011533], [151.2650249, -33.9012023], [151.2651804, -33.901278], [151.2652313, -33.901314]]}}, {"type": "Feature", "properties": {"kind": "road", "highway": "footway", "name": null, "osm_id": 342506476}, "geometry": {"type": "LineString", "coordinates": [[151.2658755, -33.9034542], [151.265951, -33.9034], [151.2660871, -33.9033381], [151.2661501, -33.9033895], [151.2661983, -33.9034296], [151.2662064, -33.9034775], [151.2662761, -33.9035231], [151.2663512, -33.9035877], [151.2663928, -33.9036144], [151.2664169, -33.9036978], [151.2665108, -33.9037958], [151.2666154, -33.9038492]]}}, {"type": "Feature", "properties": {"kind": "road", "highway": "residential", "name": "Bronte Road", "osm_id": 342506480}, "geometry": {"type": "LineString", "coordinates": [[151.2613825, -33.9028671], [151.2614284, -33.902911], [151.2614674, -33.9029177], [151.2620615, -33.9027356], [151.2626764, -33.902555], [151.2629108, -33.9025005], [151.263045, -33.9024773], [151.2631812, -33.9024676], [151.2634004, -33.9024686], [151.2636036, -33.9024415], [151.2637166, -33.9024229], [151.2638166, -33.9024238], [151.2639167, -33.9024428], [151.2639989, -33.9024715], [151.2640589, -33.90253], [151.2641216, -33.9025741], [151.264229, -33.9026015], [151.2643224, -33.9026318], [151.2644437, -33.9026921], [151.2645459, -33.9027653], [151.2646837, -33.9029055], [151.2647935, -33.9029822], [151.2648863, -33.9030291], [151.2649601, -33.9030316], [151.2650374, -33.9030074]]}}, {"type": "Feature", "properties": {"kind": "road", "highway": "residential", "name": "Roscoe Street", "osm_id": 361845686}, "geometry": {"type": "LineString", "coordinates": [[151.2739211, -33.88992], [151.2738887, -33.8898748], [151.2738519, -33.8898426], [151.2727914, -33.8891425]]}}, {"type": "Feature", "properties": {"kind": "road", "highway": "residential", "name": "Imperial Avenue", "osm_id": 380552535}, "geometry": {"type": "LineString", "coordinates": [[151.266417, -33.8962684], [151.2664231, -33.8962385], [151.2664181, -33.8962256], [151.2664062, -33.8962137], [151.2663821, -33.8962046], [151.265953, -33.8961382]]}}, {"type": "Feature", "properties": {"kind": "road", "highway": "residential", "name": "Martins Avenue", "osm_id": 380552536}, "geometry": {"type": "LineString", "coordinates": [[151.2640582, -33.8900939], [151.2641305, -33.8900849], [151.2641677, -33.8900847], [151.2642062, -33.8900887], [151.2642424, -33.8900937], [151.2642794, -33.8901009]]}}, {"type": "Feature", "properties": {"kind": "road", "highway": "tertiary", "name": "Tamarama Street", "osm_id": 380552538}, "geometry": {"type": "LineString", "coordinates": [[151.2660123, -33.898248], [151.2660353, -33.8981405], [151.26611, -33.8977795]]}}, {"type": "Feature", "properties": {"kind": "coastline", "highway": null, "name": null, "osm_id": 383254703}, "geometry": {"type": "LineString", "coordinates": [[151.26239, -33.9149287], [151.2627018, -33.914851], [151.2632995, -33.9150221], [151.2639333, -33.9152572], [151.264799, -33.9157105], [151.2652245, -33.9160225], [151.2657837, -33.91622], [151.2661954, -33.9164545], [151.2666663, -33.9163595], [151.2669425, -33.9165187], [151.2671847, -33.9164759], [151.2675866, -33.916168], [151.267937, -33.9157148], [151.2682359, -33.9155266], [151.2681843, -33.9153941], [151.2683904, -33.9151375]]}}, {"type": "Feature", "properties": {"kind": "coastline", "highway": null, "name": null, "osm_id": 383584030}, "geometry": {"type": "LineString", "coordinates": [[151.2689521, -33.9150388], [151.2698216, -33.9151011], [151.2702518, -33.9150256], [151.2705869, -33.9150638], [151.2709717, -33.9154603], [151.2710827, -33.9153334], [151.2713571, -33.9149197], [151.2713191, -33.914782], [151.2714045, -33.9146354], [151.2711917, -33.914527], [151.2715428, -33.9143298], [151.2714915, -33.9142039], [151.2714873, -33.9138957], [151.2715528, -33.9137745], [151.2717429, -33.9136523], [151.271894, -33.9133797], [151.2716965, -33.9132095], [151.2715023, -33.9130783], [151.2713885, -33.9128491], [151.2711473, -33.9126352], [151.2714366, -33.9125389], [151.2714576, -33.9124024], [151.2712744, -33.91237], [151.2712084, -33.9121271], [151.2712736, -33.9120113], [151.2711457, -33.9119178], [151.2710944, -33.9115129], [151.2708719, -33.9112472], [151.2708767, -33.9111417]]}}, {"type": "Feature", "properties": {"kind": "coastline", "highway": null, "name": null, "osm_id": 383586422}, "geometry": {"type": "LineString", "coordinates": [[151.2693834, -33.9025524], [151.2699322, -33.9024146], [151.2701514, -33.9022611], [151.2703096, -33.9022864], [151.2703942, -33.9021621], [151.2703877, -33.902028], [151.2703466, -33.9017807], [151.2703359, -33.9013714]]}}, {"type": "Feature", "properties": {"kind": "road", "highway": "secondary", "name": "Birrell Street", "osm_id": 383586423}, "geometry": {"type": "LineString", "coordinates": [[151.2611325, -33.8974211], [151.2617189, -33.8975202], [151.2627037, -33.8976792], [151.2627583, -33.8976954]]}}, {"type": "Feature", "properties": {"kind": "road", "highway": "residential", "name": "Dickson Street", "osm_id": 383586424}, "geometry": {"type": "LineString", "coordinates": [[151.2609775, -33.8981491], [151.2610395, -33.897868], [151.2611165, -33.8974941], [151.2611325, -33.8974211]]}}, {"type": "Feature", "properties": {"kind": "coastline", "highway": null, "name": null, "osm_id": 383661766}, "geometry": {"type": "LineString", "coordinates": [[151.2744369, -33.8938218], [151.2745347, -33.8936488], [151.2746482, -33.8935432], [151.2748764, -33.8933729], [151.274985, -33.8932688], [151.2751027, -33.893093], [151.2752154, -33.8930106], [151.2753261, -33.892851], [151.2754758, -33.8927038], [151.2756771, -33.8925853], [151.2759487, -33.8924246], [151.2762661, -33.8922106], [151.2764422, -33.892135], [151.2769838, -33.8919103], [151.2772361, -33.8917937], [151.2774067, -33.8916787], [151.278005, -33.8913922], [151.2782353, -33.8913175], [151.2787099, -33.8911735], [151.2793404, -33.8910264], [151.279944, -33.8909039], [151.2801802, -33.8908716], [151.2805153, -33.8908663], [151.2809794, -33.8908667], [151.2812515, -33.8908718], [151.2814443, -33.8908893], [151.2816214, -33.8909219], [151.2818693, -33.890989], [151.2820067, -33.8910362], [151.2820427, -33.8910557]]}}, {"type": "Feature", "properties": {"kind": "coastline", "highway": null, "name": null, "osm_id": 383661768}, "geometry": {"type": "LineString", "coordinates": [[151.285705, -33.8914814], [151.2857027, -33.8914314], [151.2857502, -33.8914507], [151.2858229, -33.8914415], [151.2857929, -33.8913908], [151.2857814, -33.8913586], [151.2856986, -33.8913438], [151.2857334, -33.8911946], [151.2857495, -33.8910232], [151.2857965, -33.8909441], [151.2858716, -33.8908952], [151.2859185, -33.8908774], [151.2859869, -33.890824], [151.2859091, -33.8907627], [151.2858407, -33.890697], [151.2857951, -33.8906714], [151.2859507, -33.8906346], [151.2858916, -33.8905], [151.2858421, -33.8904209], [151.2858568, -33.8903586], [151.285885, -33.8902829], [151.2858394, -33.8901682], [151.2856529, -33.8901269], [151.2855899, -33.890078], [151.2855752, -33.8900235], [151.2855631, -33.8899667], [151.2856221, -33.8898832], [151.2856181, -33.889773], [151.2856664, -33.8897307], [151.285665, -33.8895882], [151.2856355, -33.8893822], [151.2856758, -33.8893065], [151.2857857, -33.8892342], [151.2857254, -33.8891418], [151.2857079, -33.8890705], [151.2857428, -33.8890004], [151.2858916, -33.8890293], [151.2859319, -33.8889503], [151.2858219, -33.8888423], [151.2858058, -33.8887878], [151.2859266, -33.8887867], [151.2859199, -33.8887399], [151.2859293, -33.888653], [151.2859226, -33.8885829], [151.2859427, -33.8885473], [151.2859802, -33.8884026], [151.2858126, -33.8883057], [151.2857106, -33.8882456], [151.2857509, -33.888181], [151.2858072, -33.8881777], [151.285885, -33.8882066], [151.2859721, -33.8881499], [151.2860138, -33.8880408], [151.2862082, -33.8878493], [151.2861814, -33.8877201], [151.2861599, -33.8875431], [151.2861411, -33.8874584], [151.2860257, -33.8873352], [151.2861001, -33.8872393], [151.2860572, -33.887159], [151.2858742, -33.8871512], [151.2859198, -33.8870777], [151.2858622, -33.8870299], [151.2857522, -33.8869753], [151.2857777, -33.8868952], [151.2858152, -33.8868016], [151.2857884, -33.8867326], [151.2857777, -33.8866458], [151.2858058, -33.8865244], [151.2858434, -33.8863285], [151.2858474, -33.8859967], [151.2858058, -33.8859043], [151.2856667, -33.8858442], [151.2856176, -33.8858164], [151.2854234, -33.8856783], [151.2854853, -33.8856622], [151.2855611, -33.8856254], [151.2855645, -33.885582], [151.2855457, -33.8855492], [151.2855537, -33.8854968], [151.2855993, -33.8855091], [151.2856342, -33.8854812], [151.2856409, -33.88539], [151.2856033, -33.8853677], [151.2855323, -33.8853454], [151.28561, -33.8853154], [151.2857294, -33.8852564], [151.2856449, -33.8851105], [151.2855162, -33.8851261], [151.2854625, -33.8850693], [151.2854035, -33.8849959], [151.2853767, -33.8849245], [151.2852909, -33.8848556], [151.2852346, -33.8847849], [151.285169, -33.8846668], [151.2851243, -33.8846028], [151.2851006, -33.884477], [151.2851213, -33.884361], [151.285207, -33.8842724], [151.2852672, -33.8840451], [151.28522, -33.883926], [151.285024, -33.8838079], [151.2849382, -33.8837968], [151.2848416, -33.8837567], [151.2847558, -33.8836498], [151.2846922, -33.8835092], [151.284656, -33.8833282]]}}, {"type": "Feature", "properties": {"kind": "road", "highway": "tertiary", "name": "Brighton Boulevard", "osm_id": 383661770}, "geometry": {"type": "LineString", "coordinates": [[151.2829724, -33.8898051], [151.2829162, -33.8897687]]}}, {"type": "Feature", "properties": {"kind": "road", "highway": "tertiary", "name": "Military Road", "osm_id": 383661772}, "geometry": {"type": "LineString", "coordinates": [[151.2825032, -33.8830208], [151.2825074, -33.8829039], [151.2825073, -33.8828791], [151.2825275, -33.8825041]]}}, {"type": "Feature", "properties": {"kind": "road", "highway": "tertiary", "name": "Military Road", "osm_id": 383661773}, "geometry": {"type": "LineString", "coordinates": [[151.2842501, -33.8858867], [151.2842228, -33.8858061], [151.2841969, -33.8857427], [151.2841056, -33.8855196], [151.2840496, -33.8854029], [151.28399, -33.8853184], [151.2839039, -33.8852327], [151.28372, -33.8850587], [151.2835347, -33.8848924], [151.2834063, -33.8847465], [151.2833183, -33.8846226], [151.282566, -33.8836012], [151.2825171, -33.883497], [151.2824993, -33.8833873], [151.2824993, -33.8831987], [151.2825032, -33.8830208]]}}, {"type": "Feature", "properties": {"kind": "road", "highway": "primary", "name": "Old South Head Road", "osm_id": 383661774}, "geometry": {"type": "LineString", "coordinates": [[151.2701865, -33.8813671], [151.2702087, -33.8812552], [151.2702343, -33.881187], [151.2702912, -33.881052], [151.2703161, -33.8809866], [151.2703315, -33.8809202], [151.2703453, -33.8808504], [151.270369, -33.8807441], [151.2703927, -33.8806232], [151.2704083, -33.8805177], [151.2704189, -33.8804094], [151.2704277, -33.8802972], [151.2704617, -33.8802213]]}}, {"type": "Feature", "properties": {"kind": "road", "highway": "unclassified", "name": "Ramsgate Avenue", "osm_id": 383661777}, "geometry": {"type": "LineString", "coordinates": [[151.2812619, -33.8897685], [151.281307, -33.8898373], [151.2813347, -33.8898546], [151.2817682, -33.8901252], [151.282262, -33.8904237]]}}, {"type": "Feature", "properties": {"kind": "road", "highway": "tertiary", "name": "Hardy Street", "osm_id": 383741547}, "geometry": {"type": "LineString", "coordinates": [[151.2775089, -33.8786041], [151.2772421, -33.8799438], [151.2770701, -33.8809859], [151.2770604, -33.8810522], [151.2768624, -33.8820449], [151.2768608, -33.8820529], [151.2768492, -33.882112]]}}, {"type": "Feature", "properties": {"kind": "road", "highway": "residential", "name": "Campbell Street", "osm_id": 384153687}, "geometry": {"type": "LineString", "coordinates": [[151.2552336, -33.8989084], [151.2551173, -33.8994157], [151.2550013, -33.9000696], [151.2549706, -33.9001706], [151.2549399, -33.9003245], [151.2549254, -33.9003974]]}}, {"type": "Feature", "properties": {"kind": "road", "highway": "residential", "name": "Kendall Street", "osm_id": 384414966}, "geometry": {"type": "LineString", "coordinates": [[151.2555666, -33.8893658], [151.255567, -33.8893157], [151.2556355, -33.888952]]}}, {"type": "Feature", "properties": {"kind": "road", "highway": "residential", "name": "Turner Street", "osm_id": 384615356}, "geometry": {"type": "LineString", "coordinates": [[151.2663713, -33.8996443], [151.2673764, -33.8998061]]}}, {"type": "Feature", "properties": {"kind": "road", "highway": "footway", "name": null, "osm_id": 384615639}, "geometry": {"type": "LineString", "coordinates": [[151.2711088, -33.898434], [151.2711251, -33.8983507], [151.2712135, -33.8978978]]}}, {"type": "Feature", "properties": {"kind": "road", "highway": "footway", "name": null, "osm_id": 384765507}, "geometry": {"type": "LineString", "coordinates": [[151.2839792, -33.8920996], [151.2839474, -33.8921492], [151.2838957, -33.8921534], [151.2834643, -33.8921883], [151.2834394, -33.8921903], [151.2833787, -33.8921952]]}}, {"type": "Feature", "properties": {"kind": "road", "highway": "residential", "name": null, "osm_id": 384765508}, "geometry": {"type": "LineString", "coordinates": [[151.2847363, -33.8898169], [151.2847611, -33.8897836], [151.284802, -33.8897647], [151.2848624, -33.8897647], [151.2851121, -33.8898124]]}}, {"type": "Feature", "properties": {"kind": "road", "highway": "footway", "name": null, "osm_id": 384765509}, "geometry": {"type": "LineString", "coordinates": [[151.2671821, -33.8864134], [151.2680502, -33.8869845]]}}, {"type": "Feature", "properties": {"kind": "road", "highway": "residential", "name": "Henderson Street", "osm_id": 384766429}, "geometry": {"type": "LineString", "coordinates": [[151.2653468, -33.8931989], [151.2652809, -33.8934918], [151.2652802, -33.8935122], [151.2652836, -33.8935322], [151.2652833, -33.893553], [151.2652453, -33.8937175], [151.2651727, -33.8940638], [151.2651659, -33.8940885], [151.2651436, -33.8941369]]}}, {"type": "Feature", "properties": {"kind": "road", "highway": "footway", "name": null, "osm_id": 384766431}, "geometry": {"type": "LineString", "coordinates": [[151.2685586, -33.8920938], [151.2685157, -33.8921398], [151.2681155, -33.8925691]]}}, {"type": "Feature", "properties": {"kind": "road", "highway": "footway", "name": null, "osm_id": 384766434}, "geometry": {"type": "LineString", "coordinates": [[151.267222, -33.8912282], [151.2671893, -33.8912629], [151.2668884, -33.8915818]]}}, {"type": "Feature", "properties": {"kind": "road", "highway": "residential", "name": "Francis Street", "osm_id": 384766435}, "geometry": {"type": "LineString", "coordinates": [[151.2666348, -33.8907622], [151.2661857, -33.8904609], [151.2661787, -33.8904562], [151.266092, -33.890398]]}}, {"type": "Feature", "properties": {"kind": "road", "highway": "residential", "name": "Francis Street", "osm_id": 384766437}, "geometry": {"type": "LineString", "coordinates": [[151.2699032, -33.892869], [151.2697516, -33.8927921], [151.2689932, -33.8922946]]}}, {"type": "Feature", "properties": {"kind": "road", "highway": "residential", "name": "Avoca Street", "osm_id": 384766438}, "geometry": {"type": "LineString", "coordinates": [[151.2650255, -33.8946155], [151.2647643, -33.8960136], [151.2646923, -33.8963841]]}}, {"type": "Feature", "properties": {"kind": "road", "highway": "footway", "name": null, "osm_id": 384767031}, "geometry": {"type": "LineString", "coordinates": [[151.2642762, -33.8955761], [151.2642992, -33.8956562], [151.2642925, -33.8957051], [151.2642523, -33.8958988], [151.2642523, -33.8959267], [151.264271, -33.8959456], [151.2647643, -33.8960136]]}}, {"type": "Feature", "properties": {"kind": "road", "highway": "residential", "name": "Coulton Street", "osm_id": 384767034}, "geometry": {"type": "LineString", "coordinates": [[151.2634314, -33.8946796], [151.2635279, -33.8946932], [151.2639063, -33.8947467], [151.2640009, -33.8947758], [151.2643616, -33.8948226], [151.2643965, -33.8948337], [151.2644139, -33.8948482], [151.2644139, -33.8948649], [151.2644045, -33.8948794], [151.264385, -33.8948869], [151.2643421, -33.8948814], [151.264084, -33.8948415], [151.2640323, -33.8948268], [151.2640076, -33.8948115], [151.2639988, -33.8947945], [151.2640009, -33.8947758]]}}, {"type": "Feature", "properties": {"kind": "road", "highway": "residential", "name": "Darling Street", "osm_id": 388029195}, "geometry": {"type": "LineString", "coordinates": [[151.2676293, -33.9001539], [151.2674638, -33.9002055], [151.2673904, -33.9002067], [151.267328, -33.9002029], [151.2664095, -33.9000767], [151.2662729, -33.9000538], [151.2653461, -33.8998987], [151.2652331, -33.8998798]]}}, {"type": "Feature", "properties": {"kind": "road", "highway": "residential", "name": "Goldie Avenue", "osm_id": 388029196}, "geometry": {"type": "LineString", "coordinates": [[151.2561847, -33.8958844], [151.2561884, -33.895903], [151.2561857, -33.895921], [151.2561313, -33.8961875], [151.2560444, -33.8966236], [151.2560296, -33.8966975]]}}, {"type": "Feature", "properties": {"kind": "road", "highway": "tertiary", "name": "Edgecliff Road", "osm_id": 408798289}, "geometry": {"type": "LineString", "coordinates": [[151.2555666, -33.8893658], [151.2558463, -33.8893717], [151.2558813, -33.8893732], [151.2560715, -33.8893655]]}}, {"type": "Feature", "properties": {"kind": "road", "highway": "tertiary", "name": "Edgecliff Road", "osm_id": 408798293}, "geometry": {"type": "LineString", "coordinates": [[151.2551081, -33.8894227], [151.2548261, -33.889425], [151.2546577, -33.8894079]]}}, {"type": "Feature", "properties": {"kind": "park", "highway": null, "name": "Bradley Avenue Reserve", "osm_id": 409047621}, "geometry": {"type": "Polygon", "coordinates": [[[151.2586196, -33.8846116], [151.2587233, -33.8847483], [151.2589875, -33.8845425], [151.2590807, -33.8844699], [151.2593606, -33.8842522], [151.2593915, -33.8842282], [151.2593597, -33.8841437], [151.2593227, -33.8840767], [151.2593181, -33.8840681], [151.2592905, -33.8840896], [151.2586196, -33.8846116]]]}}, {"type": "Feature", "properties": {"kind": "road", "highway": "footway", "name": "Riddell Street", "osm_id": 409047622}, "geometry": {"type": "LineString", "coordinates": [[151.2586032, -33.8846857], [151.2586337, -33.8846139], [151.2589162, -33.8843964]]}}, {"type": "Feature", "properties": {"kind": "road", "highway": "tertiary", "name": "Victoria Road", "osm_id": 409047628}, "geometry": {"type": "LineString", "coordinates": [[151.2595075, -33.8854514], [151.2595699, -33.8850022]]}}, {"type": "Feature", "properties": {"kind": "road", "highway": "tertiary", "name": "Victoria Road", "osm_id": 409047652}, "geometry": {"type": "LineString", "coordinates": [[151.259543, -33.8861138], [151.2595142, -33.8860701]]}}, {"type": "Feature", "properties": {"kind": "road", "highway": "tertiary", "name": "Victoria Road", "osm_id": 409047704}, "geometry": {"type": "LineString", "coordinates": [[151.2595699, -33.8850022], [151.2595819, -33.884881], [151.2595812, -33.8847746], [151.2595734, -33.8846895], [151.2595246, -33.8844347], [151.2594215, -33.8841138], [151.2593734, -33.8840182]]}}, {"type": "Feature", "properties": {"kind": "road", "highway": "residential", "name": "Balfour Road", "osm_id": 409055291}, "geometry": {"type": "LineString", "coordinates": [[151.2602383, -33.8802415], [151.260352, -33.880346], [151.2604895, -33.8804738]]}}, {"type": "Feature", "properties": {"kind": "road", "highway": "residential", "name": "Boronia Road", "osm_id": 409055292}, "geometry": {"type": "LineString", "coordinates": [[151.264889, -33.8831267], [151.2650034, -33.8830336]]}}, {"type": "Feature", "properties": {"kind": "road", "highway": "residential", "name": "Boronia Road", "osm_id": 409055293}, "geometry": {"type": "LineString", "coordinates": [[151.2650034, -33.8830336], [151.2650549, -33.8829913]]}}, {"type": "Feature", "properties": {"kind": "road", "highway": "residential", "name": "Bunyula Road", "osm_id": 409055294}, "geometry": {"type": "LineString", "coordinates": [[151.2637506, -33.8815268], [151.2637965, -33.8814908]]}}, {"type": "Feature", "properties": {"kind": "road", "highway": "residential", "name": "Bunyula Road", "osm_id": 409055295}, "geometry": {"type": "LineString", "coordinates": [[151.2636359, -33.8816163], [151.2637506, -33.8815268]]}}, {"type": "Feature", "properties": {"kind": "road", "highway": "residential", "name": "Bunyula Road", "osm_id": 409055296}, "geometry": {"type": "LineString", "coordinates": [[151.2605649, -33.8808502], [151.260582, -33.8809322], [151.2606121, -33.8810813]]}}, {"type": "Feature", "properties": {"kind": "road", "highway": "residential", "name": "Drumalbyn Road", "osm_id": 409055297}, "geometry": {"type": "LineString", "coordinates": [[151.2590839, -33.8833978], [151.2589323, -33.8831529]]}}, {"type": "Feature", "properties": {"kind": "road", "highway": "residential", "name": "Drumalbyn Road", "osm_id": 409055298}, "geometry": {"type": "LineString", "coordinates": [[151.2590913, -33.8836102], [151.2591348, -33.8835634], [151.2591454, -33.8835195], [151.2590839, -33.8833978]]}}, {"type": "Feature", "properties": {"kind": "road", "highway": "residential", "name": "Latimer Road", "osm_id": 409055299}, "geometry": {"type": "LineString", "coordinates": [[151.2604369, -33.8809021], [151.2604438, -33.8808833], [151.2604697, -33.8808602], [151.2604898, -33.8808569], [151.2605192, -33.8808521], [151.2605649, -33.8808502]]}}, {"type": "Feature", "properties": {"kind": "road", "highway": "residential", "name": "Latimer Road", "osm_id": 409055300}, "geometry": {"type": "LineString", "coordinates": [[151.2604015, -33.8809895], [151.2604369, -33.8809021]]}}, {"type": "Feature", "properties": {"kind": "road", "highway": "secondary", "name": "O'Sullivan Road", "osm_id": 409055305}, "geometry": {"type": "LineString", "coordinates": [[151.267462, -33.8849128], [151.2675507, -33.8849453], [151.2676871, -33.8849797], [151.2679508, -33.8849989]]}}, {"type": "Feature", "properties": {"kind": "road", "highway": "footway", "name": "Yawang Lane", "osm_id": 409055312}, "geometry": {"type": "LineString", "coordinates": [[151.264748, -33.8876296], [151.2646121, -33.8874074]]}}, {"type": "Feature", "properties": {"kind": "road", "highway": "tertiary", "name": "Banksia Road", "osm_id": 409186102}, "geometry": {"type": "LineString", "coordinates": [[151.2624104, -33.8867824], [151.2624144, -33.886759], [151.262425, -33.8866972], [151.2624328, -33.8866484]]}}, {"type": "Feature", "properties": {"kind": "park", "highway": null, "name": "Bellevue Park", "osm_id": 409186104}, "geometry": {"type": "Polygon", "coordinates": [[[151.260547, -33.8864516], [151.2607501, -33.8864593], [151.2607912, -33.8864805], [151.2611341, -33.8864926], [151.2610977, -33.8866355], [151.2611424, -33.8866687], [151.2612498, -33.8867927], [151.2613006, -33.8869357], [151.2613035, -33.8869439], [151.2613046, -33.8869561], [151.2613222, -33.8871436], [151.2612872, -33.8872288], [151.2612498, -33.887318], [151.2612256, -33.887362], [151.2611424, -33.887475], [151.2609883, -33.8875913], [151.2608014, -33.887661], [151.2607753, -33.8876645], [151.2607533, -33.8876669], [151.260575, -33.8876863], [151.2603532, -33.8876669], [151.2601617, -33.8875855], [151.2600006, -33.8874653], [151.2599285, -33.8873907], [151.2598889, -33.8873121], [151.2598791, -33.8872928], [151.2598371, -33.8870583], [151.2598721, -33.8868664], [151.2599819, -33.8867016], [151.2600963, -33.8865989], [151.2602901, -33.886502], [151.2604232, -33.886469], [151.2604841, -33.8864604], [151.260547, -33.8864516]]]}}, {"type": "Feature", "properties": {"kind": "road", "highway": "residential", "name": "Benelong Crescent", "osm_id": 409186105}, "geometry": {"type": "LineString", "coordinates": [[151.2641747, -33.8868787], [151.2641859, -33.8868525], [151.2641949, -33.8868314]]}}, {"type": "Feature", "properties": {"kind": "road", "highway": "residential", "name": "Benelong Crescent", "osm_id": 409186106}, "geometry": {"type": "LineString", "coordinates": [[151.2641949, -33.8868314], [151.2642936, -33.8866898], [151.2643237, -33.8866525]]}}, {"type": "Feature", "properties": {"kind": "road", "highway": "residential", "name": "Benelong Crescent", "osm_id": 409186107}, "geometry": {"type": "LineString", "coordinates": [[151.2643237, -33.8866525], [151.2643335, -33.886609], [151.2643212, -33.8865664]]}}, {"type": "Feature", "properties": {"kind": "road", "highway": "tertiary", "name": "Birriga Road", "osm_id": 409186108}, "geometry": {"type": "LineString", "coordinates": [[151.2675186, -33.8852627], [151.2676209, -33.8851658], [151.2676409, -33.8851528]]}}, {"type": "Feature", "properties": {"kind": "road", "highway": "tertiary", "name": "Birriga Road", "osm_id": 409186109}, "geometry": {"type": "LineString", "coordinates": [[151.2645724, -33.8850871], [151.2645659, -33.8849935]]}}, {"type": "Feature", "properties": {"kind": "road", "highway": "tertiary", "name": "Birriga Road", "osm_id": 409186111}, "geometry": {"type": "LineString", "coordinates": [[151.2629068, -33.8867854], [151.263052, -33.8868237], [151.2631228, -33.8868424]]}}, {"type": "Feature", "properties": {"kind": "road", "highway": "tertiary", "name": "Birriga Road", "osm_id": 409186112}, "geometry": {"type": "LineString", "coordinates": [[151.2676409, -33.8851528], [151.2677623, -33.8850925]]}}, {"type": "Feature", "properties": {"kind": "road", "highway": "tertiary", "name": "Birriga Road", "osm_id": 409186113}, "geometry": {"type": "LineString", "coordinates": [[151.2636474, -33.8869327], [151.2637845, -33.8869472], [151.2639211, -33.88696]]}}, {"type": "Feature", "properties": {"kind": "road", "highway": "tertiary", "name": "Birriga Road", "osm_id": 409186115}, "geometry": {"type": "LineString", "coordinates": [[151.2645853, -33.8868947], [151.2648219, -33.8868212], [151.2649415, -33.8867731], [151.2650647, -33.8867112]]}}, {"type": "Feature", "properties": {"kind": "road", "highway": "tertiary", "name": "Birriga Road", "osm_id": 409186116}, "geometry": {"type": "LineString", "coordinates": [[151.2593146, -33.8862298], [151.2594069, -33.8861328], [151.2594621, -33.8860969], [151.2594799, -33.8860847]]}}, {"type": "Feature", "properties": {"kind": "road", "highway": "tertiary", "name": "Birriga Road", "osm_id": 409186117}, "geometry": {"type": "LineString", "coordinates": [[151.2650647, -33.8867112], [151.2651727, -33.8866406]]}}, {"type": "Feature", "properties": {"kind": "road", "highway": "tertiary", "name": "Birriga Road", "osm_id": 409186118}, "geometry": {"type": "LineString", "coordinates": [[151.2603876, -33.8863145], [151.260222, -33.8862952], [151.2600898, -33.8862677], [151.2599267, -33.8862045], [151.2598041, -33.8861547]]}}, {"type": "Feature", "properties": {"kind": "road", "highway": "tertiary", "name": "Birriga Road", "osm_id": 409186119}, "geometry": {"type": "LineString", "coordinates": [[151.2624939, -33.8866705], [151.2626512, -33.8867172], [151.2629068, -33.8867854]]}}, {"type": "Feature", "properties": {"kind": "road", "highway": "tertiary", "name": "Birriga Road", "osm_id": 409186120}, "geometry": {"type": "LineString", "coordinates": [[151.2596352, -33.8860538], [151.2596744, -33.8860598], [151.2597546, -33.8860788], [151.2598254, -33.8861075]]}}, {"type": "Feature", "properties": {"kind": "road", "highway": "tertiary", "name": "Birriga Road", "osm_id": 409186121}, "geometry": {"type": "LineString", "coordinates": [[151.2643458, -33.8869422], [151.2644209, -33.8869319], [151.2645853, -33.8868947]]}}, {"type": "Feature", "properties": {"kind": "road", "highway": "tertiary", "name": "Birriga Road", "osm_id": 409186122}, "geometry": {"type": "LineString", "coordinates": [[151.2631228, -33.8868424], [151.2633404, -33.8868863], [151.2634937, -33.8869128], [151.2636474, -33.8869327]]}}, {"type": "Feature", "properties": {"kind": "road", "highway": "tertiary", "name": "Birriga Road", "osm_id": 409186123}, "geometry": {"type": "LineString", "coordinates": [[151.2642547, -33.8869513], [151.2642726, -33.8869491], [151.2643047, -33.8869467], [151.2643458, -33.8869422]]}}, {"type": "Feature", "properties": {"kind": "road", "highway": "tertiary", "name": "Birriga Road", "osm_id": 409186124}, "geometry": {"type": "LineString", "coordinates": [[151.2602019, -33.886247], [151.2604035, -33.8862836], [151.2604363, -33.8862848]]}}, {"type": "Feature", "properties": {"kind": "road", "highway": "tertiary", "name": "Birriga Road", "osm_id": 409186125}, "geometry": {"type": "LineString", "coordinates": [[151.2609473, -33.8863219], [151.26116, -33.8863313], [151.2614262, -33.8863604], [151.2616166, -33.8863903], [151.2616235, -33.8863914]]}}, {"type": "Feature", "properties": {"kind": "road", "highway": "tertiary", "name": "Birriga Road", "osm_id": 409186127}, "geometry": {"type": "LineString", "coordinates": [[151.2654777, -33.8848033], [151.2658851, -33.8850203], [151.2662663, -33.8852228], [151.2664298, -33.8853123], [151.2666571, -33.8854287]]}}, {"type": "Feature", "properties": {"kind": "road", "highway": "tertiary", "name": "Birriga Road", "osm_id": 409186128}, "geometry": {"type": "LineString", "coordinates": [[151.2666571, -33.8854287], [151.2667722, -33.8854668], [151.2668724, -33.8854867], [151.2669821, -33.8854984], [151.2671046, -33.8854905], [151.267215, -33.8854591], [151.2672937, -33.8854162], [151.2673428, -33.8853894], [151.2675186, -33.8852627]]}}, {"type": "Feature", "properties": {"kind": "road", "highway": "residential", "name": "Bundarra Road", "osm_id": 409186129}, "geometry": {"type": "LineString", "coordinates": [[151.2645209, -33.8851808], [151.2644729, -33.8851746], [151.2644077, -33.8851659]]}}, {"type": "Feature", "properties": {"kind": "road", "highway": "tertiary", "name": "Victoria Road", "osm_id": 409186130}, "geometry": {"type": "LineString", "coordinates": [[151.2592046, -33.8864195], [151.2593146, -33.8862298]]}}, {"type": "Feature", "properties": {"kind": "road", "highway": "tertiary", "name": "Victoria Road", "osm_id": 409186132}, "geometry": {"type": "LineString", "coordinates": [[151.2594232, -33.8862084], [151.2593402, -33.8863156], [151.259283, -33.8864102], [151.2592426, -33.8864965]]}}, {"type": "Feature", "properties": {"kind": "road", "highway": "tertiary", "name": "Victoria Road", "osm_id": 409186133}, "geometry": {"type": "LineString", "coordinates": [[151.2592426, -33.8864965], [151.2591685, -33.8866471], [151.2590436, -33.8869197], [151.2590329, -33.8869431]]}}, {"type": "Feature", "properties": {"kind": "road", "highway": "footway", "name": null, "osm_id": 409206856}, "geometry": {"type": "LineString", "coordinates": [[151.2643228, -33.8835917], [151.2644852, -33.8838701], [151.2646041, -33.884083]]}}, {"type": "Feature", "properties": {"kind": "road", "highway": "tertiary", "name": "Campbell Parade", "osm_id": 409273861}, "geometry": {"type": "LineString", "coordinates": [[151.2786745, -33.8890575], [151.2789434, -33.8891416], [151.2790756, -33.889191], [151.2792077, -33.8892432], [151.2794198, -33.8893374], [151.2796614, -33.8894632], [151.2798754, -33.8895889], [151.2799045, -33.8896065], [151.2799812, -33.8896528], [151.280094, -33.889706]]}}, {"type": "Feature", "properties": {"kind": "road", "highway": "tertiary", "name": "Campbell Parade", "osm_id": 409273862}, "geometry": {"type": "LineString", "coordinates": [[151.2797845, -33.8897069], [151.2791597, -33.8894058], [151.2790124, -33.8893479], [151.2787647, -33.8892581], [151.2784486, -33.8891768], [151.2782528, -33.8891334], [151.2780571, -33.8891], [151.2778297, -33.8890749], [151.2777332, -33.8890675], [151.2776867, -33.889064], [151.2776393, -33.8890611], [151.2776063, -33.8890592]]}}, {"type": "Feature", "properties": {"kind": "road", "highway": "tertiary", "name": "Military Road", "osm_id": 409273909}, "geometry": {"type": "LineString", "coordinates": [[151.2825275, -33.8825041], [151.2825406, -33.8816925], [151.2825374, -33.8815814], [151.2825304, -33.8814603], [151.2825127, -33.8813626], [151.2824902, -33.8812898], [151.282467, -33.8812392], [151.2824351, -33.8811845], [151.2824052, -33.8811471], [151.2823667, -33.8810987], [151.2823273, -33.8810547], [151.2822807, -33.8810158], [151.2818789, -33.8806984], [151.2814907, -33.8803791], [151.2814161, -33.8803186], [151.2813653, -33.8802685], [151.2813345, -33.8802192]]}}, {"type": "Feature", "properties": {"kind": "road", "highway": "primary", "name": "Old South Head Road", "osm_id": 409273926}, "geometry": {"type": "LineString", "coordinates": [[151.2649639, -33.8876051], [151.2648147, -33.8877293], [151.2644177, -33.8879529], [151.2643163, -33.8880048], [151.264201, -33.888051], [151.2641128, -33.8880774], [151.2640379, -33.8880935], [151.2639533, -33.8881064], [151.2638662, -33.8881156], [151.2637565, -33.8881168], [151.2636458, -33.8881097], [151.2630057, -33.8880135], [151.2629268, -33.8880028], [151.2628594, -33.8879932], [151.2627539, -33.887981], [151.2626613, -33.8879746], [151.2625705, -33.8879775], [151.2624584, -33.8879861]]}}, {"type": "Feature", "properties": {"kind": "road", "highway": "primary", "name": "Old South Head Road", "osm_id": 409273936}, "geometry": {"type": "LineString", "coordinates": [[151.261116, -33.8882059], [151.261229, -33.8881749], [151.2615333, -33.8880971], [151.2616895, -33.8880623], [151.2618158, -33.8880353], [151.2619025, -33.8880201], [151.2619263, -33.8880152], [151.2620238, -33.8879951]]}}, {"type": "Feature", "properties": {"kind": "road", "highway": "primary", "name": "Old South Head Road", "osm_id": 409273938}, "geometry": {"type": "LineString", "coordinates": [[151.269338, -33.8829539], [151.2694201, -33.8828253], [151.2694441, -33.8827847], [151.2695169, -33.8826615]]}}, {"type": "Feature", "properties": {"kind": "road", "highway": "primary", "name": "Old South Head Road", "osm_id": 409273941}, "geometry": {"type": "LineString", "coordinates": [[151.261331, -33.8882131], [151.260836, -33.8883503], [151.2606452, -33.8884007], [151.260464, -33.888453], [151.2603682, -33.888486], [151.2603069, -33.8885146], [151.2602372, -33.8885538], [151.2601955, -33.8885919], [151.2601661, -33.8886271], [151.2601104, -33.8886991], [151.2599511, -33.8889465], [151.2599011, -33.8890289], [151.2598471, -33.889108], [151.2597473, -33.8892082], [151.2596524, -33.8892903], [151.2596036, -33.8893247], [151.2595528, -33.8893514], [151.2594488, -33.8894005]]}}, {"type": "Feature", "properties": {"kind": "road", "highway": "secondary", "name": "MacPherson Street", "osm_id": 409448806}, "geometry": {"type": "LineString", "coordinates": [[151.2541357, -33.9046439], [151.2542578, -33.9046814], [151.2544394, -33.9047371], [151.2545263, -33.9047561], [151.2546264, -33.9047731], [151.2558326, -33.9049547], [151.2565501, -33.9050633], [151.2568263, -33.9051051]]}}, {"type": "Feature", "properties": {"kind": "road", "highway": "footway", "name": null, "osm_id": 410973282}, "geometry": {"type": "LineString", "coordinates": [[151.2599285, -33.8873907], [151.2599598, -33.8873816], [151.2600053, -33.8873683], [151.2601032, -33.8873397], [151.2601706, -33.8872983], [151.2603374, -33.887196], [151.2603577, -33.8871838], [151.2604517, -33.8871275], [151.2605366, -33.8870709], [151.2606137, -33.8870126], [151.2606645, -33.8869742], [151.2606905, -33.8869406]]}}, {"type": "Feature", "properties": {"kind": "road", "highway": "footway", "name": null, "osm_id": 410973319}, "geometry": {"type": "LineString", "coordinates": [[151.258733, -33.8870564], [151.2587069, -33.8869917], [151.258659, -33.8869251], [151.2585793, -33.8868112], [151.2585239, -33.8867679], [151.2584416, -33.8867034], [151.2583541, -33.886636], [151.2581854, -33.8865617], [151.2579562, -33.8864608], [151.2571047, -33.8861806], [151.2569977, -33.8861366], [151.2565615, -33.8859573], [151.2561739, -33.8857149], [151.2556997, -33.8854578], [151.2554767, -33.8852757], [151.2548803, -33.8847674], [151.2545884, -33.8846366], [151.2536169, -33.8835495], [151.2535478, -33.8835216], [151.2535248, -33.8835422], [151.253516, -33.8835672], [151.2535524, -33.8837616], [151.2535638, -33.8838228], [151.2536115, -33.8842885], [151.2536186, -33.8844589], [151.2536505, -33.8845412], [151.2536027, -33.8847336], [151.253579, -33.8848799], [151.2536947, -33.8852845], [151.2536086, -33.8853298], [151.2537549, -33.885568], [151.2537814, -33.8855886]]}}, {"type": "Feature", "properties": {"kind": "road", "highway": "tertiary", "name": "O'Brien Street", "osm_id": 422643814}, "geometry": {"type": "LineString", "coordinates": [[151.2708926, -33.8892526], [151.2708367, -33.889246], [151.2707904, -33.8892208], [151.2707543, -33.8892094], [151.2707062, -33.8891942], [151.2707038, -33.8891934], [151.2706656, -33.8891833], [151.2706283, -33.8891734], [151.270551, -33.8891646], [151.2705173, -33.8891428]]}}, {"type": "Feature", "properties": {"kind": "road", "highway": "tertiary", "name": "Hall Street", "osm_id": 422643815}, "geometry": {"type": "LineString", "coordinates": [[151.2709153, -33.8892679], [151.2715271, -33.8896741], [151.2715997, -33.8897175], [151.2723342, -33.8902044], [151.2730228, -33.8906568], [151.2731099, -33.8907145], [151.2733899, -33.890899], [151.2735591, -33.89101], [151.2738449, -33.8911995], [151.2738852, -33.8912262], [151.2739917, -33.8912968]]}}, {"type": "Feature", "properties": {"kind": "road", "highway": "residential", "name": "Denham Street", "osm_id": 422643816}, "geometry": {"type": "LineString", "coordinates": [[151.2686203, -33.8942893], [151.2686369, -33.8942125], [151.2686553, -33.8941303], [151.2687599, -33.8936274], [151.2688133, -33.8933663], [151.2688445, -33.8932428], [151.2688694, -33.8931934], [151.2688913, -33.8931695], [151.268901, -33.8931601], [151.2689368, -33.8931479], [151.2689701, -33.8931445], [151.2690444, -33.8931368]]}}, {"type": "Feature", "properties": {"kind": "road", "highway": "footway", "name": null, "osm_id": 448038495}, "geometry": {"type": "LineString", "coordinates": [[151.2834004, -33.8834108], [151.283214, -33.8833384], [151.2831619, -33.8833272], [151.2831462, -33.8833116], [151.2830493, -33.8831914], [151.2830139, -33.8831187], [151.283009, -33.8829801]]}}, {"type": "Feature", "properties": {"kind": "road", "highway": "footway", "name": null, "osm_id": 448038500}, "geometry": {"type": "LineString", "coordinates": [[151.2746771, -33.8960957], [151.2745941, -33.895964]]}}, {"type": "Feature", "properties": {"kind": "road", "highway": "footway", "name": null, "osm_id": 448038501}, "geometry": {"type": "LineString", "coordinates": [[151.2741252, -33.894634], [151.2741172, -33.8946079], [151.2741084, -33.8945798], [151.274084, -33.8945576]]}}, {"type": "Feature", "properties": {"kind": "road", "highway": "footway", "name": "Eastern Beaches Coastal Walk", "osm_id": 450313565}, "geometry": {"type": "LineString", "coordinates": [[151.2746018, -33.8961912], [151.2745805, -33.8962109], [151.2744802, -33.8962905], [151.2743274, -33.8962673], [151.2742777, -33.8962816], [151.2742627, -33.8963022], [151.274251, -33.8963448], [151.2741315, -33.8964261], [151.2741152, -33.8964716], [151.2741373, -33.8965094], [151.2741968, -33.8965828], [151.2742071, -33.8966147], [151.2742208, -33.8967224], [151.2742876, -33.896869], [151.2743154, -33.8969281], [151.2743245, -33.8969931], [151.2743475, -33.8970511], [151.2745011, -33.8972283], [151.2744769, -33.8972314]]}}, {"type": "Feature", "properties": {"kind": "road", "highway": "footway", "name": "Eastern Beaches Coastal Walk", "osm_id": 450313566}, "geometry": {"type": "LineString", "coordinates": [[151.2715069, -33.9000951], [151.2714553, -33.9000959], [151.2712402, -33.9001356], [151.2711328, -33.9001306], [151.2710785, -33.9000706], [151.2710323, -33.9000488], [151.2710162, -33.9000305], [151.2708152, -33.8999089], [151.2707798, -33.8998468]]}}, {"type": "Feature", "properties": {"kind": "park", "highway": null, "name": "Gaerloch Reserve", "osm_id": 450313569}, "geometry": {"type": "Polygon", "coordinates": [[[151.2716223, -33.8993754], [151.2715494, -33.899483], [151.2715376, -33.8995235], [151.2715591, -33.8995524], [151.2719333, -33.8997238], [151.2719534, -33.8996927], [151.2719668, -33.8996615], [151.2720124, -33.8996359], [151.2720325, -33.8996092], [151.2720124, -33.8995546], [151.2720486, -33.8994366], [151.2720835, -33.8994366], [151.2721076, -33.8994277], [151.2721519, -33.8994077], [151.2722189, -33.8993765], [151.2723423, -33.8993443], [151.2723785, -33.8993276], [151.2724536, -33.899342], [151.2724845, -33.8993376], [151.272522, -33.8992942], [151.2725756, -33.8992719], [151.2726078, -33.8992886], [151.2726561, -33.8992808], [151.272695, -33.8992663], [151.2727366, -33.8992674], [151.2727862, -33.8992574], [151.272801, -33.8992463], [151.2728546, -33.8989513], [151.2726816, -33.8989324], [151.2726548, -33.8988723], [151.272602, -33.8989065], [151.2724858, -33.8989513], [151.2723839, -33.8989925], [151.2723141, -33.899007], [151.2719211, -33.8990839], [151.2718682, -33.8990996], [151.2718175, -33.8991219], [151.2717543, -33.8991739], [151.2716223, -33.8993754]]]}}, {"type": "Feature", "properties": {"kind": "park", "highway": null, "name": "Hunter Park", "osm_id": 450313570}, "geometry": {"type": "Polygon", "coordinates": [[[151.2733744, -33.8951354], [151.273338, -33.8952398], [151.2732527, -33.8954284], [151.2731242, -33.8955725], [151.2730133, -33.8956266], [151.2728855, -33.895668], [151.2728415, -33.8956974], [151.2728148, -33.8957402], [151.2728126, -33.8958313], [151.2728426, -33.8960123], [151.2735807, -33.8961174], [151.2735927, -33.8960699], [151.2740282, -33.8963626], [151.2742662, -33.8964731], [151.2743399, -33.8965054], [151.2743748, -33.8963574], [151.2744164, -33.8963128], [151.2744814, -33.8963084], [151.2745726, -33.8963012], [151.2746263, -33.8962227], [151.2746752, -33.8961915], [151.2747691, -33.8961776], [151.2747939, -33.8961492], [151.2747885, -33.8960757], [151.2745308, -33.8958819], [151.2744991, -33.8958754], [151.2744698, -33.8958695], [151.2744571, -33.8958764], [151.2744519, -33.8958936], [151.2744576, -33.8959129], [151.2744734, -33.895938], [151.2744909, -33.8959936], [151.2744862, -33.8960219], [151.2744479, -33.8960643], [151.2744113, -33.8960712], [151.274374, -33.8960696], [151.2743444, -33.8960561], [151.2743255, -33.8960375], [151.2743204, -33.8960127], [151.2743276, -33.8959757], [151.2743371, -33.8959329], [151.2743486, -33.8958847], [151.274364, -33.8958258], [151.2743275, -33.8957918], [151.2742915, -33.8957434], [151.2733744, -33.8951354]]]}}, {"type": "Feature", "properties": {"kind": "road", "highway": "residential", "name": "Wilga Street", "osm_id": 450313571}, "geometry": {"type": "LineString", "coordinates": [[151.2728016, -33.8964358], [151.2728729, -33.8964585], [151.2729107, -33.8964631], [151.2730985, -33.8964861], [151.2731866, -33.8964808], [151.2735148, -33.8965278], [151.2736356, -33.8965519], [151.2737178, -33.8965745]]}}, {"type": "Feature", "properties": {"kind": "road", "highway": "footway", "name": "beach promenade", "osm_id": 450313573}, "geometry": {"type": "LineString", "coordinates": [[151.2695545, -33.9001015], [151.2695476, -33.9001531]]}}, {"type": "Feature", "properties": {"kind": "road", "highway": "footway", "name": null, "osm_id": 450313575}, "geometry": {"type": "LineString", "coordinates": [[151.2742295, -33.8949641], [151.2742327, -33.8949745], [151.2743664, -33.8949826], [151.2744431, -33.8951768], [151.2745854, -33.8954139], [151.2746265, -33.8954856], [151.2746332, -33.8954972]]}}, {"type": "Feature", "properties": {"kind": "road", "highway": "footway", "name": null, "osm_id": 450313581}, "geometry": {"type": "LineString", "coordinates": [[151.2716866, -33.8994585], [151.2716485, -33.8995077]]}}, {"type": "Feature", "properties": {"kind": "road", "highway": "footway", "name": null, "osm_id": 450313582}, "geometry": {"type": "LineString", "coordinates": [[151.2744063, -33.8990234], [151.2744113, -33.8991358]]}}, {"type": "Feature", "properties": {"kind": "road", "highway": "footway", "name": null, "osm_id": 450313584}, "geometry": {"type": "LineString", "coordinates": [[151.2742863, -33.8956703], [151.2743077, -33.8956536]]}}, {"type": "Feature", "properties": {"kind": "road", "highway": "footway", "name": null, "osm_id": 450313586}, "geometry": {"type": "LineString", "coordinates": [[151.2740029, -33.8946226], [151.2740461, -33.894784], [151.2741098, -33.8950128], [151.274173, -33.8952503], [151.2741927, -33.8953191], [151.2742075, -33.8953711], [151.2742729, -33.8955998]]}}, {"type": "Feature", "properties": {"kind": "road", "highway": "footway", "name": null, "osm_id": 450313587}, "geometry": {"type": "LineString", "coordinates": [[151.2744077, -33.8988971], [151.2744079, -33.8989143], [151.2744067, -33.898995]]}}, {"type": "Feature", "properties": {"kind": "road", "highway": "footway", "name": "Coastal Walk", "osm_id": 450313588}, "geometry": {"type": "LineString", "coordinates": [[151.2746453, -33.8958335], [151.2746651, -33.8958696], [151.2746694, -33.8959214], [151.2747048, -33.8960433]]}}, {"type": "Feature", "properties": {"kind": "road", "highway": "footway", "name": null, "osm_id": 450313589}, "geometry": {"type": "LineString", "coordinates": [[151.2747089, -33.8960627], [151.2746982, -33.8960819], [151.2746771, -33.8960957], [151.2746725, -33.896126], [151.2746299, -33.8961669]]}}, {"type": "Feature", "properties": {"kind": "road", "highway": "footway", "name": null, "osm_id": 450313590}, "geometry": {"type": "LineString", "coordinates": [[151.2717377, -33.8993989], [151.2717549, -33.8993189], [151.2717784, -33.8992404], [151.2717844, -33.8991597], [151.2717628, -33.8991409]]}}, {"type": "Feature", "properties": {"kind": "road", "highway": "footway", "name": null, "osm_id": 450313591}, "geometry": {"type": "LineString", "coordinates": [[151.2724842, -33.899173], [151.2724234, -33.8991364]]}}, {"type": "Feature", "properties": {"kind": "road", "highway": "footway", "name": null, "osm_id": 450313593}, "geometry": {"type": "LineString", "coordinates": [[151.2728029, -33.8958403], [151.2728383, -33.8958386], [151.2729157, -33.8957879], [151.2730619, -33.8957489], [151.2731886, -33.8957483], [151.2733581, -33.8957848], [151.2736882, -33.8958829], [151.2737834, -33.8958851], [151.2738305, -33.8958774], [151.2738786, -33.8958628], [151.2739577, -33.8958139], [151.2740543, -33.8957204], [151.274116, -33.895697], [151.274175, -33.8957048], [151.2742085, -33.8957126], [151.2742635, -33.8957059]]}}, {"type": "Feature", "properties": {"kind": "road", "highway": "footway", "name": "Eastern Beaches Coastal Walk", "osm_id": 450487787}, "geometry": {"type": "LineString", "coordinates": [[151.2743779, -33.8972308], [151.2744539, -33.8972796], [151.2747371, -33.8973945], [151.2749335, -33.8975718], [151.275036, -33.8976905], [151.2750949, -33.8977366], [151.2752652, -33.8978217], [151.2753647, -33.8978356], [151.2754726, -33.8978793], [151.2755182, -33.8979086], [151.2755818, -33.8979197], [151.2757016, -33.8980399], [151.2759205, -33.8983304], [151.2761542, -33.8985126], [151.2761777, -33.8985895], [151.2762334, -33.8986433]]}}, {"type": "Feature", "properties": {"kind": "park", "highway": null, "name": null, "osm_id": 450491077}, "geometry": {"type": "Polygon", "coordinates": [[[151.2711436, -33.8999498], [151.2716158, -33.8999933], [151.2717902, -33.8998932], [151.2718351, -33.8997961], [151.2718706, -33.8997195], [151.2720745, -33.8998086], [151.2720476, -33.8999021], [151.272045, -33.8999778], [151.2717902, -33.9001759], [151.2715809, -33.9002516], [151.2715085, -33.9002627], [151.2714039, -33.9002093], [151.2711592, -33.9001837], [151.2711033, -33.9001613], [151.2711382, -33.900021], [151.2711436, -33.8999498]]]}}, {"type": "Feature", "properties": {"kind": "road", "highway": "footway", "name": "Eastern Beaches Coastal Walk", "osm_id": 450919723}, "geometry": {"type": "LineString", "coordinates": [[151.2744166, -33.8972157], [151.2743599, -33.8971954], [151.2743475, -33.8972112], [151.2743604, -33.8972196]]}}, {"type": "Feature", "properties": {"kind": "road", "highway": "footway", "name": null, "osm_id": 450919724}, "geometry": {"type": "LineString", "coordinates": [[151.2744067, -33.8988053], [151.2744069, -33.8988234], [151.2744075, -33.8988787]]}}, {"type": "Feature", "properties": {"kind": "road", "highway": "footway", "name": null, "osm_id": 450919725}, "geometry": {"type": "LineString", "coordinates": [[151.2715255, -33.8994978], [151.2714865, -33.8994866], [151.2714318, -33.8994721]]}}, {"type": "Feature", "properties": {"kind": "road", "highway": "footway", "name": null, "osm_id": 450919729}, "geometry": {"type": "LineString", "coordinates": [[151.2707798, -33.8998468], [151.2708162, -33.8998316], [151.2710212, -33.8997155], [151.2710509, -33.8996528]]}}, {"type": "Feature", "properties": {"kind": "road", "highway": "residential", "name": "Paul Street", "osm_id": 496001068}, "geometry": {"type": "LineString", "coordinates": [[151.2562137, -33.8934457], [151.2562447, -33.8932865]]}}, {"type": "Feature", "properties": {"kind": "road", "highway": "residential", "name": "Paul Street", "osm_id": 496001069}, "geometry": {"type": "LineString", "coordinates": [[151.255965, -33.8947678], [151.2562137, -33.8934457]]}}, {"type": "Feature", "properties": {"kind": "park", "highway": null, "name": null, "osm_id": 503717182}, "geometry": {"type": "Polygon", "coordinates": [[[151.2624869, -33.9002975], [151.2624574, -33.9004334], [151.2627182, -33.9004724], [151.2627477, -33.9003365], [151.2624869, -33.9002975]]]}}, {"type": "Feature", "properties": {"kind": "road", "highway": "secondary", "name": "Curlewis Street", "osm_id": 520429224}, "geometry": {"type": "LineString", "coordinates": [[151.2719353, -33.8874032], [151.2718499, -33.887348], [151.2718279, -33.8873338], [151.2717676, -33.8872948]]}}, {"type": "Feature", "properties": {"kind": "road", "highway": "tertiary", "name": "Bellevue Road", "osm_id": 520429225}, "geometry": {"type": "LineString", "coordinates": [[151.2569301, -33.8860195], [151.25704, -33.8860658], [151.2570603, -33.886076], [151.2572588, -33.8861451], [151.2579846, -33.8863959], [151.2580918, -33.8864353], [151.2584325, -33.8866001]]}}, {"type": "Feature", "properties": {"kind": "road", "highway": "tertiary", "name": "Bellevue Road", "osm_id": 520429226}, "geometry": {"type": "LineString", "coordinates": [[151.2543501, -33.8842509], [151.2545643, -33.8844928], [151.2546454, -33.8845594], [151.254735, -33.8846133], [151.2548822, -33.8846837], [151.2551148, -33.8848295], [151.2551979, -33.884895], [151.2553194, -33.8850058]]}}, {"type": "Feature", "properties": {"kind": "road", "highway": "residential", "name": "Lamrock Avenue", "osm_id": 520429227}, "geometry": {"type": "LineString", "coordinates": [[151.2727002, -33.8923563], [151.2727292, -33.8923729], [151.2727549, -33.8923875], [151.2728383, -33.8924246], [151.2729126, -33.8924518], [151.2729711, -33.8924625], [151.2730193, -33.892475]]}}, {"type": "Feature", "properties": {"kind": "road", "highway": "tertiary", "name": "Francis Street", "osm_id": 520429229}, "geometry": {"type": "LineString", "coordinates": [[151.2652681, -33.8899159], [151.2653136, -33.8899609], [151.2653312, -33.8899726], [151.2660397, -33.8904485]]}}, {"type": "Feature", "properties": {"kind": "road", "highway": "residential", "name": "Barracluff Avenue", "osm_id": 520429230}, "geometry": {"type": "LineString", "coordinates": [[151.2672917, -33.8891407], [151.2673177, -33.8891008], [151.2673291, -33.889077], [151.2673336, -33.8890624]]}}, {"type": "Feature", "properties": {"kind": "road", "highway": "residential", "name": "Hall Street", "osm_id": 545094267}, "geometry": {"type": "LineString", "coordinates": [[151.2678028, -33.8872495], [151.2675707, -33.8871813], [151.2664885, -33.8871744], [151.2658352, -33.8871736]]}}, {"type": "Feature", "properties": {"kind": "road", "highway": "residential", "name": "Ramsgate Avenue", "osm_id": 545094268}, "geometry": {"type": "LineString", "coordinates": [[151.2784499, -33.8880519], [151.2783881, -33.8880013], [151.2783564, -33.8879753], [151.2781381, -33.8877964], [151.2778055, -33.8875459], [151.2770536, -33.8870339], [151.2770339, -33.8870196], [151.2770141, -33.887006], [151.2769867, -33.8869873], [151.276895, -33.8869247], [151.2767859, -33.8868502], [151.2767423, -33.8868231], [151.2766705, -33.8867785], [151.2766226, -33.8867539], [151.2766127, -33.8867499], [151.2765574, -33.8867271], [151.2765358, -33.8867199], [151.2764637, -33.8866958], [151.2763922, -33.8866784], [151.2763826, -33.8866767], [151.2763214, -33.8866662], [151.2762801, -33.8866599], [151.2758679, -33.8865976], [151.2757818, -33.8865857]]}}, {"type": "Feature", "properties": {"kind": "road", "highway": "tertiary", "name": "Wairoa Avenue", "osm_id": 545094269}, "geometry": {"type": "LineString", "coordinates": [[151.2780539, -33.8884579], [151.2780105, -33.888503], [151.2779222, -33.8886041]]}}, {"type": "Feature", "properties": {"kind": "road", "highway": "primary", "name": "Old South Head Road", "osm_id": 551041942}, "geometry": {"type": "LineString", "coordinates": [[151.2676935, -33.8853517], [151.2677761, -33.8852365], [151.2677846, -33.885225], [151.2678703, -33.8851089]]}}, {"type": "Feature", "properties": {"kind": "road", "highway": "tertiary", "name": "Birriga Road", "osm_id": 569752865}, "geometry": {"type": "LineString", "coordinates": [[151.2594799, -33.8860847], [151.2595142, -33.8860701]]}}, {"type": "Feature", "properties": {"kind": "road", "highway": "secondary", "name": "Penkivil Street", "osm_id": 569753690}, "geometry": {"type": "LineString", "coordinates": [[151.2620374, -33.8880532], [151.2620238, -33.8879951]]}}, {"type": "Feature", "properties": {"kind": "road", "highway": "primary", "name": "Old South Head Road", "osm_id": 569753691}, "geometry": {"type": "LineString", "coordinates": [[151.2620374, -33.8880532], [151.2619212, -33.8880801], [151.2618654, -33.888093], [151.2616679, -33.8881334], [151.261502, -33.8881718], [151.261331, -33.8882131]]}}, {"type": "Feature", "properties": {"kind": "road", "highway": "tertiary", "name": "Flood Street", "osm_id": 569753692}, "geometry": {"type": "LineString", "coordinates": [[151.2594488, -33.8894005], [151.2594281, -33.8893302]]}}, {"type": "Feature", "properties": {"kind": "road", "highway": "tertiary", "name": "Birrell Street", "osm_id": 569754510}, "geometry": {"type": "LineString", "coordinates": [[151.2636896, -33.8978631], [151.2638587, -33.8978801], [151.2639376, -33.89789]]}}, {"type": "Feature", "properties": {"kind": "road", "highway": "residential", "name": "Paul Street", "osm_id": 569754935}, "geometry": {"type": "LineString", "coordinates": [[151.2562447, -33.8932865], [151.2563069, -33.8929876]]}}, {"type": "Feature", "properties": {"kind": "road", "highway": "footway", "name": null, "osm_id": 571175674}, "geometry": {"type": "LineString", "coordinates": [[151.2744698, -33.8958695], [151.2745, -33.8959484], [151.274504, -33.896018], [151.2744705, -33.8961772], [151.2743873, -33.8962406], [151.2743364, -33.8962573]]}}, {"type": "Feature", "properties": {"kind": "road", "highway": "footway", "name": null, "osm_id": 571175676}, "geometry": {"type": "LineString", "coordinates": [[151.2734373, -33.8935031], [151.2733556, -33.8934523], [151.2733179, -33.8934482], [151.273318, -33.8935617], [151.2733056, -33.8936608], [151.2732705, -33.8937019], [151.2731914, -33.8937421]]}}, {"type": "Feature", "properties": {"kind": "road", "highway": "footway", "name": null, "osm_id": 571175678}, "geometry": {"type": "LineString", "coordinates": [[151.2734889, -33.8935347], [151.2734464, -33.8935077]]}}, {"type": "Feature", "properties": {"kind": "road", "highway": "footway", "name": null, "osm_id": 571175679}, "geometry": {"type": "LineString", "coordinates": [[151.2735131, -33.893551], [151.2735093, -33.8935152], [151.2734963, -33.8934643], [151.2734691, -33.8934093], [151.2734266, -33.8932872], [151.2733922, -33.8931628], [151.2733864, -33.8930406], [151.2734001, -33.8929422], [151.2734034, -33.8929286], [151.2734643, -33.8926658], [151.2734918, -33.8925823], [151.2735267, -33.892471], [151.2735337, -33.8924067], [151.2735287, -33.892361], [151.2735083, -33.8923171], [151.27349, -33.8922802]]}}, {"type": "Feature", "properties": {"kind": "road", "highway": "footway", "name": null, "osm_id": 571175680}, "geometry": {"type": "LineString", "coordinates": [[151.2735131, -33.893551], [151.2734989, -33.8935413]]}}, {"type": "Feature", "properties": {"kind": "road", "highway": "footway", "name": null, "osm_id": 571180592}, "geometry": {"type": "LineString", "coordinates": [[151.2745641, -33.8959119], [151.2745455, -33.8958787], [151.2745234, -33.8958656]]}}, {"type": "Feature", "properties": {"kind": "road", "highway": "pedestrian", "name": null, "osm_id": 571180594}, "geometry": {"type": "LineString", "coordinates": [[151.2761232, -33.8988963], [151.276094, -33.898886], [151.2760728, -33.8988871], [151.2760787, -33.8988749], [151.2760839, -33.8988644], [151.2760993, -33.8988759], [151.2761289, -33.8988864], [151.2761384, -33.8988784], [151.2761506, -33.8988734], [151.2761641, -33.8988721], [151.2761774, -33.8988745], [151.276189, -33.8988804], [151.2761976, -33.8988892], [151.2762021, -33.8988998], [151.2762022, -33.8989111], [151.2761978, -33.8989218], [151.2761898, -33.8989304], [151.2761788, -33.8989365], [151.2761661, -33.8989393], [151.276153, -33.8989386], [151.2761408, -33.8989344], [151.2761309, -33.8989272], [151.2761242, -33.8989178], [151.2761216, -33.8989071], [151.2761232, -33.8988963]]}}, {"type": "Feature", "properties": {"kind": "road", "highway": "footway", "name": null, "osm_id": 571180596}, "geometry": {"type": "LineString", "coordinates": [[151.2723146, -33.8990195], [151.2723047, -33.8989864]]}}, {"type": "Feature", "properties": {"kind": "road", "highway": "footway", "name": null, "osm_id": 571180600}, "geometry": {"type": "LineString", "coordinates": [[151.2693475, -33.899836], [151.2695411, -33.8998584], [151.2696206, -33.8998497], [151.2697079, -33.8998254], [151.2697303, -33.8997789], [151.2697565, -33.8997266], [151.2697901, -33.89969], [151.269837, -33.8996943], [151.2698827, -33.8997178], [151.2699406, -33.8997423], [151.2699892, -33.8997423], [151.270042, -33.8997333], [151.2701042, -33.8997289], [151.2701907, -33.8997277], [151.2702475, -33.8997356], [151.2702813, -33.8997592], [151.2702961, -33.8997801]]}}, {"type": "Feature", "properties": {"kind": "road", "highway": "footway", "name": null, "osm_id": 571182599}, "geometry": {"type": "LineString", "coordinates": [[151.2682195, -33.9026589], [151.2680829, -33.9025945]]}}, {"type": "Feature", "properties": {"kind": "road", "highway": "footway", "name": null, "osm_id": 571182600}, "geometry": {"type": "LineString", "coordinates": [[151.2682794, -33.9027179], [151.268361, -33.9027066]]}}, {"type": "Feature", "properties": {"kind": "road", "highway": "footway", "name": null, "osm_id": 571182601}, "geometry": {"type": "LineString", "coordinates": [[151.2671391, -33.9046101], [151.2671989, -33.9044968], [151.2672206, -33.904485], [151.2674297, -33.9044495], [151.2676235, -33.9043972], [151.2677925, -33.9043337], [151.2679394, -33.9042636], [151.2679689, -33.9042313], [151.2679562, -33.9041775], [151.2680109, -33.904154]]}}, {"type": "Feature", "properties": {"kind": "road", "highway": "primary", "name": "Old South Head Road", "osm_id": 574201327}, "geometry": {"type": "LineString", "coordinates": [[151.2620238, -33.8879951], [151.2620974, -33.8879806], [151.2622775, -33.8879524]]}}, {"type": "Feature", "properties": {"kind": "road", "highway": "primary", "name": "Old South Head Road", "osm_id": 574201328}, "geometry": {"type": "LineString", "coordinates": [[151.2624584, -33.8879861], [151.2623497, -33.887999], [151.2623048, -33.8880049]]}}, {"type": "Feature", "properties": {"kind": "road", "highway": "primary", "name": "Old South Head Road", "osm_id": 574201340}, "geometry": {"type": "LineString", "coordinates": [[151.2594488, -33.8894005], [151.2593801, -33.8894207], [151.2593149, -33.8894361], [151.2592677, -33.8894412], [151.2592342, -33.8894448]]}}, {"type": "Feature", "properties": {"kind": "road", "highway": "primary", "name": "Old South Head Road", "osm_id": 574201341}, "geometry": {"type": "LineString", "coordinates": [[151.2592262, -33.8893695], [151.2592506, -33.8893661], [151.2593384, -33.8893541], [151.2594281, -33.8893302]]}}, {"type": "Feature", "properties": {"kind": "road", "highway": "primary", "name": "Old South Head Road", "osm_id": 574201342}, "geometry": {"type": "LineString", "coordinates": [[151.2541537, -33.8905763], [151.2550448, -33.8900166], [151.2552999, -33.8898615]]}}, {"type": "Feature", "properties": {"kind": "road", "highway": "primary", "name": "Old South Head Road", "osm_id": 574201343}, "geometry": {"type": "LineString", "coordinates": [[151.2553329, -33.8898975], [151.2551852, -33.8899892], [151.2550751, -33.8900588], [151.2547027, -33.8902945]]}}, {"type": "Feature", "properties": {"kind": "road", "highway": "primary", "name": "Bondi Road", "osm_id": 574201350}, "geometry": {"type": "LineString", "coordinates": [[151.2549245, -33.8924551], [151.2550052, -33.8925389], [151.2551426, -33.8926988], [151.2551924, -33.8927886]]}}, {"type": "Feature", "properties": {"kind": "road", "highway": "residential", "name": "Denham Street", "osm_id": 574883191}, "geometry": {"type": "LineString", "coordinates": [[151.2683392, -33.8960911], [151.2682863, -33.8961146], [151.2682682, -33.896128], [151.2682427, -33.896153], [151.2682327, -33.8961764], [151.2682179, -33.8962482], [151.2682172, -33.8963011], [151.2682273, -33.8963495], [151.2682528, -33.8963874], [151.2682987, -33.8964321]]}}, {"type": "Feature", "properties": {"kind": "road", "highway": "residential", "name": "Oakes Place", "osm_id": 575268253}, "geometry": {"type": "LineString", "coordinates": [[151.2807807, -33.8815672], [151.280763, -33.8816474], [151.2807271, -33.8818094], [151.2807029, -33.8819274], [151.2807029, -33.8819592], [151.2807076, -33.8819809], [151.2807197, -33.8820037], [151.2807459, -33.8820254], [151.2808404, -33.8820928], [151.2808967, -33.8821301], [151.2809799, -33.8821629]]}}, {"type": "Feature", "properties": {"kind": "road", "highway": "residential", "name": "Gould Street", "osm_id": 578934153}, "geometry": {"type": "LineString", "coordinates": [[151.2764764, -33.8876033], [151.2764263, -33.8876516]]}}, {"type": "Feature", "properties": {"kind": "road", "highway": "residential", "name": "Gould Street", "osm_id": 578934154}, "geometry": {"type": "LineString", "coordinates": [[151.2764263, -33.8876516], [151.2763596, -33.8877225], [151.2760178, -33.8881032], [151.2756965, -33.8884446], [151.2756449, -33.8884994]]}}, {"type": "Feature", "properties": {"kind": "coastline", "highway": null, "name": null, "osm_id": 580315511}, "geometry": {"type": "LineString", "coordinates": [[151.2683904, -33.9151375], [151.2683007, -33.9151057], [151.268211, -33.915074], [151.2680519, -33.9149109], [151.267771, -33.9146631], [151.2674992, -33.9144718], [151.2672573, -33.914322], [151.2670763, -33.9142117], [151.2670737, -33.9142101], [151.2668313, -33.9140648], [151.2667915, -33.9140378], [151.2667673, -33.9140728], [151.266675, -33.9140388], [151.2665178, -33.913947], [151.2666644, -33.9138637], [151.2668038, -33.9138463], [151.2669832, -33.9137862], [151.267064, -33.9136952], [151.2671435, -33.9137221], [151.2673974, -33.9140271], [151.2674917, -33.9141148], [151.2677074, -33.9142608], [151.2678247, -33.9143354], [151.2682623, -33.9144326], [151.2683677, -33.9145181], [151.2688879, -33.9146724], [151.269017, -33.914775], [151.2690773, -33.914808], [151.2689933, -33.9149346], [151.2689521, -33.9150388]]}}, {"type": "Feature", "properties": {"kind": "road", "highway": "residential", "name": "Roscoe Street", "osm_id": 590295978}, "geometry": {"type": "LineString", "coordinates": [[151.2713917, -33.8882414], [151.2713069, -33.8881861], [151.2712876, -33.8881735], [151.2712356, -33.8881396]]}}, {"type": "Feature", "properties": {"kind": "road", "highway": "pedestrian", "name": "Roscoe Street", "osm_id": 590295979}, "geometry": {"type": "LineString", "coordinates": [[151.2741576, -33.8900905], [151.2741196, -33.8900627], [151.2739857, -33.8899662], [151.2739211, -33.88992]]}}, {"type": "Feature", "properties": {"kind": "road", "highway": "footway", "name": null, "osm_id": 590330558}, "geometry": {"type": "LineString", "coordinates": [[151.2732029, -33.8940562], [151.2731366, -33.8940681], [151.2730988, -33.8940749], [151.2730266, -33.8940879]]}}, {"type": "Feature", "properties": {"kind": "road", "highway": "footway", "name": null, "osm_id": 590330559}, "geometry": {"type": "LineString", "coordinates": [[151.2732388, -33.8938408], [151.2732307, -33.893822], [151.2732233, -33.89381], [151.2731914, -33.8937421], [151.2731217, -33.8934584], [151.2731042, -33.8933832]]}}, {"type": "Feature", "properties": {"kind": "road", "highway": "footway", "name": null, "osm_id": 590330560}, "geometry": {"type": "LineString", "coordinates": [[151.2731245, -33.8926197], [151.2731442, -33.8926287], [151.2731934, -33.8926468], [151.2732263, -33.8926702], [151.2732665, -33.8927081], [151.2733054, -33.8927498], [151.2733463, -33.8928049], [151.2733778, -33.892865], [151.2733946, -33.8929035], [151.2734034, -33.8929286]]}}, {"type": "Feature", "properties": {"kind": "road", "highway": "primary", "name": "Campbell Parade", "osm_id": 590330562}, "geometry": {"type": "LineString", "coordinates": [[151.2729882, -33.8929019], [151.2729605, -33.8927707], [151.2729653, -33.8926889], [151.2729806, -33.8926038], [151.2729976, -33.8925321], [151.2730193, -33.892475]]}}, {"type": "Feature", "properties": {"kind": "road", "highway": "primary", "name": "Campbell Parade", "osm_id": 590330563}, "geometry": {"type": "LineString", "coordinates": [[151.2732549, -33.8923428], [151.2732209, -33.8923886], [151.2731712, -33.8924354], [151.2731216, -33.8925056], [151.2730982, -33.8925527], [151.2730746, -33.8926142], [151.2730506, -33.8926858], [151.2730345, -33.892777], [151.2729882, -33.8929019]]}}, {"type": "Feature", "properties": {"kind": "road", "highway": "footway", "name": null, "osm_id": 590330564}, "geometry": {"type": "LineString", "coordinates": [[151.2763345, -33.8891225], [151.2763578, -33.889149], [151.2764458, -33.8892493], [151.2764848, -33.8892937]]}}, {"type": "Feature", "properties": {"kind": "road", "highway": "footway", "name": null, "osm_id": 590330565}, "geometry": {"type": "LineString", "coordinates": [[151.2747695, -33.8904845], [151.2752483, -33.8900249], [151.2752689, -33.8900051], [151.2752889, -33.8899826], [151.2753444, -33.8899113], [151.2754216, -33.8898585], [151.2754744, -33.8898063]]}}, {"type": "Feature", "properties": {"kind": "road", "highway": "footway", "name": null, "osm_id": 590330566}, "geometry": {"type": "LineString", "coordinates": [[151.2756282, -33.8900131], [151.275594, -33.8899878], [151.2755066, -33.889923], [151.2754702, -33.8898961]]}}, {"type": "Feature", "properties": {"kind": "road", "highway": "footway", "name": null, "osm_id": 590333138}, "geometry": {"type": "LineString", "coordinates": [[151.2742398, -33.8913505], [151.2741651, -33.8914185]]}}, {"type": "Feature", "properties": {"kind": "road", "highway": "footway", "name": null, "osm_id": 590333139}, "geometry": {"type": "LineString", "coordinates": [[151.2740395, -33.8911934], [151.2740746, -33.891221], [151.2741596, -33.8912879], [151.2742146, -33.8913311]]}}, {"type": "Feature", "properties": {"kind": "road", "highway": "footway", "name": null, "osm_id": 590333140}, "geometry": {"type": "LineString", "coordinates": [[151.2738376, -33.8912724], [151.2738852, -33.8912262], [151.273928, -33.8911847]]}}, {"type": "Feature", "properties": {"kind": "road", "highway": "footway", "name": null, "osm_id": 590333141}, "geometry": {"type": "LineString", "coordinates": [[151.2735978, -33.8909336], [151.2736187, -33.8909473], [151.2736387, -33.8909603]]}}, {"type": "Feature", "properties": {"kind": "road", "highway": "footway", "name": null, "osm_id": 590333142}, "geometry": {"type": "LineString", "coordinates": [[151.2745024, -33.8917221], [151.2744909, -33.891704]]}}, {"type": "Feature", "properties": {"kind": "road", "highway": "footway", "name": null, "osm_id": 590333143}, "geometry": {"type": "LineString", "coordinates": [[151.2745372, -33.8917774], [151.2745024, -33.8917221]]}}, {"type": "Feature", "properties": {"kind": "road", "highway": "footway", "name": null, "osm_id": 590333144}, "geometry": {"type": "LineString", "coordinates": [[151.27295, -33.8924114], [151.2729916, -33.8922539], [151.2730546, -33.8920785], [151.2730742, -33.8920288], [151.2731089, -33.8919138], [151.2732193, -33.891811], [151.2733182, -33.891719], [151.2734717, -33.8915759], [151.2737466, -33.8913266], [151.2737899, -33.8913075]]}}, {"type": "Feature", "properties": {"kind": "road", "highway": "footway", "name": null, "osm_id": 590333145}, "geometry": {"type": "LineString", "coordinates": [[151.2748722, -33.8919136], [151.2748348, -33.8918522]]}}, {"type": "Feature", "properties": {"kind": "road", "highway": "footway", "name": null, "osm_id": 590418143}, "geometry": {"type": "LineString", "coordinates": [[151.2695702, -33.9001697], [151.269651, -33.9002222], [151.2700183, -33.9003827], [151.2700629, -33.9004157], [151.2701633, -33.9005792], [151.2701963, -33.900693]]}}, {"type": "Feature", "properties": {"kind": "road", "highway": "footway", "name": null, "osm_id": 590418145}, "geometry": {"type": "LineString", "coordinates": [[151.2674771, -33.9012885], [151.2674568, -33.901396], [151.267445, -33.9014599]]}}, {"type": "Feature", "properties": {"kind": "road", "highway": "footway", "name": null, "osm_id": 590418146}, "geometry": {"type": "LineString", "coordinates": [[151.2675169, -33.9010882], [151.2675242, -33.9010496], [151.2674773, -33.9010006]]}}, {"type": "Feature", "properties": {"kind": "road", "highway": "residential", "name": "Gardyne Street", "osm_id": 590444451}, "geometry": {"type": "LineString", "coordinates": [[151.2655042, -33.9039997], [151.2655637, -33.9040785], [151.2656904, -33.9043906], [151.2656922, -33.9044407], [151.2655702, -33.9050255]]}}, {"type": "Feature", "properties": {"kind": "road", "highway": "residential", "name": "Gardyne Street", "osm_id": 590444452}, "geometry": {"type": "LineString", "coordinates": [[151.2655042, -33.9039997], [151.2654309, -33.9038291], [151.265391, -33.9037863], [151.2649684, -33.9035985]]}}, {"type": "Feature", "properties": {"kind": "road", "highway": "residential", "name": "Gardyne Street", "osm_id": 590444453}, "geometry": {"type": "LineString", "coordinates": [[151.2654792, -33.9053217], [151.2654564, -33.9053096], [151.2654472, -33.9052849], [151.2656358, -33.9044313], [151.265634, -33.904403], [151.2655181, -33.9040984], [151.2655042, -33.9039997]]}}, {"type": "Feature", "properties": {"kind": "road", "highway": "footway", "name": null, "osm_id": 590444454}, "geometry": {"type": "LineString", "coordinates": [[151.267326, -33.9030691], [151.2673005, -33.9032743]]}}, {"type": "Feature", "properties": {"kind": "road", "highway": "footway", "name": null, "osm_id": 590444457}, "geometry": {"type": "LineString", "coordinates": [[151.267261, -33.9034523], [151.267243, -33.9035058]]}}, {"type": "Feature", "properties": {"kind": "road", "highway": "footway", "name": "Beach Promenade", "osm_id": 590444461}, "geometry": {"type": "LineString", "coordinates": [[151.2679365, -33.9032004], [151.2680875, -33.9029857], [151.2682794, -33.9027179], [151.2682918, -33.902693], [151.2684315, -33.9025314], [151.2687232, -33.9024368], [151.2689387, -33.9023664]]}}, {"type": "Feature", "properties": {"kind": "road", "highway": "footway", "name": null, "osm_id": 590444464}, "geometry": {"type": "LineString", "coordinates": [[151.2678953, -33.9031135], [151.2675846, -33.9024547]]}}, {"type": "Feature", "properties": {"kind": "road", "highway": "footway", "name": null, "osm_id": 590444466}, "geometry": {"type": "LineString", "coordinates": [[151.2683422, -33.9048876], [151.2682991, -33.9048933], [151.2680104, -33.9048285], [151.2679166, -33.9048367], [151.2678454, -33.904852], [151.267828, -33.9048852]]}}, {"type": "Feature", "properties": {"kind": "road", "highway": "footway", "name": null, "osm_id": 590444468}, "geometry": {"type": "LineString", "coordinates": [[151.2683759, -33.9049565], [151.2683796, -33.9049689]]}}, {"type": "Feature", "properties": {"kind": "road", "highway": "footway", "name": null, "osm_id": 590444472}, "geometry": {"type": "LineString", "coordinates": [[151.2684141, -33.9049673], [151.2684427, -33.9049997], [151.268496, -33.9050375], [151.2685797, -33.9050907], [151.26862, -33.9051127], [151.2686586, -33.9051221]]}}, {"type": "Feature", "properties": {"kind": "road", "highway": "primary", "name": "Old South Head Road", "osm_id": 592226044}, "geometry": {"type": "LineString", "coordinates": [[151.2699487, -33.8818468], [151.2700318, -33.8816779], [151.2701865, -33.8813671]]}}, {"type": "Feature", "properties": {"kind": "park", "highway": null, "name": "Wairoa Reserve", "osm_id": 600047317}, "geometry": {"type": "Polygon", "coordinates": [[[151.2791848, -33.8864643], [151.2795228, -33.8866747], [151.2795295, -33.886697], [151.2795228, -33.8867193], [151.2794504, -33.8867983], [151.2793901, -33.8868383], [151.2792796, -33.8867622], [151.2791417, -33.8867557], [151.2791111, -33.8867872], [151.2790819, -33.8867675], [151.2790379, -33.886815], [151.2789308, -33.886738], [151.2791848, -33.8864643]]]}}, {"type": "Feature", "properties": {"kind": "road", "highway": "tertiary", "name": "Victoria Road", "osm_id": 617097797}, "geometry": {"type": "LineString", "coordinates": [[151.2590329, -33.8869431], [151.259015, -33.8870084]]}}, {"type": "Feature", "properties": {"kind": "road", "highway": "tertiary", "name": "Bellevue Road", "osm_id": 617097798}, "geometry": {"type": "LineString", "coordinates": [[151.2589031, -33.8869773], [151.259015, -33.8870084]]}}, {"type": "Feature", "properties": {"kind": "road", "highway": "primary", "name": "Old South Head Road", "osm_id": 618673418}, "geometry": {"type": "LineString", "coordinates": [[151.2573979, -33.8889375], [151.2572678, -33.8889653]]}}, {"type": "Feature", "properties": {"kind": "road", "highway": "tertiary", "name": "Victoria Road", "osm_id": 618673419}, "geometry": {"type": "LineString", "coordinates": [[151.2574113, -33.8888642], [151.2573979, -33.8889375]]}}, {"type": "Feature", "properties": {"kind": "park", "highway": null, "name": "Ray O'Keefe Reserve", "osm_id": 620424156}, "geometry": {"type": "Polygon", "coordinates": [[[151.2829195, -33.8927144], [151.2833464, -33.8926705], [151.2833923, -33.8930591], [151.2832968, -33.8931401], [151.2832204, -33.8933067], [151.2830821, -33.8932223], [151.2830034, -33.8930491], [151.2829464, -33.8928597], [151.2829195, -33.8927144]]]}}, {"type": "Feature", "properties": {"kind": "park", "highway": null, "name": "Sam Fizman Park", "osm_id": 620424507}, "geometry": {"type": "Polygon", "coordinates": [[[151.2832968, -33.8931401], [151.2832204, -33.8933067], [151.2834419, -33.8934906], [151.2834643, -33.8934804], [151.283572, -33.8935361], [151.2836513, -33.8934551], [151.2837611, -33.8933657], [151.2838136, -33.8932658], [151.2838307, -33.8931815], [151.2837671, -33.8932198], [151.2837061, -33.8932291], [151.2835385, -33.8932159], [151.2834551, -33.8931833], [151.2834824, -33.8930944], [151.2834826, -33.8930333], [151.2834358, -33.8930282], [151.2833923, -33.8930591], [151.2832968, -33.8931401]]]}}, {"type": "Feature", "properties": {"kind": "road", "highway": "footway", "name": null, "osm_id": 620425392}, "geometry": {"type": "LineString", "coordinates": [[151.2833858, -33.8930721], [151.2833671, -33.89311], [151.2833724, -33.8931467], [151.2833918, -33.8931702], [151.2835054, -33.8932535]]}}, {"type": "Feature", "properties": {"kind": "road", "highway": "footway", "name": null, "osm_id": 620426051}, "geometry": {"type": "LineString", "coordinates": [[151.2825372, -33.8910928], [151.282563, -33.8910967], [151.2825867, -33.8911067], [151.2826056, -33.8911202], [151.2826203, -33.8911393], [151.2826506, -33.8912195], [151.2826588, -33.8912365], [151.2826762, -33.8912552], [151.2826985, -33.8912644], [151.2827265, -33.8912672], [151.2827559, -33.8912658], [151.2827971, -33.8912529], [151.2828333, -33.8912373], [151.2828708, -33.8912146], [151.2829034, -33.891211], [151.2829394, -33.8912134], [151.2829675, -33.8912213], [151.2829898, -33.8912365], [151.2830092, -33.8912555], [151.2830341, -33.8913043], [151.2830658, -33.8913479], [151.2831169, -33.8913922], [151.2831747, -33.8914024], [151.2832152, -33.891403]]}}, {"type": "Feature", "properties": {"kind": "road", "highway": "pedestrian", "name": null, "osm_id": 623956154}, "geometry": {"type": "LineString", "coordinates": [[151.2743089, -33.8902701], [151.274671, -33.8905063], [151.2747205, -33.8904541], [151.2747718, -33.8903999], [151.2745355, -33.8902439], [151.2745121, -33.8902533], [151.2744871, -33.890256], [151.2744557, -33.890258], [151.2744331, -33.890252], [151.2744113, -33.890248], [151.2743888, -33.8902426], [151.2743789, -33.890242], [151.2743541, -33.8902406], [151.2743388, -33.8902393], [151.2743089, -33.8902701]]}}, {"type": "Feature", "properties": {"kind": "road", "highway": "pedestrian", "name": null, "osm_id": 624030133}, "geometry": {"type": "LineString", "coordinates": [[151.2706325, -33.8891032], [151.2706423, -33.8890727], [151.2706177, -33.8890673], [151.270566, -33.8890201], [151.2705794, -33.8890065], [151.2706062, -33.8889795], [151.2706185, -33.8889669], [151.2706556, -33.8889901], [151.2707068, -33.8890221], [151.2707583, -33.8890552], [151.2707821, -33.8890701], [151.2708142, -33.8890718], [151.2708299, -33.8890567], [151.2708543, -33.8890739], [151.2709119, -33.8890769], [151.270911, -33.8890914], [151.2709099, -33.8891055], [151.2709064, -33.889124], [151.2708993, -33.8891362], [151.2708923, -33.8891434], [151.2708814, -33.8891517], [151.2708692, -33.8891569], [151.2708515, -33.889159], [151.2708325, -33.8891556], [151.2707883, -33.8891404], [151.2707429, -33.8891247], [151.2706842, -33.8891113], [151.2706325, -33.8891032]]}}, {"type": "Feature", "properties": {"kind": "road", "highway": "footway", "name": null, "osm_id": 624143722}, "geometry": {"type": "LineString", "coordinates": [[151.2824382, -33.8904247], [151.2823522, -33.8903668], [151.2815533, -33.8898764], [151.2815301, -33.8898812], [151.2815095, -33.8898908], [151.2814615, -33.889873], [151.2814557, -33.8898586], [151.2814623, -33.8898456], [151.2814805, -33.8898373], [151.281612, -33.8898277], [151.2817079, -33.8898298], [151.2818054, -33.8898387], [151.2818782, -33.8898538], [151.2819526, -33.8898792], [151.282017, -33.8899142], [151.2821634, -33.8900192], [151.2822278, -33.8900603], [151.282275, -33.8900864], [151.2823213, -33.8901022], [151.2823725, -33.8901152], [151.2824287, -33.8901221], [151.2824816, -33.8901201], [151.2825453, -33.8901098], [151.2826065, -33.8900905], [151.2827272, -33.8900322], [151.2828701, -33.8899641], [151.2829793, -33.8899121], [151.2829934, -33.8899149], [151.2836663, -33.8903321], [151.283725, -33.8908564]]}}, {"type": "Feature", "properties": {"kind": "road", "highway": "footway", "name": null, "osm_id": 624143725}, "geometry": {"type": "LineString", "coordinates": [[151.2834105, -33.8908835], [151.2833327, -33.890908], [151.2831776, -33.8909296], [151.2824138, -33.890456]]}}, {"type": "Feature", "properties": {"kind": "road", "highway": "footway", "name": null, "osm_id": 624143750}, "geometry": {"type": "LineString", "coordinates": [[151.2831776, -33.8909296], [151.2832163, -33.890961], [151.2832616, -33.8910078]]}}, {"type": "Feature", "properties": {"kind": "road", "highway": "footway", "name": null, "osm_id": 624143757}, "geometry": {"type": "LineString", "coordinates": [[151.2833686, -33.8921012], [151.2834293, -33.8921044], [151.2834438, -33.8921033], [151.2838844, -33.8920704], [151.2838957, -33.8921534]]}}, {"type": "Feature", "properties": {"kind": "road", "highway": "pedestrian", "name": null, "osm_id": 624149215}, "geometry": {"type": "LineString", "coordinates": [[151.2739686, -33.88552], [151.2739701, -33.8854921], [151.2739716, -33.8854638], [151.2737828, -33.8854534], [151.2737405, -33.8854605], [151.2737299, -33.8854623], [151.273693, -33.8854802], [151.2736655, -33.8855002], [151.2736417, -33.885554], [151.2736247, -33.8856299], [151.2736266, -33.8856666], [151.2736447, -33.8856989], [151.2736753, -33.8857248], [151.273699, -33.8857396], [151.2737098, -33.8857273], [151.2737653, -33.8857624], [151.27378, -33.8857474], [151.2737896, -33.8857375], [151.2737341, -33.8857026], [151.2737189, -33.885683], [151.273724, -33.8856418], [151.2737751, -33.8855959], [151.2738174, -33.885558], [151.2738864, -33.8855307], [151.2739315, -33.8855606], [151.2739446, -33.8855448], [151.2739686, -33.88552]]}}, {"type": "Feature", "properties": {"kind": "park", "highway": null, "name": null, "osm_id": 624149217}, "geometry": {"type": "Polygon", "coordinates": [[[151.2734279, -33.8856831], [151.2730457, -33.8854467], [151.2732921, -33.8854511], [151.2733488, -33.8854579], [151.2734054, -33.8854723], [151.2734471, -33.8854982], [151.2734725, -33.8855308], [151.2734736, -33.885573], [151.273469, -33.8856201], [151.2734528, -33.8856623], [151.2734279, -33.8856831]]]}}, {"type": "Feature", "properties": {"kind": "road", "highway": "footway", "name": "Ledderman Walkway", "osm_id": 624925211}, "geometry": {"type": "LineString", "coordinates": [[151.2577009, -33.8976224], [151.2575018, -33.8976087], [151.2574023, -33.8975908], [151.2573164, -33.8975662], [151.2572345, -33.897537], [151.2570937, -33.8975084], [151.2570269, -33.8975019], [151.2569708, -33.8975265], [151.2568769, -33.8975419], [151.256783, -33.8975442], [151.2566623, -33.8975375], [151.256555, -33.8975375]]}}, {"type": "Feature", "properties": {"kind": "road", "highway": "footway", "name": "Charrington Rd Walkway", "osm_id": 624925214}, "geometry": {"type": "LineString", "coordinates": [[151.2542696, -33.8976286], [151.254403, -33.8976457], [151.2545126, -33.89765], [151.2546613, -33.8976457], [151.2547892, -33.8976327], [151.2549248, -33.8976219], [151.2550553, -33.8975959], [151.2551634, -33.8975692], [151.2552653, -33.8974979], [151.2552841, -33.8974133], [151.2552787, -33.8973643], [151.2552224, -33.897331], [151.2551795, -33.8972686]]}}, {"type": "Feature", "properties": {"kind": "road", "highway": "footway", "name": "Wallace Drive", "osm_id": 624925216}, "geometry": {"type": "LineString", "coordinates": [[151.2568832, -33.8968882], [151.256882, -33.8969068], [151.2568768, -33.8969344], [151.2568241, -33.8969766], [151.2567432, -33.8970047], [151.2566754, -33.8970394], [151.2566284, -33.897087], [151.2565971, -33.8971498], [151.2565968, -33.8972136], [151.2566124, -33.8972752], [151.2566355, -33.8972984], [151.2567663, -33.8973572], [151.2569316, -33.8974191], [151.2569829, -33.8974669], [151.2570269, -33.8975019]]}}, {"type": "Feature", "properties": {"kind": "park", "highway": null, "name": "Boondi Reserve", "osm_id": 625226452}, "geometry": {"type": "Polygon", "coordinates": [[[151.2721844, -33.8954106], [151.2722132, -33.8953917], [151.2723446, -33.8953207], [151.2725329, -33.8952302], [151.2728291, -33.8951806], [151.2729797, -33.8951118], [151.2729824, -33.8951105], [151.2730015, -33.8951471], [151.2730088, -33.8952229], [151.2729567, -33.8952845], [151.2728443, -33.8953625], [151.2727333, -33.8954342], [151.2726408, -33.8954713], [151.2725672, -33.8954897], [151.2724791, -33.8954975], [151.2724092, -33.8954917], [151.2722984, -33.895459], [151.2721844, -33.8954106]]]}}, {"type": "Feature", "properties": {"kind": "road", "highway": "tertiary", "name": "Flood Street", "osm_id": 663098706}, "geometry": {"type": "LineString", "coordinates": [[151.2588687, -33.8921987], [151.2586801, -33.8930863], [151.2586761, -33.8931085], [151.2586613, -33.8931827]]}}, {"type": "Feature", "properties": {"kind": "road", "highway": "tertiary", "name": "Victoria Road", "osm_id": 663182056}, "geometry": {"type": "LineString", "coordinates": [[151.2588678, -33.8874623], [151.2588557, -33.8875393], [151.2588375, -33.8876082], [151.2588147, -33.8876631], [151.2587469, -33.8877708], [151.2586569, -33.8878624], [151.2585567, -33.88795], [151.2585519, -33.8879533]]}}, {"type": "Feature", "properties": {"kind": "road", "highway": "residential", "name": "Plowman Street", "osm_id": 663230548}, "geometry": {"type": "LineString", "coordinates": [[151.2739569, -33.8834816], [151.2738536, -33.8841584], [151.2738494, -33.8841763], [151.2738429, -33.8841937], [151.273728, -33.8844068], [151.2737023, -33.8844878]]}}, {"type": "Feature", "properties": {"kind": "road", "highway": "residential", "name": "Plowman Street", "osm_id": 663230551}, "geometry": {"type": "LineString", "coordinates": [[151.2736818, -33.8845524], [151.273609, -33.8847814], [151.2735745, -33.88489], [151.2735686, -33.8849228], [151.2735511, -33.8851644], [151.2735533, -33.8852057], [151.2735596, -33.8852278], [151.2735755, -33.8852555], [151.2736019, -33.8852946]]}}, {"type": "Feature", "properties": {"kind": "road", "highway": "tertiary", "name": "Birriga Road", "osm_id": 673096765}, "geometry": {"type": "LineString", "coordinates": [[151.2598041, -33.8861547], [151.2597143, -33.8861195], [151.2596413, -33.886103], [151.2595872, -33.8861034], [151.2595624, -33.8861067]]}}, {"type": "Feature", "properties": {"kind": "road", "highway": "tertiary", "name": "Warners Avenue", "osm_id": 676936304}, "geometry": {"type": "LineString", "coordinates": [[151.2766402, -33.8877532], [151.276574, -33.8877429], [151.2765054, -33.8877002], [151.2764263, -33.8876516], [151.276374, -33.8876124], [151.2762814, -33.8875466], [151.2760859, -33.8874074], [151.275942, -33.887305], [151.2757952, -33.8872005], [151.2756414, -33.887091], [151.2755991, -33.8870609], [151.2754833, -33.8869866], [151.2753333, -33.8868904], [151.2751716, -33.8867867], [151.2750177, -33.886688], [151.2748465, -33.8865781], [151.2748318, -33.8865687], [151.2746976, -33.8864827], [151.2745368, -33.8863795], [151.2743889, -33.8862846], [151.2742446, -33.886192], [151.2742273, -33.8861809], [151.2740736, -33.8860823], [151.2738765, -33.8859559], [151.2738103, -33.8859135], [151.2736164, -33.885789], [151.2735618, -33.8857541], [151.2735416, -33.8857411], [151.2734952, -33.8857236]]}}, {"type": "Feature", "properties": {"kind": "road", "highway": "tertiary", "name": "Warners Avenue", "osm_id": 676936305}, "geometry": {"type": "LineString", "coordinates": [[151.2735192, -33.8856707], [151.2735718, -33.8856868], [151.2736594, -33.8857423], [151.2738529, -33.8858649], [151.2739196, -33.8859072], [151.2740253, -33.8859742], [151.2741596, -33.8860592], [151.2742722, -33.8861306], [151.2742962, -33.8861458], [151.2744265, -33.8862284], [151.2745629, -33.8863148], [151.2746931, -33.8863973], [151.274784, -33.8864549], [151.2748401, -33.8864905], [151.274878, -33.8865145], [151.2749069, -33.8865328], [151.2749949, -33.8865885], [151.2750502, -33.8866236], [151.2751124, -33.886663], [151.2751861, -33.8867097], [151.2756518, -33.8870048], [151.2759142, -33.8871943], [151.2759482, -33.8872189], [151.2760599, -33.8872995], [151.2762887, -33.8874648], [151.2764243, -33.8875627], [151.2764764, -33.8876033], [151.2765393, -33.8876612], [151.2766032, -33.8877043], [151.2766144, -33.8877192], [151.2766402, -33.8877532]]}}, {"type": "Feature", "properties": {"kind": "road", "highway": "residential", "name": "Kendall Street", "osm_id": 678036392}, "geometry": {"type": "LineString", "coordinates": [[151.2555666, -33.8893658], [151.2555681, -33.8894253]]}}, {"type": "Feature", "properties": {"kind": "road", "highway": "residential", "name": "O'Donnell Street", "osm_id": 683058287}, "geometry": {"type": "LineString", "coordinates": [[151.2800149, -33.884615], [151.2808177, -33.8847155], [151.2808467, -33.8847191], [151.2808895, -33.8847245]]}}, {"type": "Feature", "properties": {"kind": "road", "highway": "footway", "name": null, "osm_id": 683058289}, "geometry": {"type": "LineString", "coordinates": [[151.2796103, -33.8845906], [151.2796396, -33.8845955], [151.2796824, -33.884598], [151.2797351, -33.8846024], [151.2797665, -33.8846085], [151.2798096, -33.8846193], [151.2798581, -33.884637], [151.2799006, -33.8846565], [151.2799277, -33.8845142]]}}, {"type": "Feature", "properties": {"kind": "road", "highway": "footway", "name": null, "osm_id": 683058290}, "geometry": {"type": "LineString", "coordinates": [[151.2797464, -33.8845173], [151.2797358, -33.8845081], [151.2797018, -33.8844908], [151.2796958, -33.8844828], [151.2796963, -33.8844695], [151.2797023, -33.8844555], [151.2797155, -33.8844377]]}}, {"type": "Feature", "properties": {"kind": "road", "highway": "footway", "name": null, "osm_id": 683058291}, "geometry": {"type": "LineString", "coordinates": [[151.2796625, -33.884382], [151.2796619, -33.8843966], [151.2796667, -33.8844094], [151.2796726, -33.8844173], [151.2796859, -33.8844263], [151.2797155, -33.8844377], [151.2797424, -33.8844405], [151.2797689, -33.8844397], [151.2797875, -33.8844418], [151.2797969, -33.8844522], [151.2798309, -33.8844578]]}}, {"type": "Feature", "properties": {"kind": "road", "highway": "footway", "name": null, "osm_id": 683058292}, "geometry": {"type": "LineString", "coordinates": [[151.2801836, -33.8826808], [151.2798937, -33.8841301], [151.2798615, -33.884291], [151.2798318, -33.8844396], [151.2798309, -33.8844578], [151.2798354, -33.8844708], [151.279845, -33.8844826], [151.2798612, -33.8844951], [151.2798857, -33.8845082], [151.2799277, -33.8845142]]}}, {"type": "Feature", "properties": {"kind": "road", "highway": "footway", "name": null, "osm_id": 683058293}, "geometry": {"type": "LineString", "coordinates": [[151.2797185, -33.8841039], [151.279683, -33.8842803], [151.2796656, -33.8843667], [151.2796625, -33.884382]]}}, {"type": "Feature", "properties": {"kind": "road", "highway": "residential", "name": "Hastings Parade", "osm_id": 683058301}, "geometry": {"type": "LineString", "coordinates": [[151.2773121, -33.8861568], [151.2775896, -33.8861621], [151.2776371, -33.886162]]}}, {"type": "Feature", "properties": {"kind": "road", "highway": "residential", "name": "Hastings Parade", "osm_id": 683058302}, "geometry": {"type": "LineString", "coordinates": [[151.277272, -33.8861513], [151.2770635, -33.8861223], [151.2766501, -33.8860639], [151.2762377, -33.8860066], [151.2759893, -33.8859708], [151.2758955, -33.8859579]]}}, {"type": "Feature", "properties": {"kind": "road", "highway": "residential", "name": "Mitchell Street", "osm_id": 683058303}, "geometry": {"type": "LineString", "coordinates": [[151.2759516, -33.8855714], [151.2759378, -33.8856662], [151.2758955, -33.8859579]]}}, {"type": "Feature", "properties": {"kind": "road", "highway": "residential", "name": "O'Donnell Street", "osm_id": 683058321}, "geometry": {"type": "LineString", "coordinates": [[151.2808895, -33.8847245], [151.2809429, -33.8847505], [151.2810055, -33.8847811], [151.2819743, -33.8849175], [151.2819858, -33.8849191]]}}, {"type": "Feature", "properties": {"kind": "road", "highway": "tertiary", "name": "Wairoa Avenue", "osm_id": 683058324}, "geometry": {"type": "LineString", "coordinates": [[151.2808895, -33.8847245], [151.280875, -33.8847984], [151.280719, -33.8855936], [151.2807154, -33.8856266], [151.2807111, -33.8856668], [151.2807076, -33.885699]]}}, {"type": "Feature", "properties": {"kind": "road", "highway": "residential", "name": "O'Donnell Street", "osm_id": 683058325}, "geometry": {"type": "LineString", "coordinates": [[151.2808895, -33.8847245], [151.280945, -33.8847178], [151.2810145, -33.8847095], [151.2817109, -33.8848014], [151.2821262, -33.8848674], [151.282319, -33.8849312], [151.2834705, -33.8850795], [151.2836296, -33.8850711], [151.2836608, -33.8850683], [151.28372, -33.8850587]]}}, {"type": "Feature", "properties": {"kind": "road", "highway": "footway", "name": null, "osm_id": 683270667}, "geometry": {"type": "LineString", "coordinates": [[151.2805723, -33.8810982], [151.280601, -33.8810507], [151.2805866, -33.8810365]]}}, {"type": "Feature", "properties": {"kind": "park", "highway": null, "name": "Warren Zines Reserve", "osm_id": 683270668}, "geometry": {"type": "Polygon", "coordinates": [[[151.2800228, -33.8809062], [151.2805042, -33.8809719], [151.2805989, -33.8805082], [151.2806499, -33.8805116], [151.2805538, -33.8809747], [151.2806052, -33.8810424], [151.2806016, -33.8810637], [151.280575, -33.881062], [151.2805641, -33.8810643], [151.2805601, -33.8810712], [151.2805429, -33.8811489], [151.2805221, -33.8811491], [151.2805096, -33.8812179], [151.2803413, -33.8811913], [151.2801925, -33.8811367], [151.2800088, -33.8809675], [151.2800228, -33.8809062]]]}}, {"type": "Feature", "properties": {"kind": "road", "highway": "footway", "name": null, "osm_id": 683628991}, "geometry": {"type": "LineString", "coordinates": [[151.2762658, -33.8853835], [151.2762625, -33.8854241], [151.2762593, -33.8854634], [151.2762519, -33.8855555], [151.2762461, -33.8856274]]}}, {"type": "Feature", "properties": {"kind": "road", "highway": "footway", "name": null, "osm_id": 683628992}, "geometry": {"type": "LineString", "coordinates": [[151.2753814, -33.8853778], [151.2753786, -33.8854164], [151.2753723, -33.8855048], [151.2753705, -33.8855298]]}}, {"type": "Feature", "properties": {"kind": "road", "highway": "residential", "name": "Brighton Boulevard", "osm_id": 683628993}, "geometry": {"type": "LineString", "coordinates": [[151.2788301, -33.887223], [151.2776207, -33.8864051], [151.2775863, -33.8863786]]}}, {"type": "Feature", "properties": {"kind": "road", "highway": "residential", "name": "Warners Avenue", "osm_id": 683665935}, "geometry": {"type": "LineString", "coordinates": [[151.269338, -33.8829539], [151.2694225, -33.8830105], [151.2699272, -33.8833488], [151.2708871, -33.883974], [151.2717183, -33.8844902], [151.2726362, -33.8850867], [151.2726872, -33.8851257], [151.2727193, -33.8851791], [151.2727252, -33.8852015], [151.2727301, -33.8852203], [151.2727298, -33.8852531]]}}, {"type": "Feature", "properties": {"kind": "road", "highway": "residential", "name": "Warners Avenue", "osm_id": 683665937}, "geometry": {"type": "LineString", "coordinates": [[151.2727298, -33.8852531], [151.2726643, -33.8853549]]}}, {"type": "Feature", "properties": {"kind": "road", "highway": "residential", "name": "Warners Avenue", "osm_id": 683665940}, "geometry": {"type": "LineString", "coordinates": [[151.2699272, -33.8833488], [151.2698791, -33.883405]]}}, {"type": "Feature", "properties": {"kind": "park", "highway": null, "name": "Barracluff Park", "osm_id": 683681103}, "geometry": {"type": "Polygon", "coordinates": [[[151.2696213, -33.8833419], [151.2700304, -33.8836091], [151.2705741, -33.8839397], [151.270062, -33.8844928], [151.2695103, -33.88413], [151.2693798, -33.8842669], [151.2692084, -33.8841543], [151.2693348, -33.8840177], [151.2689652, -33.883775], [151.2693437, -33.8831635], [151.2696213, -33.8833419]]]}}, {"type": "Feature", "properties": {"kind": "road", "highway": "footway", "name": null, "osm_id": 683687933}, "geometry": {"type": "LineString", "coordinates": [[151.2763122, -33.8901728], [151.2762698, -33.89019], [151.2762375, -33.8902129], [151.2762087, -33.8902479], [151.2761932, -33.8902864], [151.2761911, -33.8903276], [151.2762026, -33.8903676], [151.276228, -33.8904046], [151.2762599, -33.890431], [151.276299, -33.89045], [151.2763438, -33.8904604], [151.2763833, -33.8904614], [151.2764178, -33.8904562], [151.2764447, -33.8904474]]}}, {"type": "Feature", "properties": {"kind": "road", "highway": "residential", "name": "Roscoe Street", "osm_id": 686844498}, "geometry": {"type": "LineString", "coordinates": [[151.2727914, -33.8891425], [151.2726171, -33.8890274], [151.2715533, -33.888345], [151.2714451, -33.8882756], [151.2713917, -33.8882414]]}}, {"type": "Feature", "properties": {"kind": "road", "highway": "footway", "name": null, "osm_id": 686845324}, "geometry": {"type": "LineString", "coordinates": [[151.2704267, -33.8888655], [151.2704391, -33.8888733], [151.2704778, -33.8888979], [151.2705168, -33.8889227], [151.2705563, -33.8889478]]}}, {"type": "Feature", "properties": {"kind": "road", "highway": "footway", "name": null, "osm_id": 693894953}, "geometry": {"type": "LineString", "coordinates": [[151.2710456, -33.8882226], [151.2711133, -33.8882683], [151.2711669, -33.8883044], [151.2711834, -33.8883155]]}}, {"type": "Feature", "properties": {"kind": "road", "highway": "residential", "name": "Simpson Street", "osm_id": 694641601}, "geometry": {"type": "LineString", "coordinates": [[151.2686611, -33.8848845], [151.2688748, -33.8846581], [151.2691632, -33.8843554], [151.2691837, -33.8843414], [151.2692075, -33.8843316], [151.2692333, -33.8843266]]}}, {"type": "Feature", "properties": {"kind": "road", "highway": "primary", "name": "Old South Head Road", "osm_id": 696802491}, "geometry": {"type": "LineString", "coordinates": [[151.2562894, -33.889372], [151.2560038, -33.8895198], [151.2558892, -33.8895777], [151.2556335, -33.8897242], [151.2553952, -33.889857], [151.2553329, -33.8898975]]}}, {"type": "Feature", "properties": {"kind": "road", "highway": "tertiary", "name": "Edgecliff Road", "osm_id": 696802492}, "geometry": {"type": "LineString", "coordinates": [[151.2559614, -33.8894441], [151.2558407, -33.8894373], [151.2556439, -33.8894261]]}}, {"type": "Feature", "properties": {"kind": "road", "highway": "primary", "name": "Old South Head Road", "osm_id": 696802493}, "geometry": {"type": "LineString", "coordinates": [[151.2559614, -33.8894441], [151.2560715, -33.8893655]]}}, {"type": "Feature", "properties": {"kind": "road", "highway": "primary", "name": "Old South Head Road", "osm_id": 696802494}, "geometry": {"type": "LineString", "coordinates": [[151.2560715, -33.8893655], [151.256128, -33.8893509], [151.2564517, -33.8891974], [151.2568127, -33.8890398], [151.2569709, -33.8889764], [151.2571113, -33.8889242]]}}, {"type": "Feature", "properties": {"kind": "road", "highway": "tertiary", "name": "Edgecliff Road", "osm_id": 696802495}, "geometry": {"type": "LineString", "coordinates": [[151.2556439, -33.8894261], [151.2556152, -33.8894261], [151.2555681, -33.8894253], [151.2552119, -33.8894322], [151.2551081, -33.8894227]]}}, {"type": "Feature", "properties": {"kind": "road", "highway": "primary", "name": "Old South Head Road", "osm_id": 696802496}, "geometry": {"type": "LineString", "coordinates": [[151.2557607, -33.8895749], [151.255817, -33.8895355], [151.255837, -33.8895207], [151.2559614, -33.8894441]]}}, {"type": "Feature", "properties": {"kind": "road", "highway": "residential", "name": "Paul Street", "osm_id": 696802497}, "geometry": {"type": "LineString", "coordinates": [[151.2557788, -33.8903972], [151.2561018, -33.8907481], [151.2564579, -33.8911221], [151.256651, -33.8913451], [151.2566626, -33.8913977], [151.2566565, -33.891456], [151.2565817, -33.8918103], [151.2565644, -33.8918892]]}}, {"type": "Feature", "properties": {"kind": "road", "highway": "primary", "name": "Old South Head Road", "osm_id": 696802498}, "geometry": {"type": "LineString", "coordinates": [[151.2574113, -33.8888642], [151.2575118, -33.8888632], [151.2575816, -33.8888766], [151.2576421, -33.8888981], [151.2577066, -33.8889236], [151.2578619, -33.8889951], [151.2580162, -33.8890741]]}}, {"type": "Feature", "properties": {"kind": "road", "highway": "tertiary", "name": "Victoria Road", "osm_id": 696802499}, "geometry": {"type": "LineString", "coordinates": [[151.2575096, -33.8886939], [151.2574554, -33.8887595], [151.2574313, -33.8888093], [151.2574113, -33.8888642]]}}, {"type": "Feature", "properties": {"kind": "road", "highway": "primary", "name": "Old South Head Road", "osm_id": 696802501}, "geometry": {"type": "LineString", "coordinates": [[151.2587963, -33.8893847], [151.2588388, -33.8893895], [151.2588834, -33.8893935], [151.2589346, -33.8893942], [151.2590251, -33.8893874], [151.2591323, -33.8893784], [151.2592262, -33.8893695]]}}, {"type": "Feature", "properties": {"kind": "road", "highway": "primary", "name": "Old South Head Road", "osm_id": 696802502}, "geometry": {"type": "LineString", "coordinates": [[151.258827, -33.8894575], [151.2587142, -33.8894351], [151.2586143, -33.8894044], [151.2585335, -33.8893742], [151.2577907, -33.8890236], [151.257718, -33.8889937], [151.2576354, -33.8889688], [151.2575548, -33.8889521], [151.2575021, -33.8889452], [151.2574653, -33.8889404], [151.2573979, -33.8889375]]}}, {"type": "Feature", "properties": {"kind": "road", "highway": "footway", "name": "Warners Lane", "osm_id": 697034799}, "geometry": {"type": "LineString", "coordinates": [[151.2734228, -33.8857145], [151.2731818, -33.8855681], [151.2730564, -33.885486], [151.2730085, -33.8854322], [151.2729617, -33.8853711]]}}, {"type": "Feature", "properties": {"kind": "road", "highway": "tertiary", "name": "Glenayr Avenue", "osm_id": 697034800}, "geometry": {"type": "LineString", "coordinates": [[151.2735192, -33.8856707], [151.2735348, -33.8856161], [151.2735356, -33.8855364], [151.2735261, -33.8854891], [151.2735201, -33.8854503]]}}, {"type": "Feature", "properties": {"kind": "road", "highway": "tertiary", "name": "Glenayr Avenue", "osm_id": 697034802}, "geometry": {"type": "LineString", "coordinates": [[151.2735416, -33.8857411], [151.2735224, -33.8857647], [151.2734909, -33.8857975], [151.2731241, -33.8861793], [151.2728802, -33.8864337]]}}, {"type": "Feature", "properties": {"kind": "road", "highway": "footway", "name": null, "osm_id": 697034848}, "geometry": {"type": "LineString", "coordinates": [[151.2734085, -33.8852814], [151.2734078, -33.885297], [151.2734032, -33.8853995], [151.2734006, -33.885457]]}}, {"type": "Feature", "properties": {"kind": "park", "highway": null, "name": null, "osm_id": 699035627}, "geometry": {"type": "Polygon", "coordinates": [[[151.2720519, -33.8839685], [151.2717397, -33.8838054], [151.2717591, -33.8836716], [151.272171, -33.8838229], [151.2721693, -33.8838345], [151.2721641, -33.8838457], [151.2720519, -33.8839685]]]}}, {"type": "Feature", "properties": {"kind": "road", "highway": "footway", "name": null, "osm_id": 699035628}, "geometry": {"type": "LineString", "coordinates": [[151.2717918, -33.8837979], [151.2721628, -33.8840038]]}}, {"type": "Feature", "properties": {"kind": "park", "highway": null, "name": "Gilgandra Reserve", "osm_id": 699035629}, "geometry": {"type": "Polygon", "coordinates": [[[151.2721925, -33.882532], [151.2721421, -33.8828603], [151.2719232, -33.8828372], [151.2719736, -33.8825088], [151.2721925, -33.882532]]]}}, {"type": "Feature", "properties": {"kind": "road", "highway": "residential", "name": "Brighton Boulevard", "osm_id": 700896145}, "geometry": {"type": "LineString", "coordinates": [[151.2837536, -33.8903499], [151.2837411, -33.890312], [151.2837292, -33.8902807], [151.283711, -33.8902518], [151.2836844, -33.8902267], [151.2836509, -33.8902066], [151.2833016, -33.8900002], [151.2830965, -33.8898713], [151.2830683, -33.8898564], [151.2830156, -33.8898285]]}}, {"type": "Feature", "properties": {"kind": "road", "highway": "residential", "name": "Brighton Boulevard", "osm_id": 700896146}, "geometry": {"type": "LineString", "coordinates": [[151.2839792, -33.8920996], [151.2840311, -33.8925102], [151.2840501, -33.8926656], [151.2840872, -33.8927585], [151.2841018, -33.8929182]]}}, {"type": "Feature", "properties": {"kind": "road", "highway": "residential", "name": "Hastings Parade", "osm_id": 700897447}, "geometry": {"type": "LineString", "coordinates": [[151.2847363, -33.8898169], [151.2837509, -33.889197], [151.2837144, -33.889174], [151.2836857, -33.8891559]]}}, {"type": "Feature", "properties": {"kind": "road", "highway": "residential", "name": "Clyde Street", "osm_id": 701135411}, "geometry": {"type": "LineString", "coordinates": [[151.2734809, -33.8806364], [151.2735683, -33.88069], [151.2736123, -33.8806986]]}}, {"type": "Feature", "properties": {"kind": "road", "highway": "residential", "name": "Roe Street", "osm_id": 701135412}, "geometry": {"type": "LineString", "coordinates": [[151.2704812, -33.879987], [151.27055, -33.8799951], [151.2705739, -33.8799978], [151.2732789, -33.8803016], [151.2733342, -33.8803089]]}}, {"type": "Feature", "properties": {"kind": "road", "highway": "residential", "name": "Gardyne Street", "osm_id": 701410619}, "geometry": {"type": "LineString", "coordinates": [[151.2644554, -33.9034928], [151.2642949, -33.9035021], [151.2631221, -33.9033566], [151.2629269, -33.9033056]]}}, {"type": "Feature", "properties": {"kind": "road", "highway": "residential", "name": "Gardyne Street", "osm_id": 701410620}, "geometry": {"type": "LineString", "coordinates": [[151.2629269, -33.9033056], [151.2631321, -33.9033031], [151.2643002, -33.9034434], [151.2644554, -33.9034928]]}}, {"type": "Feature", "properties": {"kind": "road", "highway": "residential", "name": "Gardyne Street", "osm_id": 701410621}, "geometry": {"type": "LineString", "coordinates": [[151.2649684, -33.9035985], [151.2648638, -33.9035608], [151.2647331, -33.9035285], [151.2644554, -33.9034928]]}}, {"type": "Feature", "properties": {"kind": "road", "highway": "residential", "name": "Philip Street", "osm_id": 701419263}, "geometry": {"type": "LineString", "coordinates": [[151.2653387, -33.8964779], [151.2657328, -33.8965334], [151.2658279, -33.8965699], [151.2662875, -33.8966333], [151.266337, -33.8966401]]}}, {"type": "Feature", "properties": {"kind": "road", "highway": "residential", "name": "Hastings Parade", "osm_id": 702500324}, "geometry": {"type": "LineString", "coordinates": [[151.2797084, -33.8866943], [151.2834052, -33.8889752], [151.2835012, -33.8890344], [151.2835422, -33.8890597]]}}, {"type": "Feature", "properties": {"kind": "road", "highway": "tertiary", "name": "Birriga Road", "osm_id": 702888865}, "geometry": {"type": "LineString", "coordinates": [[151.2651727, -33.8866406], [151.2652215, -33.886571]]}}, {"type": "Feature", "properties": {"kind": "road", "highway": "tertiary", "name": "Birriga Road", "osm_id": 702888866}, "geometry": {"type": "LineString", "coordinates": [[151.2647494, -33.885226], [151.2648119, -33.8852722], [151.265394, -33.8856035], [151.2654958, -33.885695], [151.2655731, -33.8857994], [151.2656181, -33.885913], [151.2656302, -33.886042], [151.2656163, -33.8861457], [151.2655637, -33.886274], [151.2654911, -33.886387], [151.2654097, -33.8864806], [151.2652668, -33.8866035], [151.2651727, -33.8866406]]}}, {"type": "Feature", "properties": {"kind": "road", "highway": "primary", "name": "Old South Head Road", "osm_id": 707108186}, "geometry": {"type": "LineString", "coordinates": [[151.268117, -33.8847953], [151.2681817, -33.8847178], [151.2682674, -33.8845971], [151.2682795, -33.8845806]]}}, {"type": "Feature", "properties": {"kind": "road", "highway": "footway", "name": null, "osm_id": 708407619}, "geometry": {"type": "LineString", "coordinates": [[151.2605111, -33.8862519], [151.2605084, -33.8862873], [151.2605059, -33.8863208], [151.2605032, -33.8863572]]}}, {"type": "Feature", "properties": {"kind": "road", "highway": "tertiary", "name": "Birriga Road", "osm_id": 708407620}, "geometry": {"type": "LineString", "coordinates": [[151.2605267, -33.8863217], [151.2605059, -33.8863208], [151.2604342, -33.8863164]]}}, {"type": "Feature", "properties": {"kind": "road", "highway": "tertiary", "name": "Birriga Road", "osm_id": 708407621}, "geometry": {"type": "LineString", "coordinates": [[151.2605275, -33.886288], [151.2607185, -33.8862947], [151.2609473, -33.8863219]]}}, {"type": "Feature", "properties": {"kind": "road", "highway": "tertiary", "name": "Birriga Road", "osm_id": 708407622}, "geometry": {"type": "LineString", "coordinates": [[151.2604363, -33.8862848], [151.2605084, -33.8862873], [151.2605275, -33.886288]]}}, {"type": "Feature", "properties": {"kind": "road", "highway": "tertiary", "name": "Birriga Road", "osm_id": 708407623}, "geometry": {"type": "LineString", "coordinates": [[151.2604342, -33.8863164], [151.2603876, -33.8863145]]}}, {"type": "Feature", "properties": {"kind": "road", "highway": "footway", "name": null, "osm_id": 708680872}, "geometry": {"type": "LineString", "coordinates": [[151.2733916, -33.8803231], [151.2734275, -33.8802712], [151.2734385, -33.8802408], [151.2734477, -33.8802155], [151.2734503, -33.8798503], [151.2735432, -33.8797526]]}}, {"type": "Feature", "properties": {"kind": "road", "highway": "footway", "name": null, "osm_id": 709883271}, "geometry": {"type": "LineString", "coordinates": [[151.2714592, -33.8952454], [151.2714786, -33.8951461], [151.2715225, -33.8949206], [151.271535, -33.8948567]]}}, {"type": "Feature", "properties": {"kind": "road", "highway": "footway", "name": null, "osm_id": 709883272}, "geometry": {"type": "LineString", "coordinates": [[151.2716515, -33.8952134], [151.2717131, -33.8948685], [151.2716054, -33.8949051]]}}, {"type": "Feature", "properties": {"kind": "road", "highway": "footway", "name": null, "osm_id": 711998983}, "geometry": {"type": "LineString", "coordinates": [[151.2829848, -33.889695], [151.2830765, -33.8897368], [151.2831655, -33.8897764]]}}, {"type": "Feature", "properties": {"kind": "road", "highway": "footway", "name": null, "osm_id": 712306665}, "geometry": {"type": "LineString", "coordinates": [[151.2752204, -33.885272], [151.2752163, -33.885327], [151.2752132, -33.8853688]]}}, {"type": "Feature", "properties": {"kind": "road", "highway": "tertiary", "name": "Wairoa Avenue", "osm_id": 712306708}, "geometry": {"type": "LineString", "coordinates": [[151.2804181, -33.8857761], [151.2804251, -33.8856841]]}}, {"type": "Feature", "properties": {"kind": "road", "highway": "tertiary", "name": "Blair Street", "osm_id": 712306709}, "geometry": {"type": "LineString", "coordinates": [[151.2807005, -33.8857911], [151.2804181, -33.8857761]]}}, {"type": "Feature", "properties": {"kind": "road", "highway": "tertiary", "name": "Wairoa Avenue", "osm_id": 712306710}, "geometry": {"type": "LineString", "coordinates": [[151.2807076, -33.885699], [151.2807005, -33.8857911]]}}, {"type": "Feature", "properties": {"kind": "road", "highway": "tertiary", "name": "Blair Street", "osm_id": 712306711}, "geometry": {"type": "LineString", "coordinates": [[151.2804251, -33.8856841], [151.2805997, -33.8856933]]}}, {"type": "Feature", "properties": {"kind": "road", "highway": "unclassified", "name": null, "osm_id": 713002335}, "geometry": {"type": "LineString", "coordinates": [[151.2822818, -33.8904771], [151.2822685, -33.8904668], [151.2822603, -33.8904534], [151.282258, -33.8904384], [151.282262, -33.8904237], [151.2822698, -33.8904129], [151.282281, -33.8904043], [151.2822947, -33.8903988], [151.2823097, -33.8903967], [151.2823249, -33.8903983], [151.2823393, -33.8904037], [151.2823512, -33.8904124], [151.2823595, -33.8904237], [151.2823633, -33.8904364], [151.2823624, -33.8904496], [151.2823568, -33.8904619], [151.282347, -33.8904723], [151.282334, -33.8904798], [151.2823166, -33.8904841], [151.2822984, -33.8904831], [151.2822818, -33.8904771]]}}, {"type": "Feature", "properties": {"kind": "road", "highway": "footway", "name": null, "osm_id": 714343752}, "geometry": {"type": "LineString", "coordinates": [[151.2834836, -33.888312], [151.2834459, -33.8883289]]}}, {"type": "Feature", "properties": {"kind": "road", "highway": "tertiary", "name": "Campbell Parade", "osm_id": 717779569}, "geometry": {"type": "LineString", "coordinates": [[151.2770328, -33.8889077], [151.2771703, -33.8888948], [151.2773323, -33.8888867], [151.2774951, -33.8888909]]}}, {"type": "Feature", "properties": {"kind": "road", "highway": "primary", "name": "Campbell Parade", "osm_id": 717779570}, "geometry": {"type": "LineString", "coordinates": [[151.2739917, -33.8912968], [151.2740746, -33.891221], [151.2741239, -33.8911757], [151.2747845, -33.8905764], [151.2748344, -33.8905315], [151.2751658, -33.8902337], [151.2754791, -33.8899478], [151.2755066, -33.889923], [151.2756201, -33.8898209]]}}, {"type": "Feature", "properties": {"kind": "road", "highway": "residential", "name": "Beach Road", "osm_id": 719115914}, "geometry": {"type": "LineString", "coordinates": [[151.2727252, -33.8865718], [151.2727654, -33.8865986], [151.2727973, -33.8866198], [151.2730401, -33.8867815], [151.275609, -33.8884736], [151.2756244, -33.8884847], [151.2756449, -33.8884994]]}}, {"type": "Feature", "properties": {"kind": "road", "highway": "residential", "name": "Beach Road", "osm_id": 719115915}, "geometry": {"type": "LineString", "coordinates": [[151.2756449, -33.8884994], [151.2756738, -33.8885234], [151.2756877, -33.888535], [151.2758994, -33.8886745], [151.2763597, -33.88898], [151.2763998, -33.8890066], [151.2764609, -33.8890742]]}}, {"type": "Feature", "properties": {"kind": "road", "highway": "residential", "name": null, "osm_id": 721524159}, "geometry": {"type": "LineString", "coordinates": [[151.2709557, -33.8852663], [151.2709641, -33.8851753], [151.2709459, -33.8851021], [151.2709387, -33.8850733], [151.2709001, -33.8850177], [151.2708524, -33.8849755], [151.2707573, -33.8849097], [151.2707421, -33.8848993]]}}, {"type": "Feature", "properties": {"kind": "road", "highway": "footway", "name": null, "osm_id": 721524160}, "geometry": {"type": "LineString", "coordinates": [[151.2707573, -33.8849097], [151.271307, -33.8843188]]}}, {"type": "Feature", "properties": {"kind": "road", "highway": "footway", "name": null, "osm_id": 723901274}, "geometry": {"type": "LineString", "coordinates": [[151.2737568, -33.8852681], [151.2737523, -33.8853169], [151.2737421, -33.8854277], [151.2737413, -33.8854441]]}}, {"type": "Feature", "properties": {"kind": "road", "highway": "tertiary", "name": "Glenayr Avenue", "osm_id": 723912735}, "geometry": {"type": "LineString", "coordinates": [[151.2730905, -33.8861571], [151.2732825, -33.8859545], [151.2734532, -33.8857744], [151.2734846, -33.8857412], [151.2734952, -33.8857236], [151.2735129, -33.8856883], [151.2735192, -33.8856707]]}}, {"type": "Feature", "properties": {"kind": "road", "highway": "pedestrian", "name": null, "osm_id": 724199094}, "geometry": {"type": "LineString", "coordinates": [[151.2740722, -33.8901097], [151.2741196, -33.8900627], [151.2741862, -33.8899967], [151.273976, -33.8898681], [151.2740017, -33.8898984], [151.2740061, -33.8899263], [151.2739971, -33.8899524], [151.2739857, -33.8899662], [151.2739726, -33.8899761], [151.2739562, -33.8899838], [151.2739177, -33.889989], [151.2738958, -33.8899851], [151.2738676, -33.8899706], [151.2740722, -33.8901097]]}}, {"type": "Feature", "properties": {"kind": "road", "highway": "footway", "name": null, "osm_id": 726099158}, "geometry": {"type": "LineString", "coordinates": [[151.281555, -33.8858364], [151.2815608, -33.8857442]]}}, {"type": "Feature", "properties": {"kind": "road", "highway": "footway", "name": null, "osm_id": 726099163}, "geometry": {"type": "LineString", "coordinates": [[151.282539, -33.8858885], [151.2825467, -33.8857964]]}}, {"type": "Feature", "properties": {"kind": "road", "highway": "footway", "name": null, "osm_id": 726099166}, "geometry": {"type": "LineString", "coordinates": [[151.2834821, -33.885846], [151.283475, -33.8859381]]}}, {"type": "Feature", "properties": {"kind": "road", "highway": "primary", "name": "Old South Head Road", "osm_id": 726767461}, "geometry": {"type": "LineString", "coordinates": [[151.2704617, -33.8802213], [151.2704812, -33.879987]]}}, {"type": "Feature", "properties": {"kind": "road", "highway": "primary", "name": "Old South Head Road", "osm_id": 726767463}, "geometry": {"type": "LineString", "coordinates": [[151.2697969, -33.8821552], [151.269874, -33.8819986], [151.2699487, -33.8818468]]}}, {"type": "Feature", "properties": {"kind": "road", "highway": "primary", "name": "Old South Head Road", "osm_id": 726767464}, "geometry": {"type": "LineString", "coordinates": [[151.2695169, -33.8826615], [151.2696159, -33.8824941], [151.2697969, -33.8821552]]}}, {"type": "Feature", "properties": {"kind": "road", "highway": "primary", "name": "Old South Head Road", "osm_id": 726767465}, "geometry": {"type": "LineString", "coordinates": [[151.2690393, -33.8834446], [151.2692917, -33.8830265], [151.269338, -33.8829539]]}}, {"type": "Feature", "properties": {"kind": "road", "highway": "primary", "name": "Old South Head Road", "osm_id": 726767466}, "geometry": {"type": "LineString", "coordinates": [[151.2686751, -33.8840258], [151.2687696, -33.8838913], [151.2690393, -33.8834446]]}}, {"type": "Feature", "properties": {"kind": "road", "highway": "primary", "name": "Old South Head Road", "osm_id": 726767467}, "geometry": {"type": "LineString", "coordinates": [[151.2682795, -33.8845806], [151.2684089, -33.8844046]]}}, {"type": "Feature", "properties": {"kind": "road", "highway": "primary", "name": "Old South Head Road", "osm_id": 726767468}, "geometry": {"type": "LineString", "coordinates": [[151.2684089, -33.8844046], [151.2686751, -33.8840258]]}}, {"type": "Feature", "properties": {"kind": "road", "highway": "tertiary", "name": "Blair Street", "osm_id": 735034698}, "geometry": {"type": "LineString", "coordinates": [[151.2738719, -33.8853232], [151.2740844, -33.8853345], [151.2742414, -33.8853453]]}}, {"type": "Feature", "properties": {"kind": "road", "highway": "residential", "name": "Glenayr Avenue", "osm_id": 735034699}, "geometry": {"type": "LineString", "coordinates": [[151.2746794, -33.8844466], [151.2747707, -33.8838603], [151.2747886, -33.8838256], [151.2748211, -33.8837921], [151.274855, -33.8837769], [151.2749011, -33.8837694], [151.2749825, -33.8837738], [151.2753278, -33.8838226], [151.275381, -33.883828], [151.2753973, -33.8837424], [151.2757205, -33.8820483], [151.2757266, -33.882013], [151.2757355, -33.8819668]]}}, {"type": "Feature", "properties": {"kind": "road", "highway": "tertiary", "name": "Mitchell Street", "osm_id": 735034700}, "geometry": {"type": "LineString", "coordinates": [[151.2762354, -33.8841105], [151.2761293, -33.884686], [151.2761162, -33.8847571], [151.2761129, -33.8847739], [151.2760067, -33.8853239], [151.2759968, -33.8853746], [151.2759901, -33.8854065]]}}, {"type": "Feature", "properties": {"kind": "road", "highway": "tertiary", "name": "Blair Street", "osm_id": 735034701}, "geometry": {"type": "LineString", "coordinates": [[151.2778816, -33.8855494], [151.2782989, -33.8855715], [151.2787666, -33.8855962], [151.2792375, -33.8856212], [151.2793822, -33.8856288], [151.2796803, -33.8856446]]}}, {"type": "Feature", "properties": {"kind": "road", "highway": "tertiary", "name": "Blair Street", "osm_id": 735034702}, "geometry": {"type": "LineString", "coordinates": [[151.2762519, -33.8855555], [151.2761865, -33.885552], [151.2761011, -33.8855597], [151.2760142, -33.8855691]]}}, {"type": "Feature", "properties": {"kind": "road", "highway": "tertiary", "name": "Blair Street", "osm_id": 735034703}, "geometry": {"type": "LineString", "coordinates": [[151.2738502, -33.8854223], [151.2738215, -33.8854225], [151.2737929, -33.8854235], [151.2737641, -33.8854255], [151.2737421, -33.8854277], [151.2737355, -33.8854284], [151.273707, -33.8854322], [151.2736787, -33.885437], [151.2736262, -33.8854407]]}}, {"type": "Feature", "properties": {"kind": "road", "highway": "residential", "name": "Oakley Road", "osm_id": 735034704}, "geometry": {"type": "LineString", "coordinates": [[151.2773478, -33.8848165], [151.2778562, -33.8848689], [151.2778955, -33.884873], [151.2779315, -33.8848767], [151.2795074, -33.885039]]}}, {"type": "Feature", "properties": {"kind": "road", "highway": "footway", "name": null, "osm_id": 738379508}, "geometry": {"type": "LineString", "coordinates": [[151.2744069, -33.8988234], [151.2745339, -33.8989013], [151.2745607, -33.8989481], [151.2745675, -33.8989707]]}}, {"type": "Feature", "properties": {"kind": "road", "highway": "footway", "name": null, "osm_id": 738379510}, "geometry": {"type": "LineString", "coordinates": [[151.2744387, -33.8986772], [151.2745258, -33.8987326], [151.2746271, -33.898857], [151.2747049, -33.898813]]}}, {"type": "Feature", "properties": {"kind": "road", "highway": "footway", "name": null, "osm_id": 738379512}, "geometry": {"type": "LineString", "coordinates": [[151.2744455, -33.8980477], [151.2745342, -33.8980544], [151.2747239, -33.8980266], [151.2748899, -33.8979885], [151.2750603, -33.8980736], [151.2752956, -33.8981939], [151.2755035, -33.8983164], [151.2756301, -33.8984014], [151.2756643, -33.8984244], [151.2758681, -33.8985794], [151.2759012, -33.8986127], [151.2759229, -33.898651], [151.2759316, -33.8987122], [151.2759122, -33.8988397]]}}, {"type": "Feature", "properties": {"kind": "road", "highway": "primary", "name": "Campbell Parade", "osm_id": 739452167}, "geometry": {"type": "LineString", "coordinates": [[151.2744005, -33.8910725], [151.2741968, -33.8912544], [151.2741596, -33.8912879], [151.2740829, -33.8913572]]}}, {"type": "Feature", "properties": {"kind": "road", "highway": "unclassified", "name": "Blair Street", "osm_id": 740684658}, "geometry": {"type": "LineString", "coordinates": [[151.2697396, -33.8852055], [151.2693559, -33.8851836], [151.2689026, -33.8851578], [151.2688684, -33.8851528], [151.2688456, -33.8851427], [151.2688328, -33.88513], [151.2688337, -33.8851015], [151.2688549, -33.8850654]]}}, {"type": "Feature", "properties": {"kind": "road", "highway": "tertiary", "name": "Wellington Street", "osm_id": 740684659}, "geometry": {"type": "LineString", "coordinates": [[151.2697396, -33.8852055], [151.2698038, -33.8851428], [151.2698344, -33.885113]]}}, {"type": "Feature", "properties": {"kind": "road", "highway": "residential", "name": "Wellington Street", "osm_id": 740684660}, "geometry": {"type": "LineString", "coordinates": [[151.2698344, -33.885113], [151.2698754, -33.8850734], [151.2699106, -33.8850393], [151.2701085, -33.8848479]]}}, {"type": "Feature", "properties": {"kind": "road", "highway": "residential", "name": "Mitchell Street", "osm_id": 747966110}, "geometry": {"type": "LineString", "coordinates": [[151.2758955, -33.8859579], [151.2758161, -33.8864168], [151.2757818, -33.8865857], [151.2756864, -33.886968]]}}, {"type": "Feature", "properties": {"kind": "road", "highway": "secondary", "name": "Curlewis Street", "osm_id": 747966514}, "geometry": {"type": "LineString", "coordinates": [[151.2681879, -33.8851231], [151.2680261, -33.8851164], [151.2679963, -33.8851151]]}}, {"type": "Feature", "properties": {"kind": "road", "highway": "secondary", "name": "Curlewis Street", "osm_id": 747966515}, "geometry": {"type": "LineString", "coordinates": [[151.2687958, -33.8853582], [151.2685961, -33.8852214]]}}, {"type": "Feature", "properties": {"kind": "road", "highway": "primary", "name": "Old South Head Road", "osm_id": 750097903}, "geometry": {"type": "LineString", "coordinates": [[151.2607437, -33.8883097], [151.261116, -33.8882059]]}}, {"type": "Feature", "properties": {"kind": "road", "highway": "primary", "name": "Old South Head Road", "osm_id": 750097904}, "geometry": {"type": "LineString", "coordinates": [[151.2580162, -33.8890741], [151.2582425, -33.8891859], [151.2583611, -33.8892406], [151.2584797, -33.8892887], [151.2586206, -33.8893392], [151.2587082, -33.8893621], [151.2587963, -33.8893847]]}}, {"type": "Feature", "properties": {"kind": "road", "highway": "primary", "name": "Old South Head Road", "osm_id": 750097905}, "geometry": {"type": "LineString", "coordinates": [[151.2572678, -33.8889653], [151.2571934, -33.8889854], [151.2571073, -33.8890124], [151.2568222, -33.8891291], [151.2566239, -33.8892183], [151.2562894, -33.889372]]}}, {"type": "Feature", "properties": {"kind": "road", "highway": "secondary", "name": "Curlewis Street", "osm_id": 750105056}, "geometry": {"type": "LineString", "coordinates": [[151.2684262, -33.8850379], [151.2685125, -33.8850802], [151.2685789, -33.8851127], [151.2686879, -33.8851971], [151.2687511, -33.8852478], [151.2688137, -33.8852963], [151.2692053, -33.8855568], [151.269268, -33.8855984], [151.2692981, -33.8856197]]}}, {"type": "Feature", "properties": {"kind": "road", "highway": "footway", "name": null, "osm_id": 750105058}, "geometry": {"type": "LineString", "coordinates": [[151.2678941, -33.8852482], [151.2677686, -33.8853967], [151.2677003, -33.8854608], [151.2670892, -33.8860348], [151.26653, -33.8865924], [151.2658352, -33.8871736]]}}, {"type": "Feature", "properties": {"kind": "road", "highway": "secondary", "name": "O'Sullivan Road", "osm_id": 750105059}, "geometry": {"type": "LineString", "coordinates": [[151.2678703, -33.8851089], [151.2677623, -33.8850925]]}}, {"type": "Feature", "properties": {"kind": "road", "highway": "primary", "name": "Old South Head Road", "osm_id": 750105060}, "geometry": {"type": "LineString", "coordinates": [[151.2678703, -33.8851089], [151.2679508, -33.8849989]]}}, {"type": "Feature", "properties": {"kind": "road", "highway": "primary", "name": "Old South Head Road", "osm_id": 750105061}, "geometry": {"type": "LineString", "coordinates": [[151.2679508, -33.8849989], [151.2680171, -33.8849088], [151.2680309, -33.8848937], [151.268117, -33.8847953]]}}, {"type": "Feature", "properties": {"kind": "road", "highway": "secondary", "name": "Birrell Street", "osm_id": 750354374}, "geometry": {"type": "LineString", "coordinates": [[151.2547632, -33.8965197], [151.255632, -33.8966425], [151.2557615, -33.8966608], [151.25586, -33.8966743], [151.2560296, -33.8966975], [151.2569275, -33.8968181], [151.2577466, -33.8969265], [151.257848, -33.8969393], [151.2584126, -33.8970126], [151.2589665, -33.8970872]]}}, {"type": "Feature", "properties": {"kind": "road", "highway": "tertiary", "name": "Bellevue Road", "osm_id": 753675490}, "geometry": {"type": "LineString", "coordinates": [[151.2590049, -33.8870488], [151.2588899, -33.8870172]]}}, {"type": "Feature", "properties": {"kind": "road", "highway": "tertiary", "name": "Victoria Road", "osm_id": 753675491}, "geometry": {"type": "LineString", "coordinates": [[151.2589638, -33.8872293], [151.258937, -33.8873137], [151.2588678, -33.8874623]]}}, {"type": "Feature", "properties": {"kind": "road", "highway": "tertiary", "name": "Bellevue Road", "osm_id": 753675492}, "geometry": {"type": "LineString", "coordinates": [[151.2587356, -33.886934], [151.2587129, -33.8869001], [151.2587068, -33.886891]]}}, {"type": "Feature", "properties": {"kind": "road", "highway": "tertiary", "name": "Victoria Road", "osm_id": 753675493}, "geometry": {"type": "LineString", "coordinates": [[151.2588899, -33.8870172], [151.2589031, -33.8869773]]}}, {"type": "Feature", "properties": {"kind": "road", "highway": "tertiary", "name": "Bellevue Road", "osm_id": 753675494}, "geometry": {"type": "LineString", "coordinates": [[151.2588899, -33.8870172], [151.2588342, -33.8869967], [151.2588038, -33.8869856], [151.2587356, -33.886934]]}}, {"type": "Feature", "properties": {"kind": "road", "highway": "footway", "name": null, "osm_id": 754262771}, "geometry": {"type": "LineString", "coordinates": [[151.2758835, -33.8865227], [151.2759015, -33.8864302], [151.2759764, -33.8860459], [151.2762225, -33.8860798], [151.2766352, -33.8861368], [151.2770478, -33.8861937], [151.277242, -33.8862205], [151.2775122, -33.8864154], [151.2773222, -33.8866229], [151.2772244, -33.8867296], [151.2770354, -33.8869358], [151.276945, -33.8868742], [151.2767927, -33.8867704], [151.2767357, -33.8867315], [151.2767158, -33.8867209], [151.2766544, -33.8866879], [151.2766465, -33.8866837], [151.2765664, -33.8866524], [151.2765439, -33.8866436], [151.2764353, -33.8866113], [151.2764021, -33.8866056], [151.2763246, -33.8865924], [151.2762963, -33.8865885], [151.2759055, -33.886535], [151.2758835, -33.8865227]]}}, {"type": "Feature", "properties": {"kind": "road", "highway": "footway", "name": null, "osm_id": 754262772}, "geometry": {"type": "LineString", "coordinates": [[151.2758835, -33.8865227], [151.2758772, -33.8865528], [151.2758679, -33.8865976], [151.2758532, -33.8866851]]}}, {"type": "Feature", "properties": {"kind": "road", "highway": "footway", "name": null, "osm_id": 754262773}, "geometry": {"type": "LineString", "coordinates": [[151.2759764, -33.8860459], [151.2759893, -33.8859708], [151.2760019, -33.8858966]]}}, {"type": "Feature", "properties": {"kind": "road", "highway": "footway", "name": null, "osm_id": 754262774}, "geometry": {"type": "LineString", "coordinates": [[151.2775122, -33.8864154], [151.2775638, -33.8864494], [151.2776141, -33.8864827]]}}, {"type": "Feature", "properties": {"kind": "road", "highway": "footway", "name": null, "osm_id": 754262775}, "geometry": {"type": "LineString", "coordinates": [[151.2770354, -33.8869358], [151.2770829, -33.8869682], [151.2771324, -33.887002]]}}, {"type": "Feature", "properties": {"kind": "road", "highway": "footway", "name": null, "osm_id": 754262776}, "geometry": {"type": "LineString", "coordinates": [[151.2770354, -33.8869358], [151.2769867, -33.8869873], [151.2769244, -33.8870532]]}}, {"type": "Feature", "properties": {"kind": "road", "highway": "footway", "name": "Yawang Lane", "osm_id": 754268988}, "geometry": {"type": "LineString", "coordinates": [[151.2645609, -33.8873197], [151.2645444, -33.8872913]]}}, {"type": "Feature", "properties": {"kind": "road", "highway": "primary", "name": "Old South Head Road", "osm_id": 757808132}, "geometry": {"type": "LineString", "coordinates": [[151.2623048, -33.8880049], [151.2621372, -33.8880323], [151.2620374, -33.8880532]]}}, {"type": "Feature", "properties": {"kind": "road", "highway": "secondary", "name": "Penkivil Street", "osm_id": 757808133}, "geometry": {"type": "LineString", "coordinates": [[151.2620537, -33.8882416], [151.2620573, -33.8881758], [151.2620563, -33.8881486], [151.2620513, -33.8881232], [151.2620374, -33.8880532]]}}, {"type": "Feature", "properties": {"kind": "road", "highway": "tertiary", "name": "Flood Street", "osm_id": 757808134}, "geometry": {"type": "LineString", "coordinates": [[151.2594445, -33.8894936], [151.2594473, -33.8894776], [151.2594502, -33.8894532], [151.2594488, -33.8894005]]}}, {"type": "Feature", "properties": {"kind": "road", "highway": "residential", "name": "High Street", "osm_id": 770784879}, "geometry": {"type": "LineString", "coordinates": [[151.2557003, -33.9016448], [151.2555449, -33.9023527], [151.2554755, -33.9027206]]}}, {"type": "Feature", "properties": {"kind": "road", "highway": "tertiary", "name": "Victoria Road", "osm_id": 775957023}, "geometry": {"type": "LineString", "coordinates": [[151.2585519, -33.8879533], [151.258094, -33.8883023], [151.257756, -33.8885318], [151.2575096, -33.8886939]]}}, {"type": "Feature", "properties": {"kind": "road", "highway": "tertiary", "name": "Bellevue Road", "osm_id": 775957024}, "geometry": {"type": "LineString", "coordinates": [[151.2587068, -33.886891], [151.2586417, -33.8867938], [151.258518, -33.8866813], [151.2584915, -33.8866513], [151.2584325, -33.8866001]]}}, {"type": "Feature", "properties": {"kind": "road", "highway": "tertiary", "name": "Bellevue Road", "osm_id": 775957025}, "geometry": {"type": "LineString", "coordinates": [[151.2585687, -33.8866539], [151.2586017, -33.8866815], [151.2586497, -33.8867247], [151.2587942, -33.8868997], [151.2588284, -33.8869372], [151.2588539, -33.8869538], [151.2589031, -33.8869773]]}}, {"type": "Feature", "properties": {"kind": "road", "highway": "tertiary", "name": "Bellevue Road", "osm_id": 775957026}, "geometry": {"type": "LineString", "coordinates": [[151.2561958, -33.8856474], [151.256534, -33.8858334], [151.2569301, -33.8860195]]}}, {"type": "Feature", "properties": {"kind": "road", "highway": "footway", "name": null, "osm_id": 788346919}, "geometry": {"type": "LineString", "coordinates": [[151.264582, -33.8912445], [151.2644474, -33.8912237], [151.2643942, -33.8912189], [151.2643417, -33.8912225], [151.2642982, -33.8912195], [151.2642358, -33.8912086], [151.264129, -33.8911842], [151.2640473, -33.8911494], [151.2639544, -33.8910942], [151.2638708, -33.8910372], [151.2638264, -33.8909978], [151.2638055, -33.8909575], [151.263793, -33.8908934], [151.263788, -33.8908213], [151.2637765, -33.8907518], [151.2637714, -33.8907275]]}}, {"type": "Feature", "properties": {"kind": "road", "highway": "residential", "name": "Ocean Street North", "osm_id": 788346922}, "geometry": {"type": "LineString", "coordinates": [[151.2631695, -33.8901372], [151.2631471, -33.8900513], [151.2631347, -33.8900248], [151.2631174, -33.8899985]]}}, {"type": "Feature", "properties": {"kind": "road", "highway": "residential", "name": "Ocean Street North", "osm_id": 788346923}, "geometry": {"type": "LineString", "coordinates": [[151.2632863, -33.8900245], [151.2632279, -33.8900622], [151.2631695, -33.8901372]]}}, {"type": "Feature", "properties": {"kind": "road", "highway": "footway", "name": null, "osm_id": 788346928}, "geometry": {"type": "LineString", "coordinates": [[151.2618981, -33.8898487], [151.2618995, -33.8898413]]}}, {"type": "Feature", "properties": {"kind": "road", "highway": "footway", "name": null, "osm_id": 788346929}, "geometry": {"type": "LineString", "coordinates": [[151.2619127, -33.8897953], [151.2619136, -33.8897893], [151.2619433, -33.8896162]]}}, {"type": "Feature", "properties": {"kind": "road", "highway": "footway", "name": null, "osm_id": 788346930}, "geometry": {"type": "LineString", "coordinates": [[151.2618995, -33.8898413], [151.2619058, -33.8898193], [151.2619127, -33.8897953]]}}, {"type": "Feature", "properties": {"kind": "road", "highway": "footway", "name": null, "osm_id": 788346932}, "geometry": {"type": "LineString", "coordinates": [[151.2611406, -33.8934358], [151.2611706, -33.8932894], [151.2611892, -33.8932455], [151.2612807, -33.8927536], [151.2613721, -33.8923334], [151.261429, -33.892039], [151.2614961, -33.8917462], [151.261615, -33.89117], [151.2617065, -33.8907532], [151.2618, -33.8903297], [151.2618708, -33.8899989], [151.2618912, -33.889887], [151.2618961, -33.88986]]}}, {"type": "Feature", "properties": {"kind": "road", "highway": "footway", "name": null, "osm_id": 788346934}, "geometry": {"type": "LineString", "coordinates": [[151.2617099, -33.889857], [151.2617536, -33.8898642], [151.2617925, -33.8898707], [151.2618447, -33.8898793], [151.2618912, -33.889887]]}}, {"type": "Feature", "properties": {"kind": "road", "highway": "footway", "name": null, "osm_id": 788346935}, "geometry": {"type": "LineString", "coordinates": [[151.2609637, -33.8934028], [151.2609901, -33.8932677], [151.2611538, -33.892479], [151.2613686, -33.8914803], [151.2616358, -33.8902148], [151.2617099, -33.889857]]}}, {"type": "Feature", "properties": {"kind": "road", "highway": "footway", "name": null, "osm_id": 788346936}, "geometry": {"type": "LineString", "coordinates": [[151.2597928, -33.8892415], [151.2598377, -33.8891968], [151.2598829, -33.8891519], [151.2599514, -33.88905], [151.2599946, -33.8889836], [151.2601536, -33.8887309], [151.2601948, -33.8886711], [151.2602246, -33.8886365], [151.2602589, -33.8886043], [151.2602996, -33.8885767], [151.2603508, -33.8885519], [151.2604153, -33.888526], [151.2604869, -33.8885], [151.2611266, -33.8883091], [151.2618553, -33.8881334], [151.2619094, -33.8881347], [151.2619166, -33.8881382], [151.2619392, -33.8881495], [151.2619561, -33.8881723], [151.2619616, -33.8881796], [151.2619626, -33.8882093], [151.2618046, -33.8892667], [151.2617428, -33.8897276], [151.261721, -33.8898067]]}}, {"type": "Feature", "properties": {"kind": "road", "highway": "footway", "name": null, "osm_id": 788346938}, "geometry": {"type": "LineString", "coordinates": [[151.2608699, -33.8894887], [151.2608294, -33.8896688]]}}, {"type": "Feature", "properties": {"kind": "road", "highway": "footway", "name": null, "osm_id": 788346939}, "geometry": {"type": "LineString", "coordinates": [[151.2605239, -33.8896737], [151.2605652, -33.8896794], [151.2606136, -33.889686]]}}, {"type": "Feature", "properties": {"kind": "road", "highway": "residential", "name": "Anglesea Street", "osm_id": 788346940}, "geometry": {"type": "LineString", "coordinates": [[151.2605606, -33.8896987], [151.2605652, -33.8896794], [151.2605731, -33.8896458]]}}, {"type": "Feature", "properties": {"kind": "road", "highway": "residential", "name": "New Street", "osm_id": 788346941}, "geometry": {"type": "LineString", "coordinates": [[151.2605731, -33.8896458], [151.2606206, -33.8896514]]}}, {"type": "Feature", "properties": {"kind": "road", "highway": "footway", "name": null, "osm_id": 788346943}, "geometry": {"type": "LineString", "coordinates": [[151.259345, -33.8894803], [151.2594502, -33.8894532], [151.2595438, -33.8894286]]}}, {"type": "Feature", "properties": {"kind": "road", "highway": "footway", "name": null, "osm_id": 788346944}, "geometry": {"type": "LineString", "coordinates": [[151.2575541, -33.8890185], [151.2575558, -33.8890188], [151.2576317, -33.8890334], [151.2577454, -33.8890754], [151.2584754, -33.8894142], [151.2587, -33.8894853], [151.2588171, -33.8895119], [151.2589374, -33.8895176], [151.2592349, -33.8894976], [151.259279, -33.8894907], [151.2593391, -33.8894812], [151.259345, -33.8894803]]}}, {"type": "Feature", "properties": {"kind": "road", "highway": "residential", "name": "Lamrock Avenue", "osm_id": 788445847}, "geometry": {"type": "LineString", "coordinates": [[151.2686175, -33.8900159], [151.2684975, -33.889937], [151.2684679, -33.8899171], [151.2683336, -33.8898267]]}}, {"type": "Feature", "properties": {"kind": "road", "highway": "footway", "name": null, "osm_id": 788445849}, "geometry": {"type": "LineString", "coordinates": [[151.2661893, -33.8904202], [151.266677, -33.8899122], [151.2678827, -33.8906978], [151.2680692, -33.8905142], [151.2681684, -33.8904011], [151.2685066, -33.8900433]]}}, {"type": "Feature", "properties": {"kind": "road", "highway": "footway", "name": null, "osm_id": 788445850}, "geometry": {"type": "LineString", "coordinates": [[151.2660485, -33.8903314], [151.2661166, -33.8903725], [151.2661893, -33.8904202]]}}, {"type": "Feature", "properties": {"kind": "road", "highway": "footway", "name": null, "osm_id": 788445851}, "geometry": {"type": "LineString", "coordinates": [[151.2653984, -33.8899009], [151.2653312, -33.8899726], [151.2652953, -33.8900109], [151.2652882, -33.8900185]]}}, {"type": "Feature", "properties": {"kind": "road", "highway": "footway", "name": null, "osm_id": 788445852}, "geometry": {"type": "LineString", "coordinates": [[151.2661412, -33.8902335], [151.2660485, -33.8903314], [151.2653984, -33.8899009]]}}, {"type": "Feature", "properties": {"kind": "road", "highway": "footway", "name": null, "osm_id": 788445853}, "geometry": {"type": "LineString", "coordinates": [[151.2650993, -33.8904998], [151.2649312, -33.8903888], [151.2652882, -33.8900185]]}}, {"type": "Feature", "properties": {"kind": "road", "highway": "footway", "name": null, "osm_id": 788445854}, "geometry": {"type": "LineString", "coordinates": [[151.2647676, -33.890325], [151.2647377, -33.8903604], [151.2646948, -33.8904112]]}}, {"type": "Feature", "properties": {"kind": "road", "highway": "footway", "name": null, "osm_id": 788445855}, "geometry": {"type": "LineString", "coordinates": [[151.2647892, -33.8903153], [151.2648166, -33.8903287], [151.2648574, -33.8903396], [151.2648657, -33.8903443], [151.2649215, -33.8903793], [151.2649312, -33.8903888], [151.2649289, -33.8904], [151.2649056, -33.8904464], [151.2648766, -33.8904938], [151.2648708, -33.8905033], [151.2648543, -33.8905304]]}}, {"type": "Feature", "properties": {"kind": "road", "highway": "tertiary", "name": "Wellington Street", "osm_id": 788445856}, "geometry": {"type": "LineString", "coordinates": [[151.2648561, -33.8903555], [151.2648163, -33.8904026]]}}, {"type": "Feature", "properties": {"kind": "road", "highway": "footway", "name": null, "osm_id": 788445857}, "geometry": {"type": "LineString", "coordinates": [[151.2641163, -33.8897991], [151.2640667, -33.8898463], [151.2640599, -33.8898646], [151.2640587, -33.8898926], [151.2640654, -33.8899203], [151.2640809, -33.8899524], [151.2641053, -33.8899838], [151.2641482, -33.890017], [151.2641809, -33.8900349], [151.2642268, -33.89005], [151.2642851, -33.8900594], [151.2643684, -33.890082], [151.2644467, -33.8901224], [151.2645141, -33.8901628], [151.2647388, -33.8903151], [151.2647531, -33.8903215], [151.2647676, -33.890325], [151.2647795, -33.8903229], [151.2647892, -33.8903153], [151.2648115, -33.890294], [151.2648436, -33.8902598], [151.2648517, -33.8902502]]}}, {"type": "Feature", "properties": {"kind": "road", "highway": "tertiary", "name": "Wellington Street", "osm_id": 788445859}, "geometry": {"type": "LineString", "coordinates": [[151.2648844, -33.8903227], [151.2648657, -33.8903443], [151.2648561, -33.8903555]]}}, {"type": "Feature", "properties": {"kind": "road", "highway": "tertiary", "name": "Wellington Street", "osm_id": 788445860}, "geometry": {"type": "LineString", "coordinates": [[151.2648163, -33.8904026], [151.2647738, -33.8904637]]}}, {"type": "Feature", "properties": {"kind": "road", "highway": "tertiary", "name": "O'Brien Street", "osm_id": 789127219}, "geometry": {"type": "LineString", "coordinates": [[151.2673957, -33.8890029], [151.2674242, -33.8889992], [151.2674377, -33.8889984]]}}, {"type": "Feature", "properties": {"kind": "road", "highway": "secondary", "name": "Murray Street", "osm_id": 794989191}, "geometry": {"type": "LineString", "coordinates": [[151.2628392, -33.900439], [151.2628545, -33.9003739], [151.2628602, -33.9003474], [151.2629327, -33.9000138], [151.2630247, -33.8995874], [151.2630631, -33.8994395], [151.2631274, -33.8991531], [151.2631753, -33.8989293], [151.2632285, -33.8987102]]}}, {"type": "Feature", "properties": {"kind": "road", "highway": "footway", "name": null, "osm_id": 799332947}, "geometry": {"type": "LineString", "coordinates": [[151.2804314, -33.881515], [151.2804155, -33.8815979], [151.2802363, -33.8825338], [151.2802234, -33.8826011]]}}, {"type": "Feature", "properties": {"kind": "road", "highway": "residential", "name": "Barracluff Avenue", "osm_id": 809890124}, "geometry": {"type": "LineString", "coordinates": [[151.266671, -33.8898014], [151.2672917, -33.8891407]]}}, {"type": "Feature", "properties": {"kind": "road", "highway": "tertiary", "name": "Glenayr Avenue", "osm_id": 823799494}, "geometry": {"type": "LineString", "coordinates": [[151.2727252, -33.8865718], [151.2724051, -33.8869087], [151.2723358, -33.8869817], [151.272289, -33.8870309], [151.2722129, -33.887111], [151.2722087, -33.8871154], [151.2721713, -33.8871547]]}}, {"type": "Feature", "properties": {"kind": "road", "highway": "tertiary", "name": "Glenayr Avenue", "osm_id": 823799495}, "geometry": {"type": "LineString", "coordinates": [[151.2706599, -33.8887455], [151.2706545, -33.888773], [151.2705168, -33.8889227], [151.2704917, -33.8889824], [151.2704795, -33.8890297], [151.270473, -33.8890881], [151.270471, -33.8891397]]}}, {"type": "Feature", "properties": {"kind": "road", "highway": "footway", "name": null, "osm_id": 823799496}, "geometry": {"type": "LineString", "coordinates": [[151.2710514, -33.8892447], [151.2710204, -33.889225], [151.2709808, -33.8891998], [151.2709403, -33.889174], [151.2708923, -33.8891434]]}}, {"type": "Feature", "properties": {"kind": "road", "highway": "footway", "name": null, "osm_id": 823799497}, "geometry": {"type": "LineString", "coordinates": [[151.2707883, -33.8891404], [151.2707748, -33.8891679], [151.2707543, -33.8892094], [151.2707338, -33.889251]]}}, {"type": "Feature", "properties": {"kind": "road", "highway": "tertiary", "name": "Glenayr Avenue", "osm_id": 823799498}, "geometry": {"type": "LineString", "coordinates": [[151.2703385, -33.8891334], [151.2703477, -33.8890807], [151.2703825, -33.8890165], [151.2704232, -33.8889659], [151.2704778, -33.8888979], [151.2706254, -33.8887551], [151.2706599, -33.8887455]]}}, {"type": "Feature", "properties": {"kind": "road", "highway": "tertiary", "name": "Hall Street", "osm_id": 823803944}, "geometry": {"type": "LineString", "coordinates": [[151.2708926, -33.8892526], [151.2709153, -33.8892679]]}}, {"type": "Feature", "properties": {"kind": "road", "highway": "tertiary", "name": "Campbell Parade", "osm_id": 824038200}, "geometry": {"type": "LineString", "coordinates": [[151.2835656, -33.8887908], [151.28363, -33.8888942], [151.2836609, -33.8889785], [151.2836739, -33.8890498], [151.2836857, -33.8891559], [151.2836668, -33.8892273]]}}, {"type": "Feature", "properties": {"kind": "road", "highway": "tertiary", "name": "Campbell Parade", "osm_id": 824038201}, "geometry": {"type": "LineString", "coordinates": [[151.2829162, -33.8897687], [151.2829848, -33.889695], [151.2830978, -33.8895715], [151.2831984, -33.8894617]]}}, {"type": "Feature", "properties": {"kind": "road", "highway": "footway", "name": null, "osm_id": 824767668}, "geometry": {"type": "LineString", "coordinates": [[151.2728519, -33.886562], [151.2728267, -33.8865454], [151.2727938, -33.8865238], [151.2727625, -33.8865032], [151.2727345, -33.8864848], [151.2727071, -33.8864668]]}}, {"type": "Feature", "properties": {"kind": "road", "highway": "footway", "name": null, "osm_id": 824767669}, "geometry": {"type": "LineString", "coordinates": [[151.2712768, -33.8855367], [151.2720453, -33.8860441], [151.272086, -33.886071], [151.2726987, -33.8864756]]}}, {"type": "Feature", "properties": {"kind": "road", "highway": "footway", "name": null, "osm_id": 824767679}, "geometry": {"type": "LineString", "coordinates": [[151.2720595, -33.8871435], [151.2718804, -33.8870251]]}}, {"type": "Feature", "properties": {"kind": "road", "highway": "secondary", "name": "Curlewis Street", "osm_id": 824767684}, "geometry": {"type": "LineString", "coordinates": [[151.2716281, -33.8872047], [151.2707945, -33.8866541], [151.270235, -33.8862845], [151.2693788, -33.8857189], [151.2693572, -33.8857046]]}}, {"type": "Feature", "properties": {"kind": "road", "highway": "footway", "name": null, "osm_id": 824767694}, "geometry": {"type": "LineString", "coordinates": [[151.2706898, -33.8885922], [151.2706801, -33.8885862]]}}, {"type": "Feature", "properties": {"kind": "road", "highway": "footway", "name": null, "osm_id": 824767735}, "geometry": {"type": "LineString", "coordinates": [[151.2694637, -33.8856216], [151.2697944, -33.885272], [151.2706584, -33.8853283], [151.2708897, -33.88548], [151.2725863, -33.886593]]}}, {"type": "Feature", "properties": {"kind": "road", "highway": "footway", "name": null, "osm_id": 824767736}, "geometry": {"type": "LineString", "coordinates": [[151.2756647, -33.8884233], [151.2756511, -33.8884143], [151.2728462, -33.886568]]}}, {"type": "Feature", "properties": {"kind": "road", "highway": "footway", "name": null, "osm_id": 824767737}, "geometry": {"type": "LineString", "coordinates": [[151.2755457, -33.8885367], [151.2727334, -33.8866873]]}}, {"type": "Feature", "properties": {"kind": "road", "highway": "footway", "name": null, "osm_id": 824767738}, "geometry": {"type": "LineString", "coordinates": [[151.2708923, -33.8891434], [151.2708055, -33.8891057], [151.2707883, -33.8891404]]}}, {"type": "Feature", "properties": {"kind": "road", "highway": "footway", "name": null, "osm_id": 824767740}, "geometry": {"type": "LineString", "coordinates": [[151.2705563, -33.8889478], [151.2705765, -33.8889607], [151.2705821, -33.8889642], [151.2706062, -33.8889795], [151.2707734, -33.8890854], [151.2708055, -33.8891057], [151.270911, -33.8890914]]}}, {"type": "Feature", "properties": {"kind": "road", "highway": "footway", "name": null, "osm_id": 824767741}, "geometry": {"type": "LineString", "coordinates": [[151.2728031, -33.889314], [151.2727993, -33.8892974], [151.272792, -33.8892817], [151.2727789, -33.8892646], [151.2727616, -33.8892502], [151.2727497, -33.8892434]]}}, {"type": "Feature", "properties": {"kind": "road", "highway": "footway", "name": null, "osm_id": 824767742}, "geometry": {"type": "LineString", "coordinates": [[151.270911, -33.8890914], [151.2725573, -33.8891627], [151.2725808, -33.8891608], [151.2726036, -33.8891556]]}}, {"type": "Feature", "properties": {"kind": "road", "highway": "footway", "name": null, "osm_id": 824767744}, "geometry": {"type": "LineString", "coordinates": [[151.2678436, -33.8873374], [151.2692036, -33.8882411], [151.2703135, -33.8889776], [151.2702411, -33.8890514], [151.2695824, -33.8890162], [151.2691729, -33.8889944]]}}, {"type": "Feature", "properties": {"kind": "road", "highway": "footway", "name": null, "osm_id": 824767745}, "geometry": {"type": "LineString", "coordinates": [[151.2674261, -33.8891279], [151.2674763, -33.889075], [151.267492, -33.8890741], [151.2679634, -33.8890979], [151.2685626, -33.8891221], [151.2691606, -33.8891554], [151.2696517, -33.8891816], [151.270072, -33.889204], [151.2701749, -33.8892017], [151.2705535, -33.8892212], [151.2706034, -33.8892254], [151.2706526, -33.8892317], [151.2706948, -33.8892395], [151.2707338, -33.889251], [151.2707818, -33.8892751], [151.2711874, -33.8895431]]}}, {"type": "Feature", "properties": {"kind": "road", "highway": "footway", "name": null, "osm_id": 824767746}, "geometry": {"type": "LineString", "coordinates": [[151.2730186, -33.8892305], [151.2714585, -33.8882011], [151.2714382, -33.8881796], [151.2713618, -33.8881288]]}}, {"type": "Feature", "properties": {"kind": "road", "highway": "residential", "name": "Roscoe Street", "osm_id": 824767747}, "geometry": {"type": "LineString", "coordinates": [[151.2710694, -33.8881039], [151.2711241, -33.8881403], [151.2711404, -33.8881511], [151.2711921, -33.8881854]]}}, {"type": "Feature", "properties": {"kind": "road", "highway": "footway", "name": null, "osm_id": 824767748}, "geometry": {"type": "LineString", "coordinates": [[151.2699983, -33.8873364], [151.2711608, -33.8881011]]}}, {"type": "Feature", "properties": {"kind": "road", "highway": "footway", "name": null, "osm_id": 824767749}, "geometry": {"type": "LineString", "coordinates": [[151.2699136, -33.8874035], [151.2710698, -33.8881641], [151.2710843, -33.8881823]]}}, {"type": "Feature", "properties": {"kind": "road", "highway": "footway", "name": null, "osm_id": 824767750}, "geometry": {"type": "LineString", "coordinates": [[151.2724159, -33.8871314], [151.2723651, -33.8870976], [151.2723531, -33.8870895]]}}, {"type": "Feature", "properties": {"kind": "road", "highway": "footway", "name": null, "osm_id": 824767751}, "geometry": {"type": "LineString", "coordinates": [[151.2747684, -33.8893595], [151.27474, -33.8893408], [151.2736564, -33.8886288], [151.273519, -33.8885415], [151.2729412, -33.8881603], [151.2719755, -33.8875234], [151.2719463, -33.8875194], [151.2719273, -33.8875066]]}}, {"type": "Feature", "properties": {"kind": "road", "highway": "footway", "name": null, "osm_id": 824767752}, "geometry": {"type": "LineString", "coordinates": [[151.271935, -33.887304], [151.2719172, -33.8872922], [151.2713205, -33.8868981], [151.2694689, -33.8856752]]}}, {"type": "Feature", "properties": {"kind": "road", "highway": "footway", "name": null, "osm_id": 824767753}, "geometry": {"type": "LineString", "coordinates": [[151.2734006, -33.8857422], [151.2734532, -33.8857744], [151.2734909, -33.8857975], [151.2735441, -33.8858301]]}}, {"type": "Feature", "properties": {"kind": "road", "highway": "footway", "name": null, "osm_id": 824767754}, "geometry": {"type": "LineString", "coordinates": [[151.2728273, -33.886588], [151.2728462, -33.886568], [151.2728519, -33.886562], [151.2731793, -33.8862158], [151.2735441, -33.8858301], [151.2735756, -33.8858334], [151.2737704, -33.8859578], [151.2738374, -33.8860005], [151.2740351, -33.8861268], [151.2742062, -33.8862361], [151.2743518, -33.886329], [151.274499, -33.886423], [151.2746607, -33.8865263], [151.2748091, -33.8866211], [151.2749726, -33.8867255], [151.2749807, -33.8867307], [151.2751344, -33.8868294], [151.2752951, -33.8869327], [151.2754446, -33.8870286], [151.2755621, -33.8871042], [151.2756052, -33.887133], [151.2756472, -33.8871611], [151.2757564, -33.8872415], [151.2759036, -33.8873477], [151.2760466, -33.8874509], [151.2762405, -33.8875909], [151.2763292, -33.8876548], [151.2763392, -33.8876742], [151.2763401, -33.8876907], [151.2763329, -33.8877052], [151.2762947, -33.8877431]]}}, {"type": "Feature", "properties": {"kind": "road", "highway": "footway", "name": null, "osm_id": 824767755}, "geometry": {"type": "LineString", "coordinates": [[151.2712952, -33.8881982], [151.271242, -33.8882538], [151.2712174, -33.8882794], [151.2711834, -33.8883155], [151.2710589, -33.8884478], [151.2709305, -33.8885844], [151.2709012, -33.8886155], [151.2705765, -33.8889607]]}}, {"type": "Feature", "properties": {"kind": "road", "highway": "footway", "name": null, "osm_id": 824767756}, "geometry": {"type": "LineString", "coordinates": [[151.2679723, -33.887232], [151.2704267, -33.8888655], [151.2706898, -33.8885922], [151.270695, -33.8885867], [151.2707774, -33.8885012], [151.270817, -33.88846], [151.2710043, -33.8882654], [151.2710456, -33.8882226], [151.2710843, -33.8881823], [151.2710973, -33.8881688]]}}, {"type": "Feature", "properties": {"kind": "road", "highway": "footway", "name": null, "osm_id": 824767757}, "geometry": {"type": "LineString", "coordinates": [[151.2724981, -33.8870447], [151.2724471, -33.8870114], [151.2724346, -33.8870033]]}}, {"type": "Feature", "properties": {"kind": "road", "highway": "footway", "name": null, "osm_id": 824767758}, "geometry": {"type": "LineString", "coordinates": [[151.272581, -33.8869582], [151.272529, -33.8869253], [151.2725161, -33.8869171]]}}, {"type": "Feature", "properties": {"kind": "road", "highway": "footway", "name": null, "osm_id": 824767759}, "geometry": {"type": "LineString", "coordinates": [[151.2726628, -33.8868733], [151.2726105, -33.8868396], [151.2725973, -33.8868312]]}}, {"type": "Feature", "properties": {"kind": "road", "highway": "footway", "name": null, "osm_id": 824767760}, "geometry": {"type": "LineString", "coordinates": [[151.2727474, -33.886783], [151.2726971, -33.8867485], [151.272684, -33.8867395]]}}, {"type": "Feature", "properties": {"kind": "road", "highway": "tertiary", "name": "Glenayr Avenue", "osm_id": 826376228}, "geometry": {"type": "LineString", "coordinates": [[151.2728802, -33.8864337], [151.2727938, -33.8865238], [151.2727252, -33.8865718]]}}, {"type": "Feature", "properties": {"kind": "road", "highway": "tertiary", "name": "Glenayr Avenue", "osm_id": 826376247}, "geometry": {"type": "LineString", "coordinates": [[151.2727252, -33.8865718], [151.2727625, -33.8865032]]}}, {"type": "Feature", "properties": {"kind": "road", "highway": "tertiary", "name": "Glenayr Avenue", "osm_id": 826376286}, "geometry": {"type": "LineString", "coordinates": [[151.2728295, -33.8864325], [151.2730084, -33.8862438], [151.2730905, -33.8861571]]}}, {"type": "Feature", "properties": {"kind": "road", "highway": "footway", "name": null, "osm_id": 828121321}, "geometry": {"type": "LineString", "coordinates": [[151.2580241, -33.8874101], [151.2573807, -33.8875049]]}}, {"type": "Feature", "properties": {"kind": "road", "highway": "footway", "name": null, "osm_id": 828123148}, "geometry": {"type": "LineString", "coordinates": [[151.2613035, -33.8869439], [151.2612497, -33.8869306], [151.2609674, -33.8869268], [151.2609593, -33.8869267], [151.2607701, -33.8869365], [151.2606905, -33.8869406]]}}, {"type": "Feature", "properties": {"kind": "road", "highway": "footway", "name": null, "osm_id": 829074981}, "geometry": {"type": "LineString", "coordinates": [[151.2695528, -33.8852737], [151.2695316, -33.8852719], [151.2688176, -33.885232]]}}, {"type": "Feature", "properties": {"kind": "road", "highway": "footway", "name": null, "osm_id": 829074982}, "geometry": {"type": "LineString", "coordinates": [[151.2692322, -33.8855286], [151.2692197, -33.8855416], [151.2692053, -33.8855568], [151.2691547, -33.88561]]}}, {"type": "Feature", "properties": {"kind": "road", "highway": "footway", "name": null, "osm_id": 829074989}, "geometry": {"type": "LineString", "coordinates": [[151.2695528, -33.8852737], [151.2695397, -33.8852926], [151.2693188, -33.8855262]]}}, {"type": "Feature", "properties": {"kind": "road", "highway": "footway", "name": null, "osm_id": 829074990}, "geometry": {"type": "LineString", "coordinates": [[151.2694637, -33.8856216], [151.2694484, -33.8856116], [151.2693943, -33.8855759], [151.2693406, -33.8855406], [151.2693188, -33.8855262]]}}, {"type": "Feature", "properties": {"kind": "road", "highway": "footway", "name": null, "osm_id": 829074991}, "geometry": {"type": "LineString", "coordinates": [[151.2688476, -33.8852742], [151.2692322, -33.8855286]]}}, {"type": "Feature", "properties": {"kind": "road", "highway": "residential", "name": "Simpson Street", "osm_id": 829074992}, "geometry": {"type": "LineString", "coordinates": [[151.2682817, -33.8852364], [151.2682747, -33.885218], [151.2682627, -33.8852016], [151.2682303, -33.8851676], [151.2681879, -33.8851231]]}}, {"type": "Feature", "properties": {"kind": "road", "highway": "footway", "name": null, "osm_id": 829074993}, "geometry": {"type": "LineString", "coordinates": [[151.2697944, -33.885272], [151.2697571, -33.8852723], [151.2696777, -33.8852729], [151.2695706, -33.8852736], [151.2695528, -33.8852737]]}}, {"type": "Feature", "properties": {"kind": "road", "highway": "residential", "name": "Beach Road", "osm_id": 829074994}, "geometry": {"type": "LineString", "coordinates": [[151.2692333, -33.8843266], [151.2692595, -33.8843266], [151.269285, -33.8843314], [151.2693085, -33.8843409], [151.2695594, -33.8845042], [151.2700187, -33.8847874], [151.2701085, -33.8848479], [151.2703329, -33.8849992], [151.2703873, -33.8850378], [151.2704312, -33.885076], [151.2704376, -33.8850815], [151.2704521, -33.885099], [151.2704599, -33.8851167], [151.2704577, -33.8851453], [151.2704507, -33.8852367]]}}, {"type": "Feature", "properties": {"kind": "road", "highway": "tertiary", "name": "Wairoa Avenue", "osm_id": 832926925}, "geometry": {"type": "LineString", "coordinates": [[151.2783667, -33.8881372], [151.2780539, -33.8884579]]}}, {"type": "Feature", "properties": {"kind": "road", "highway": "tertiary", "name": "Wairoa Avenue", "osm_id": 832926926}, "geometry": {"type": "LineString", "coordinates": [[151.2784499, -33.8880519], [151.2783951, -33.8881081], [151.2783667, -33.8881372]]}}, {"type": "Feature", "properties": {"kind": "road", "highway": "tertiary", "name": "Blair Street", "osm_id": 832926927}, "geometry": {"type": "LineString", "coordinates": [[151.2804181, -33.8857761], [151.2802221, -33.8857658]]}}, {"type": "Feature", "properties": {"kind": "road", "highway": "tertiary", "name": "Blair Street", "osm_id": 832926928}, "geometry": {"type": "LineString", "coordinates": [[151.2807076, -33.885699], [151.2809255, -33.8857106]]}}, {"type": "Feature", "properties": {"kind": "road", "highway": "tertiary", "name": "Blair Street", "osm_id": 832926929}, "geometry": {"type": "LineString", "coordinates": [[151.2805997, -33.8856933], [151.2807076, -33.885699]]}}, {"type": "Feature", "properties": {"kind": "road", "highway": "tertiary", "name": "Blair Street", "osm_id": 832926930}, "geometry": {"type": "LineString", "coordinates": [[151.2799691, -33.8856599], [151.2804251, -33.8856841]]}}, {"type": "Feature", "properties": {"kind": "road", "highway": "tertiary", "name": "Blair Street", "osm_id": 832926931}, "geometry": {"type": "LineString", "coordinates": [[151.2796803, -33.8856446], [151.2798074, -33.8856514], [151.2799691, -33.8856599]]}}, {"type": "Feature", "properties": {"kind": "road", "highway": "tertiary", "name": "Blair Street", "osm_id": 832926932}, "geometry": {"type": "LineString", "coordinates": [[151.2776032, -33.8856271], [151.2772813, -33.88561], [151.2768851, -33.885589], [151.2764934, -33.8855683], [151.2762519, -33.8855555]]}}, {"type": "Feature", "properties": {"kind": "road", "highway": "tertiary", "name": "Blair Street", "osm_id": 832926933}, "geometry": {"type": "LineString", "coordinates": [[151.2778661, -33.885641], [151.2777275, -33.8856339], [151.2776032, -33.8856271]]}}, {"type": "Feature", "properties": {"kind": "road", "highway": "tertiary", "name": "Blair Street", "osm_id": 832926934}, "geometry": {"type": "LineString", "coordinates": [[151.2776176, -33.8855354], [151.277759, -33.8855433], [151.2778816, -33.8855494]]}}, {"type": "Feature", "properties": {"kind": "road", "highway": "tertiary", "name": "Blair Street", "osm_id": 832926935}, "geometry": {"type": "LineString", "coordinates": [[151.2762593, -33.8854634], [151.2765045, -33.8854764], [151.2765782, -33.8854803], [151.2768922, -33.885497], [151.27729, -33.885518], [151.2776176, -33.8855354]]}}, {"type": "Feature", "properties": {"kind": "road", "highway": "tertiary", "name": "Blair Street", "osm_id": 832926936}, "geometry": {"type": "LineString", "coordinates": [[151.2742414, -33.8853453], [151.2743908, -33.8853589]]}}, {"type": "Feature", "properties": {"kind": "road", "highway": "tertiary", "name": "Glenayr Avenue", "osm_id": 832926937}, "geometry": {"type": "LineString", "coordinates": [[151.2727625, -33.8865032], [151.2728295, -33.8864325]]}}, {"type": "Feature", "properties": {"kind": "road", "highway": "tertiary", "name": "Glenayr Avenue", "osm_id": 832926938}, "geometry": {"type": "LineString", "coordinates": [[151.2719353, -33.8874032], [151.2718722, -33.8874696], [151.2718506, -33.8874923], [151.2718405, -33.8875029], [151.2715753, -33.8877821]]}}, {"type": "Feature", "properties": {"kind": "road", "highway": "residential", "name": "Martins Avenue", "osm_id": 832926940}, "geometry": {"type": "LineString", "coordinates": [[151.2642794, -33.8901009], [151.2643291, -33.8901148], [151.264376, -33.8901319], [151.2644205, -33.8901545], [151.264462, -33.8901794], [151.2646661, -33.8903139]]}}, {"type": "Feature", "properties": {"kind": "road", "highway": "tertiary", "name": "O'Brien Street", "osm_id": 832926941}, "geometry": {"type": "LineString", "coordinates": [[151.2701988, -33.8891278], [151.2703385, -33.8891334]]}}, {"type": "Feature", "properties": {"kind": "road", "highway": "tertiary", "name": "O'Brien Street", "osm_id": 832926942}, "geometry": {"type": "LineString", "coordinates": [[151.270471, -33.8891397], [151.2705173, -33.8891428]]}}, {"type": "Feature", "properties": {"kind": "road", "highway": "tertiary", "name": "O'Brien Street", "osm_id": 832926943}, "geometry": {"type": "LineString", "coordinates": [[151.2703385, -33.8891334], [151.270471, -33.8891397]]}}, {"type": "Feature", "properties": {"kind": "road", "highway": "tertiary", "name": "Glenayr Avenue", "osm_id": 832926944}, "geometry": {"type": "LineString", "coordinates": [[151.2721713, -33.8871547], [151.2720263, -33.8873074], [151.272015, -33.8873193], [151.2719931, -33.8873424], [151.2719636, -33.8873735], [151.2719353, -33.8874032]]}}, {"type": "Feature", "properties": {"kind": "road", "highway": "tertiary", "name": "Glenayr Avenue", "osm_id": 832926945}, "geometry": {"type": "LineString", "coordinates": [[151.2735581, -33.8857159], [151.2735416, -33.8857411]]}}, {"type": "Feature", "properties": {"kind": "road", "highway": "tertiary", "name": "Military Road", "osm_id": 838938369}, "geometry": {"type": "LineString", "coordinates": [[151.2813345, -33.8802192], [151.2813228, -33.880166], [151.2813232, -33.8801128], [151.2813637, -33.8798721], [151.281371, -33.8798272], [151.2813722, -33.8797789], [151.2813615, -33.8797288], [151.2813348, -33.8796834], [151.2813026, -33.87964]]}}, {"type": "Feature", "properties": {"kind": "road", "highway": "tertiary", "name": "Denham Street", "osm_id": 840525086}, "geometry": {"type": "LineString", "coordinates": [[151.2685126, -33.896262], [151.2683565, -33.8961183], [151.2683392, -33.8960911]]}}, {"type": "Feature", "properties": {"kind": "road", "highway": "residential", "name": "Plowman Street", "osm_id": 840817980}, "geometry": {"type": "LineString", "coordinates": [[151.2737023, -33.8844878], [151.2736818, -33.8845524]]}}, {"type": "Feature", "properties": {"kind": "road", "highway": "footway", "name": null, "osm_id": 840837120}, "geometry": {"type": "LineString", "coordinates": [[151.2523638, -33.889584], [151.2525693, -33.8896238], [151.2528925, -33.8896116], [151.2533665, -33.8895752], [151.2539897, -33.8895187], [151.2545365, -33.8894896], [151.2547016, -33.889487], [151.2553307, -33.8894772], [151.2555152, -33.8894733], [151.2556058, -33.8894811], [151.255647, -33.8895082], [151.2556589, -33.8895225]]}}, {"type": "Feature", "properties": {"kind": "road", "highway": "footway", "name": null, "osm_id": 842570978}, "geometry": {"type": "LineString", "coordinates": [[151.2731707, -33.8855799], [151.2730002, -33.8857614]]}}, {"type": "Feature", "properties": {"kind": "road", "highway": "footway", "name": null, "osm_id": 842570979}, "geometry": {"type": "LineString", "coordinates": [[151.2730085, -33.8854322], [151.2732847, -33.8854406], [151.2734006, -33.885457], [151.2734668, -33.8854963], [151.2734816, -33.8855253], [151.2734862, -33.8855483], [151.2734832, -33.8856081], [151.2734642, -33.8856632], [151.2734228, -33.8857145]]}}, {"type": "Feature", "properties": {"kind": "road", "highway": "footway", "name": null, "osm_id": 842570980}, "geometry": {"type": "LineString", "coordinates": [[151.2729654, -33.8852625], [151.2729617, -33.8853711]]}}, {"type": "Feature", "properties": {"kind": "road", "highway": "footway", "name": "Rosewood Walk", "osm_id": 845255322}, "geometry": {"type": "LineString", "coordinates": [[151.2564295, -33.8868839], [151.2563928, -33.886889]]}}, {"type": "Feature", "properties": {"kind": "road", "highway": "footway", "name": "Rosewood Walk", "osm_id": 845255338}, "geometry": {"type": "LineString", "coordinates": [[151.2571421, -33.8868967], [151.2570669, -33.8869131], [151.256888, -33.8869113], [151.2566912, -33.8869173], [151.2565595, -33.8868953], [151.2564295, -33.8868839]]}}, {"type": "Feature", "properties": {"kind": "road", "highway": "footway", "name": null, "osm_id": 845255339}, "geometry": {"type": "LineString", "coordinates": [[151.2571827, -33.8868887], [151.2571421, -33.8868967]]}}, {"type": "Feature", "properties": {"kind": "road", "highway": "footway", "name": null, "osm_id": 845406113}, "geometry": {"type": "LineString", "coordinates": [[151.2556917, -33.887419], [151.255575, -33.8873987], [151.2553937, -33.8873832]]}}, {"type": "Feature", "properties": {"kind": "road", "highway": "footway", "name": "Peppermint Walk", "osm_id": 845406115}, "geometry": {"type": "LineString", "coordinates": [[151.2560071, -33.8869188], [151.2559407, -33.8868792], [151.2558171, -33.8868656], [151.2557332, -33.8868674], [151.2557055, -33.8868844], [151.2556049, -33.8868714], [151.2554885, -33.8868628], [151.255451, -33.8868552], [151.2553895, -33.8868353], [151.2553639, -33.8868469], [151.2553348, -33.8868604], [151.2551685, -33.8867675], [151.2550247, -33.8867513], [151.2549012, -33.8867986], [151.2548546, -33.8868056], [151.2547733, -33.8868042], [151.2546438, -33.8867637], [151.2545449, -33.8867151], [151.2543911, -33.8867156], [151.2540861, -33.8866294], [151.2539608, -33.8866632], [151.2538748, -33.8866978], [151.2537059, -33.8866849], [151.2535437, -33.8866663], [151.2535008, -33.8866703], [151.253474, -33.8866854]]}}, {"type": "Feature", "properties": {"kind": "road", "highway": "footway", "name": "Cadigal Track", "osm_id": 846804821}, "geometry": {"type": "LineString", "coordinates": [[151.2564836, -33.886792], [151.2564263, -33.8868066], [151.256361, -33.8868099], [151.2563029, -33.8868188], [151.2562671, -33.8867956], [151.2562783, -33.8867622], [151.2562956, -33.8867448], [151.2562558, -33.8866871], [151.256242, -33.8866671], [151.2562075, -33.8866644], [151.2560918, -33.8865752], [151.2560418, -33.8865601], [151.2559858, -33.8865687], [151.2559303, -33.8865718], [151.2558294, -33.8865889], [151.2557728, -33.8865414], [151.2557399, -33.8865163], [151.2556501, -33.8865017], [151.255519, -33.8864591], [151.2552842, -33.8863836], [151.2551605, -33.8864184], [151.2550608, -33.8864285], [151.2549434, -33.8864445], [151.2548885, -33.8864428], [151.2548414, -33.8864558]]}}, {"type": "Feature", "properties": {"kind": "road", "highway": "footway", "name": "Rosewood Walk", "osm_id": 846804824}, "geometry": {"type": "LineString", "coordinates": [[151.2557234, -33.8870292], [151.2556249, -33.8870311], [151.2555578, -33.8870139], [151.2555548, -33.8870193]]}}, {"type": "Feature", "properties": {"kind": "road", "highway": "footway", "name": "Rosewood Walk", "osm_id": 846804827}, "geometry": {"type": "LineString", "coordinates": [[151.2554805, -33.887053], [151.2554721, -33.8870543], [151.2554154, -33.8870617], [151.2553861, -33.8870818], [151.2552645, -33.8870629], [151.2551354, -33.8870405], [151.2551034, -33.8870547], [151.254992, -33.8870151]]}}, {"type": "Feature", "properties": {"kind": "road", "highway": "footway", "name": "Rosewood Walk", "osm_id": 846805759}, "geometry": {"type": "LineString", "coordinates": [[151.2585011, -33.8870176], [151.2584341, -33.8869821], [151.2584041, -33.88697], [151.2583478, -33.8869745], [151.2582476, -33.8869814], [151.2580831, -33.8869801], [151.2579436, -33.8869776], [151.2578556, -33.8869801], [151.2577909, -33.8869795], [151.2577503, -33.8869751], [151.257671, -33.887002], [151.257618, -33.8869826], [151.2575732, -33.8869733], [151.2574543, -33.8869353], [151.2573464, -33.8868944], [151.2573233, -33.8868751], [151.257251, -33.8868674]]}}, {"type": "Feature", "properties": {"kind": "road", "highway": "footway", "name": null, "osm_id": 846805760}, "geometry": {"type": "LineString", "coordinates": [[151.2575876, -33.8870474], [151.2575754, -33.8870917], [151.2573807, -33.8875049], [151.2571371, -33.8875238], [151.2570033, -33.8875562], [151.2568182, -33.8875619], [151.2567807, -33.8875609]]}}, {"type": "Feature", "properties": {"kind": "road", "highway": "footway", "name": null, "osm_id": 857748605}, "geometry": {"type": "LineString", "coordinates": [[151.2550903, -33.8929313], [151.255076, -33.8929023], [151.2550616, -33.8928731], [151.2550495, -33.8928485], [151.2550241, -33.8927971]]}}, {"type": "Feature", "properties": {"kind": "road", "highway": "footway", "name": null, "osm_id": 857748607}, "geometry": {"type": "LineString", "coordinates": [[151.2550997, -33.8929509], [151.2551535, -33.8929346], [151.2552315, -33.8929159], [151.255282, -33.8929026]]}}, {"type": "Feature", "properties": {"kind": "road", "highway": "footway", "name": null, "osm_id": 857926879}, "geometry": {"type": "LineString", "coordinates": [[151.2759122, -33.8988397], [151.2758585, -33.8989405], [151.2757914, -33.8990017], [151.2756949, -33.8990606], [151.2756044, -33.8990841], [151.2754937, -33.8990667], [151.2753529, -33.8990329], [151.2752689, -33.8990007], [151.2752161, -33.8989805], [151.2751115, -33.8989549], [151.2748929, -33.8989427], [151.2747712, -33.8989243], [151.2747008, -33.8989063], [151.2746557, -33.8988806], [151.2746271, -33.898857]]}}, {"type": "Feature", "properties": {"kind": "road", "highway": "tertiary", "name": null, "osm_id": 871570419}, "geometry": {"type": "LineString", "coordinates": [[151.2657036, -33.8880965], [151.265693, -33.888107], [151.2656764, -33.8881143], [151.2656638, -33.8881168], [151.2656444, -33.888116], [151.2656379, -33.8881134], [151.265622, -33.888107], [151.2656092, -33.8880949], [151.2656012, -33.8880748], [151.2656028, -33.8880587], [151.2656097, -33.8880453], [151.2656206, -33.8880352]]}}, {"type": "Feature", "properties": {"kind": "road", "highway": "tertiary", "name": null, "osm_id": 871570420}, "geometry": {"type": "LineString", "coordinates": [[151.2665499, -33.8886561], [151.2665321, -33.8886696], [151.2665096, -33.8886774], [151.2664855, -33.8886782], [151.2664625, -33.8886721], [151.2664511, -33.8886659], [151.2664352, -33.8886508], [151.2664267, -33.8886329], [151.266426, -33.8886129], [151.2664334, -33.8885949], [151.2664458, -33.8885801]]}}, {"type": "Feature", "properties": {"kind": "road", "highway": "tertiary", "name": null, "osm_id": 871570421}, "geometry": {"type": "LineString", "coordinates": [[151.2673957, -33.8890029], [151.2673966, -33.8890088], [151.2673921, -33.8890271], [151.2673807, -33.8890431], [151.2673636, -33.8890552], [151.2673428, -33.8890621], [151.2673336, -33.8890624], [151.2673221, -33.8890629], [151.2672987, -33.8890577], [151.2672802, -33.8890469], [151.267267, -33.8890316], [151.2672606, -33.8890136], [151.2672615, -33.8889949], [151.2672686, -33.8889799]]}}, {"type": "Feature", "properties": {"kind": "road", "highway": "secondary", "name": "Bronte Road", "osm_id": 871570422}, "geometry": {"type": "LineString", "coordinates": [[151.2663007, -33.9044075], [151.2665033, -33.9044918], [151.2665521, -33.9045095], [151.2666122, -33.9045334]]}}, {"type": "Feature", "properties": {"kind": "road", "highway": "tertiary", "name": null, "osm_id": 871570425}, "geometry": {"type": "LineString", "coordinates": [[151.2736133, -33.8854516], [151.2735986, -33.8854597], [151.2735828, -33.8854646], [151.2735664, -33.885466], [151.2735501, -33.8854641], [151.2735344, -33.8854588], [151.2735201, -33.8854503]]}}, {"type": "Feature", "properties": {"kind": "road", "highway": "tertiary", "name": null, "osm_id": 871570426}, "geometry": {"type": "LineString", "coordinates": [[151.2736262, -33.8854407], [151.2736133, -33.8854516]]}}, {"type": "Feature", "properties": {"kind": "road", "highway": "tertiary", "name": null, "osm_id": 871570427}, "geometry": {"type": "LineString", "coordinates": [[151.2736163, -33.8853031], [151.2736288, -33.8853144], [151.2736389, -33.885328], [151.2736463, -33.8853436], [151.2736508, -33.8853604], [151.273652, -33.8853779], [151.2736501, -33.8853953], [151.273645, -33.885412], [151.2736369, -33.8854273], [151.2736262, -33.8854407]]}}, {"type": "Feature", "properties": {"kind": "road", "highway": "tertiary", "name": null, "osm_id": 871570429}, "geometry": {"type": "LineString", "coordinates": [[151.2759287, -33.8854169], [151.2759431, -33.8854113], [151.2759584, -33.8854077], [151.2759742, -33.8854061], [151.2759901, -33.8854065]]}}, {"type": "Feature", "properties": {"kind": "road", "highway": "tertiary", "name": null, "osm_id": 871570430}, "geometry": {"type": "LineString", "coordinates": [[151.2759101, -33.8855524], [151.2758993, -33.8855427], [151.2758904, -33.8855317], [151.2758836, -33.8855198], [151.2758792, -33.8855071], [151.2758773, -33.8854939], [151.2758778, -33.8854807], [151.2758809, -33.8854677], [151.2758863, -33.8854553], [151.275894, -33.8854437], [151.2759038, -33.8854333], [151.2759155, -33.8854243], [151.2759287, -33.8854169]]}}, {"type": "Feature", "properties": {"kind": "road", "highway": "tertiary", "name": "Military Road", "osm_id": 871570431}, "geometry": {"type": "LineString", "coordinates": [[151.2842813, -33.8859808], [151.2842501, -33.8858867]]}}, {"type": "Feature", "properties": {"kind": "road", "highway": "footway", "name": null, "osm_id": 874056062}, "geometry": {"type": "LineString", "coordinates": [[151.2740993, -33.8853067], [151.2740844, -33.8853345], [151.2740325, -33.8854316], [151.2740139, -33.8854664], [151.2739993, -33.8854938]]}}, {"type": "Feature", "properties": {"kind": "road", "highway": "footway", "name": null, "osm_id": 874056063}, "geometry": {"type": "LineString", "coordinates": [[151.27378, -33.8857474], [151.2738931, -33.8858198], [151.2739591, -33.8858621], [151.2740637, -33.8859291], [151.2741972, -33.8860145], [151.2743334, -33.8861017], [151.2744634, -33.886185], [151.2745994, -33.8862721], [151.274729, -33.8863551], [151.2748218, -33.8864145], [151.2748766, -33.8864496], [151.2749423, -33.8864917], [151.2750302, -33.886548], [151.2750858, -33.8865836], [151.2751469, -33.8866227], [151.2752204, -33.8866697], [151.2754822, -33.8868374], [151.2754869, -33.8868404], [151.2755357, -33.8868728], [151.2755377, -33.8868734], [151.2755576, -33.8868789], [151.2755682, -33.8868812], [151.2755805, -33.8868803], [151.2755904, -33.8868786], [151.2756026, -33.8868745], [151.2756128, -33.8868703], [151.275622, -33.8868653], [151.2756306, -33.8868584], [151.2756384, -33.886849], [151.2756438, -33.8868387], [151.2756479, -33.8868228], [151.2756574, -33.8867729], [151.2758631, -33.8856858], [151.275864, -33.8856664], [151.2758656, -33.8856563], [151.2758612, -33.8856426], [151.27584, -33.8856225], [151.2757936, -33.8856065], [151.2756575, -33.8855974], [151.2753671, -33.8855793], [151.2739993, -33.8854938], [151.2739701, -33.8854921]]}}, {"type": "Feature", "properties": {"kind": "road", "highway": "footway", "name": null, "osm_id": 874056064}, "geometry": {"type": "LineString", "coordinates": [[151.2736823, -33.8857145], [151.2737192, -33.8856311], [151.2737934, -33.8855442], [151.2738521, -33.8855129], [151.2739314, -33.8854898]]}}, {"type": "Feature", "properties": {"kind": "road", "highway": "footway", "name": null, "osm_id": 874056065}, "geometry": {"type": "LineString", "coordinates": [[151.2737395, -33.8854835], [151.2737934, -33.8855442]]}}, {"type": "Feature", "properties": {"kind": "road", "highway": "footway", "name": null, "osm_id": 874056066}, "geometry": {"type": "LineString", "coordinates": [[151.2736376, -33.8856319], [151.2736247, -33.8856299], [151.2735991, -33.8856259], [151.2735348, -33.8856161], [151.2734832, -33.8856081]]}}, {"type": "Feature", "properties": {"kind": "road", "highway": "footway", "name": null, "osm_id": 880209201}, "geometry": {"type": "LineString", "coordinates": [[151.2623247, -33.8867333], [151.2622572, -33.8871478], [151.2622429, -33.8872353], [151.2621028, -33.8875784], [151.2620135, -33.8877128], [151.2619044, -33.8878537], [151.2618667, -33.8879285], [151.26181, -33.8879713], [151.2617384, -33.8880018], [151.2615635, -33.8880378], [151.2611848, -33.8881405], [151.2606341, -33.8882898], [151.2602885, -33.8883867], [151.2600667, -33.8885495], [151.2597865, -33.8890089], [151.2596161, -33.8891776], [151.2594665, -33.889263], [151.259354, -33.889299], [151.2592395, -33.8893177], [151.2590598, -33.8893395], [151.2588826, -33.8893487], [151.2587862, -33.8893382], [151.2585776, -33.88927], [151.2583919, -33.8891869], [151.2579886, -33.8890051], [151.2575424, -33.8888153]]}}, {"type": "Feature", "properties": {"kind": "road", "highway": "footway", "name": null, "osm_id": 880437888}, "geometry": {"type": "LineString", "coordinates": [[151.2557999, -33.8894747], [151.2557609, -33.8894912]]}}, {"type": "Feature", "properties": {"kind": "road", "highway": "secondary", "name": "Curlewis Street", "osm_id": 880529433}, "geometry": {"type": "LineString", "coordinates": [[151.2679508, -33.8849989], [151.2680715, -33.8850096], [151.2682677, -33.885028], [151.2684262, -33.8850379]]}}, {"type": "Feature", "properties": {"kind": "road", "highway": "tertiary", "name": "Blair Street", "osm_id": 880529434}, "geometry": {"type": "LineString", "coordinates": [[151.2684262, -33.8850379], [151.2685114, -33.8850432], [151.2686036, -33.885049], [151.2686849, -33.8850543], [151.2687665, -33.8850596]]}}, {"type": "Feature", "properties": {"kind": "road", "highway": "tertiary", "name": "Blair Street", "osm_id": 880529435}, "geometry": {"type": "LineString", "coordinates": [[151.2687665, -33.8850596], [151.2688549, -33.8850654], [151.2690084, -33.8850734], [151.2693619, -33.8850904], [151.2693759, -33.8850911], [151.2697287, -33.8851079]]}}, {"type": "Feature", "properties": {"kind": "road", "highway": "tertiary", "name": "Blair Street", "osm_id": 880529436}, "geometry": {"type": "LineString", "coordinates": [[151.2697287, -33.8851079], [151.2698344, -33.885113], [151.2699864, -33.8851209]]}}, {"type": "Feature", "properties": {"kind": "road", "highway": "tertiary", "name": "Blair Street", "osm_id": 880529437}, "geometry": {"type": "LineString", "coordinates": [[151.2699864, -33.8851209], [151.2702658, -33.8851354]]}}, {"type": "Feature", "properties": {"kind": "road", "highway": "tertiary", "name": "Blair Street", "osm_id": 880529438}, "geometry": {"type": "LineString", "coordinates": [[151.2702658, -33.8851354], [151.2704577, -33.8851453], [151.2705148, -33.8851483], [151.2706671, -33.8851572]]}}, {"type": "Feature", "properties": {"kind": "road", "highway": "tertiary", "name": "Blair Street", "osm_id": 880529439}, "geometry": {"type": "LineString", "coordinates": [[151.2724325, -33.8852414], [151.2726146, -33.8852465], [151.2727298, -33.8852531], [151.2729654, -33.8852625], [151.2730059, -33.8852641], [151.2733459, -33.8852873]]}}, {"type": "Feature", "properties": {"kind": "road", "highway": "tertiary", "name": "Blair Street", "osm_id": 880529440}, "geometry": {"type": "LineString", "coordinates": [[151.2733459, -33.8852873], [151.2734078, -33.885297], [151.2734712, -33.885307], [151.2735102, -33.8853127]]}}, {"type": "Feature", "properties": {"kind": "road", "highway": "tertiary", "name": "Blair Street", "osm_id": 880529441}, "geometry": {"type": "LineString", "coordinates": [[151.2807274, -33.8857925], [151.2807005, -33.8857911]]}}, {"type": "Feature", "properties": {"kind": "road", "highway": "tertiary", "name": "Blair Street", "osm_id": 880529442}, "geometry": {"type": "LineString", "coordinates": [[151.2706421, -33.8852451], [151.2704507, -33.8852367], [151.2697396, -33.8852055]]}}, {"type": "Feature", "properties": {"kind": "road", "highway": "tertiary", "name": "Blair Street", "osm_id": 880529443}, "geometry": {"type": "LineString", "coordinates": [[151.2715765, -33.8852991], [151.2714145, -33.8852903], [151.2713331, -33.885286]]}}, {"type": "Feature", "properties": {"kind": "road", "highway": "tertiary", "name": "Blair Street", "osm_id": 880529444}, "geometry": {"type": "LineString", "coordinates": [[151.2713331, -33.885286], [151.2710292, -33.8852701]]}}, {"type": "Feature", "properties": {"kind": "road", "highway": "tertiary", "name": "Blair Street", "osm_id": 880529445}, "geometry": {"type": "LineString", "coordinates": [[151.2710292, -33.8852701], [151.2709557, -33.8852663], [151.2708375, -33.8852587], [151.2706743, -33.8852465], [151.2706421, -33.8852451]]}}, {"type": "Feature", "properties": {"kind": "road", "highway": "tertiary", "name": "Warners Avenue", "osm_id": 880531789}, "geometry": {"type": "LineString", "coordinates": [[151.2779222, -33.8886041], [151.2779822, -33.8886475], [151.278001, -33.8886611], [151.278325, -33.8888916], [151.278495, -33.8890122]]}}, {"type": "Feature", "properties": {"kind": "road", "highway": "tertiary", "name": "Campbell Parade", "osm_id": 880535738}, "geometry": {"type": "LineString", "coordinates": [[151.2835422, -33.8890597], [151.2835605, -33.8889779], [151.2835669, -33.8888924], [151.2835656, -33.8887908]]}}, {"type": "Feature", "properties": {"kind": "road", "highway": "tertiary", "name": "Campbell Parade", "osm_id": 880535739}, "geometry": {"type": "LineString", "coordinates": [[151.2836668, -33.8892273], [151.2836295, -33.8892992], [151.2835024, -33.8894957], [151.2834491, -33.8895706], [151.2833845, -33.8896412], [151.2833116, -33.8896976], [151.2832364, -33.8897419], [151.2831655, -33.8897764], [151.2830156, -33.8898285]]}}, {"type": "Feature", "properties": {"kind": "road", "highway": "tertiary", "name": "Campbell Parade", "osm_id": 880535742}, "geometry": {"type": "LineString", "coordinates": [[151.2801742, -33.8898362], [151.2799608, -33.8897747]]}}, {"type": "Feature", "properties": {"kind": "road", "highway": "tertiary", "name": "Campbell Parade", "osm_id": 880535743}, "geometry": {"type": "LineString", "coordinates": [[151.2799608, -33.8897747], [151.2797845, -33.8897069]]}}, {"type": "Feature", "properties": {"kind": "road", "highway": "tertiary", "name": "Campbell Parade", "osm_id": 880535744}, "geometry": {"type": "LineString", "coordinates": [[151.276892, -33.8890834], [151.276797, -33.8891047], [151.2767315, -33.8891242], [151.2766904, -33.8891365], [151.2765547, -33.8891854]]}}, {"type": "Feature", "properties": {"kind": "road", "highway": "primary", "name": "Campbell Parade", "osm_id": 880535745}, "geometry": {"type": "LineString", "coordinates": [[151.2734245, -33.8919551], [151.273392, -33.8919982], [151.2733701, -33.8920366], [151.273353, -33.8920858], [151.273327, -33.8921696]]}}, {"type": "Feature", "properties": {"kind": "road", "highway": "footway", "name": null, "osm_id": 880535746}, "geometry": {"type": "LineString", "coordinates": [[151.2734654, -33.8919804], [151.2734245, -33.8919551], [151.2733421, -33.8919042], [151.2733059, -33.8918818]]}}, {"type": "Feature", "properties": {"kind": "road", "highway": "primary", "name": "Campbell Parade", "osm_id": 880535748}, "geometry": {"type": "LineString", "coordinates": [[151.2730193, -33.892475], [151.2730734, -33.8923825], [151.2731087, -33.8922731]]}}, {"type": "Feature", "properties": {"kind": "road", "highway": "primary", "name": "Campbell Parade", "osm_id": 880535749}, "geometry": {"type": "LineString", "coordinates": [[151.2732024, -33.8921349], [151.2732538, -33.8920262]]}}, {"type": "Feature", "properties": {"kind": "road", "highway": "tertiary", "name": "Campbell Parade", "osm_id": 880535750}, "geometry": {"type": "LineString", "coordinates": [[151.2764609, -33.8890742], [151.2765378, -33.8890377], [151.2766172, -33.889009], [151.2767896, -33.8889563], [151.2769838, -33.8889153], [151.2770328, -33.8889077]]}}, {"type": "Feature", "properties": {"kind": "road", "highway": "tertiary", "name": "Campbell Parade", "osm_id": 880535751}, "geometry": {"type": "LineString", "coordinates": [[151.2774951, -33.8888909], [151.2775544, -33.8888937], [151.2776541, -33.8888983], [151.2777067, -33.8889007]]}}, {"type": "Feature", "properties": {"kind": "road", "highway": "tertiary", "name": "Campbell Parade", "osm_id": 880535752}, "geometry": {"type": "LineString", "coordinates": [[151.2777067, -33.8889007], [151.2777512, -33.888904], [151.2778484, -33.8889112], [151.2780982, -33.8889341]]}}, {"type": "Feature", "properties": {"kind": "road", "highway": "tertiary", "name": "Campbell Parade", "osm_id": 880535753}, "geometry": {"type": "LineString", "coordinates": [[151.2780982, -33.8889341], [151.2783067, -33.8889697], [151.278495, -33.8890122], [151.2786745, -33.8890575]]}}, {"type": "Feature", "properties": {"kind": "road", "highway": "tertiary", "name": "Campbell Parade", "osm_id": 880535754}, "geometry": {"type": "LineString", "coordinates": [[151.280094, -33.889706], [151.2801623, -33.8897312], [151.280213, -33.8897498], [151.2803195, -33.8897772], [151.2804275, -33.8897971], [151.2805378, -33.8898053], [151.2805835, -33.8898028]]}}, {"type": "Feature", "properties": {"kind": "road", "highway": "tertiary", "name": "Henrietta Street", "osm_id": 880540681}, "geometry": {"type": "LineString", "coordinates": [[151.2570696, -33.9005608], [151.2570504, -33.9006115], [151.2570428, -33.9006269]]}}, {"type": "Feature", "properties": {"kind": "road", "highway": "footway", "name": null, "osm_id": 881227476}, "geometry": {"type": "LineString", "coordinates": [[151.2608294, -33.8896688], [151.260689, -33.8896888], [151.26066, -33.8896901], [151.2606356, -33.8896882], [151.2606136, -33.889686]]}}, {"type": "Feature", "properties": {"kind": "road", "highway": "footway", "name": null, "osm_id": 886155929}, "geometry": {"type": "LineString", "coordinates": [[151.2736823, -33.8857145], [151.2736753, -33.8857248], [151.2736594, -33.8857423], [151.2736164, -33.885789], [151.2735756, -33.8858334]]}}, {"type": "Feature", "properties": {"kind": "road", "highway": "footway", "name": null, "osm_id": 886155931}, "geometry": {"type": "LineString", "coordinates": [[151.2728273, -33.886588], [151.2727973, -33.8866198], [151.272767, -33.8866518]]}}, {"type": "Feature", "properties": {"kind": "road", "highway": "footway", "name": null, "osm_id": 886155932}, "geometry": {"type": "LineString", "coordinates": [[151.272767, -33.8866518], [151.2727334, -33.8866873], [151.272684, -33.8867395], [151.2725973, -33.8868312], [151.2725161, -33.8869171], [151.2724346, -33.8870033], [151.2723531, -33.8870895], [151.2722859, -33.8871606], [151.2720675, -33.8873915], [151.2720513, -33.8874086]]}}, {"type": "Feature", "properties": {"kind": "road", "highway": "footway", "name": null, "osm_id": 886155933}, "geometry": {"type": "LineString", "coordinates": [[151.2720513, -33.8874086], [151.2720382, -33.8874225], [151.2720283, -33.8874329], [151.2720096, -33.8874527], [151.2719646, -33.8875003]]}}, {"type": "Feature", "properties": {"kind": "road", "highway": "footway", "name": null, "osm_id": 886155934}, "geometry": {"type": "LineString", "coordinates": [[151.2718174, -33.8874327], [151.2717987, -33.8874204], [151.2707327, -33.8867192], [151.2701765, -33.8863462], [151.2698461, -33.8861242], [151.2693249, -33.8857842], [151.2692621, -33.8857511]]}}, {"type": "Feature", "properties": {"kind": "road", "highway": "footway", "name": null, "osm_id": 886155935}, "geometry": {"type": "LineString", "coordinates": [[151.2719273, -33.8875066], [151.2718722, -33.8874696], [151.2718174, -33.8874327]]}}, {"type": "Feature", "properties": {"kind": "road", "highway": "footway", "name": null, "osm_id": 886155936}, "geometry": {"type": "LineString", "coordinates": [[151.2726837, -33.8864913], [151.2726987, -33.8864756], [151.2727071, -33.8864668], [151.272955, -33.8862078], [151.2732164, -33.8859347]]}}, {"type": "Feature", "properties": {"kind": "road", "highway": "footway", "name": null, "osm_id": 886155937}, "geometry": {"type": "LineString", "coordinates": [[151.2718083, -33.887395], [151.2718251, -33.887376], [151.2718499, -33.887348], [151.2718604, -33.8873362], [151.27189, -33.8873028]]}}, {"type": "Feature", "properties": {"kind": "road", "highway": "footway", "name": null, "osm_id": 886155938}, "geometry": {"type": "LineString", "coordinates": [[151.2733783, -33.8882574], [151.2729657, -33.8879849], [151.2720675, -33.8873915], [151.2720491, -33.8873793]]}}, {"type": "Feature", "properties": {"kind": "road", "highway": "footway", "name": null, "osm_id": 886155939}, "geometry": {"type": "LineString", "coordinates": [[151.2720491, -33.8873793], [151.2720109, -33.8873541], [151.2719931, -33.8873424], [151.271935, -33.887304]]}}, {"type": "Feature", "properties": {"kind": "road", "highway": "footway", "name": null, "osm_id": 886155940}, "geometry": {"type": "LineString", "coordinates": [[151.2719646, -33.8875003], [151.2719463, -33.8875194], [151.2713618, -33.8881288], [151.2713205, -33.8881718]]}}, {"type": "Feature", "properties": {"kind": "road", "highway": "footway", "name": null, "osm_id": 886155941}, "geometry": {"type": "LineString", "coordinates": [[151.2713205, -33.8881718], [151.2713069, -33.8881861], [151.2712952, -33.8881982]]}}, {"type": "Feature", "properties": {"kind": "road", "highway": "footway", "name": null, "osm_id": 886155942}, "geometry": {"type": "LineString", "coordinates": [[151.2711512, -33.8881114], [151.2711608, -33.8881011], [151.2714357, -33.8878077], [151.2717987, -33.8874204], [151.2718083, -33.887395]]}}, {"type": "Feature", "properties": {"kind": "road", "highway": "footway", "name": null, "osm_id": 886155943}, "geometry": {"type": "LineString", "coordinates": [[151.2710973, -33.8881688], [151.2711109, -33.8881543], [151.2711241, -33.8881403], [151.2711512, -33.8881114]]}}, {"type": "Feature", "properties": {"kind": "road", "highway": "footway", "name": null, "osm_id": 886155944}, "geometry": {"type": "LineString", "coordinates": [[151.27189, -33.8873028], [151.2719172, -33.8872922], [151.2720595, -33.8871435], [151.2721337, -33.8870659], [151.2722136, -33.8869824], [151.2722614, -33.8869325], [151.2725863, -33.886593], [151.2726229, -33.8865548]]}}, {"type": "Feature", "properties": {"kind": "road", "highway": "footway", "name": null, "osm_id": 886155945}, "geometry": {"type": "LineString", "coordinates": [[151.2726229, -33.8865548], [151.2726526, -33.8865237], [151.2726837, -33.8864913]]}}, {"type": "Feature", "properties": {"kind": "road", "highway": "footway", "name": null, "osm_id": 886155946}, "geometry": {"type": "LineString", "coordinates": [[151.2732471, -33.8859026], [151.2733445, -33.8858008], [151.2734006, -33.8857422], [151.2734079, -33.885733], [151.2734228, -33.8857145]]}}, {"type": "Feature", "properties": {"kind": "road", "highway": "footway", "name": null, "osm_id": 886155947}, "geometry": {"type": "LineString", "coordinates": [[151.2732164, -33.8859347], [151.2732312, -33.8859192], [151.2732471, -33.8859026]]}}, {"type": "Feature", "properties": {"kind": "road", "highway": "footway", "name": null, "osm_id": 887484135}, "geometry": {"type": "LineString", "coordinates": [[151.2765045, -33.8854764], [151.2764934, -33.8855683]]}}, {"type": "Feature", "properties": {"kind": "road", "highway": "footway", "name": null, "osm_id": 887484136}, "geometry": {"type": "LineString", "coordinates": [[151.2792305, -33.8857133], [151.2792375, -33.8856212]]}}, {"type": "Feature", "properties": {"kind": "road", "highway": "footway", "name": null, "osm_id": 887484137}, "geometry": {"type": "LineString", "coordinates": [[151.2782896, -33.8856634], [151.2782989, -33.8855715]]}}, {"type": "Feature", "properties": {"kind": "road", "highway": "footway", "name": null, "osm_id": 887484138}, "geometry": {"type": "LineString", "coordinates": [[151.27729, -33.885518], [151.2772813, -33.88561]]}}, {"type": "Feature", "properties": {"kind": "road", "highway": "footway", "name": null, "osm_id": 887715630}, "geometry": {"type": "LineString", "coordinates": [[151.2735847, -33.8852258], [151.2735596, -33.8852278], [151.2735406, -33.8852284]]}}, {"type": "Feature", "properties": {"kind": "road", "highway": "footway", "name": null, "osm_id": 887715636}, "geometry": {"type": "LineString", "coordinates": [[151.2743306, -33.8852696], [151.2742589, -33.8852648], [151.2741907, -33.8852602]]}}, {"type": "Feature", "properties": {"kind": "road", "highway": "footway", "name": null, "osm_id": 887715637}, "geometry": {"type": "LineString", "coordinates": [[151.2739937, -33.8852553], [151.2737591, -33.885243], [151.2736281, -33.8852361], [151.2736098, -33.8852237], [151.2736031, -33.8852063], [151.2736211, -33.8849523], [151.2736334, -33.8848893], [151.2737579, -33.884479], [151.2737677, -33.8844539], [151.2739072, -33.8841844], [151.2740413, -33.8833107], [151.2740489, -33.8832823], [151.2740567, -33.88327], [151.2740763, -33.8832543], [151.2741008, -33.883247], [151.2745775, -33.8833027], [151.2746183, -33.8833001], [151.2746383, -33.8832895], [151.2746495, -33.8832506], [151.2747254, -33.882851], [151.2748513, -33.882006], [151.2748578, -33.8819699], [151.274871, -33.881952], [151.2749274, -33.8819584], [151.275595, -33.8820349], [151.2756083, -33.8820607], [151.2756084, -33.8820824], [151.2753546, -33.883429], [151.2753088, -33.883643], [151.2752981, -33.8836727], [151.275281, -33.8837021], [151.2752673, -33.88371], [151.2752555, -33.8837168], [151.2752305, -33.8837177], [151.2752036, -33.8837175], [151.2749079, -33.8836678], [151.2748259, -33.883656], [151.2747891, -33.8836552], [151.2747476, -33.883662], [151.274727, -33.8836712], [151.2747044, -33.8836874], [151.2746908, -33.8837118], [151.2746808, -33.8837435], [151.2746749, -33.8837733], [151.2745723, -33.884421], [151.2745682, -33.8844526], [151.2745584, -33.8844803], [151.2745411, -33.8845202], [151.2742042, -33.8851522]]}}, {"type": "Feature", "properties": {"kind": "road", "highway": "tertiary", "name": "Henrietta Street", "osm_id": 889561632}, "geometry": {"type": "LineString", "coordinates": [[151.2569884, -33.9007391], [151.2569413, -33.9007134], [151.2568847, -33.900697]]}}, {"type": "Feature", "properties": {"kind": "road", "highway": "secondary", "name": "Bronte Road", "osm_id": 889561633}, "geometry": {"type": "LineString", "coordinates": [[151.2565509, -33.9034027], [151.2565275, -33.9033855], [151.2565014, -33.9033554], [151.2564658, -33.9033031], [151.2564323, -33.9032558], [151.2564179, -33.9032396]]}}, {"type": "Feature", "properties": {"kind": "road", "highway": "secondary", "name": "Bronte Road", "osm_id": 889561634}, "geometry": {"type": "LineString", "coordinates": [[151.2564582, -33.9031834], [151.2565375, -33.903317], [151.2565509, -33.9034027]]}}, {"type": "Feature", "properties": {"kind": "road", "highway": "footway", "name": null, "osm_id": 897097123}, "geometry": {"type": "LineString", "coordinates": [[151.2734108, -33.8852321], [151.2735406, -33.8852284]]}}, {"type": "Feature", "properties": {"kind": "road", "highway": "footway", "name": null, "osm_id": 897097124}, "geometry": {"type": "LineString", "coordinates": [[151.2744185, -33.8852894], [151.2752163, -33.885327], [151.2753845, -33.8853356]]}}, {"type": "Feature", "properties": {"kind": "road", "highway": "footway", "name": null, "osm_id": 897097125}, "geometry": {"type": "LineString", "coordinates": [[151.2753705, -33.8855298], [151.2753671, -33.8855793]]}}, {"type": "Feature", "properties": {"kind": "road", "highway": "footway", "name": null, "osm_id": 897097126}, "geometry": {"type": "LineString", "coordinates": [[151.2753845, -33.8853356], [151.2753814, -33.8853778]]}}, {"type": "Feature", "properties": {"kind": "road", "highway": "footway", "name": null, "osm_id": 897097127}, "geometry": {"type": "LineString", "coordinates": [[151.2756574, -33.8867729], [151.2756375, -33.8867995], [151.2756229, -33.886812], [151.2756117, -33.8868209], [151.2755971, -33.8868311], [151.2755861, -33.8868366], [151.27557, -33.8868421], [151.2755436, -33.8868437], [151.2755225, -33.8868422], [151.2754822, -33.8868374]]}}, {"type": "Feature", "properties": {"kind": "road", "highway": "footway", "name": null, "osm_id": 897097128}, "geometry": {"type": "LineString", "coordinates": [[151.2755377, -33.8868734], [151.2756864, -33.886968], [151.2757512, -33.8870111]]}}, {"type": "Feature", "properties": {"kind": "road", "highway": "footway", "name": null, "osm_id": 897097129}, "geometry": {"type": "LineString", "coordinates": [[151.2760434, -33.8856808], [151.2759378, -33.8856662], [151.2758656, -33.8856563]]}}, {"type": "Feature", "properties": {"kind": "road", "highway": "footway", "name": null, "osm_id": 897097130}, "geometry": {"type": "LineString", "coordinates": [[151.2760434, -33.8856808], [151.2760019, -33.8858966]]}}, {"type": "Feature", "properties": {"kind": "road", "highway": "footway", "name": null, "osm_id": 897097137}, "geometry": {"type": "LineString", "coordinates": [[151.2764804, -33.8875264], [151.2766723, -33.8873212], [151.2769244, -33.8870532], [151.2766474, -33.8868706], [151.2766144, -33.8868525], [151.276572, -33.8868318], [151.2765005, -33.8867998], [151.2764419, -33.8867799], [151.2763833, -33.8867627], [151.2763523, -33.8867557], [151.2763127, -33.8867502], [151.2762564, -33.8867424], [151.2758532, -33.8866851], [151.2757888, -33.8870361], [151.2759553, -33.8871541], [151.2759897, -33.8871786], [151.2761017, -33.8872579], [151.2763309, -33.8874204], [151.2764692, -33.8875184], [151.2764804, -33.8875264]]}}, {"type": "Feature", "properties": {"kind": "road", "highway": "footway", "name": null, "osm_id": 897157672}, "geometry": {"type": "LineString", "coordinates": [[151.2679564, -33.885173], [151.2679963, -33.8851151], [151.2680715, -33.8850096], [151.2681152, -33.8849428]]}}, {"type": "Feature", "properties": {"kind": "road", "highway": "footway", "name": null, "osm_id": 897157673}, "geometry": {"type": "LineString", "coordinates": [[151.2681152, -33.8849428], [151.268069, -33.8849264], [151.2680171, -33.8849088], [151.2679009, -33.8848667]]}}, {"type": "Feature", "properties": {"kind": "road", "highway": "footway", "name": null, "osm_id": 897157674}, "geometry": {"type": "LineString", "coordinates": [[151.2681381, -33.8849132], [151.2681595, -33.8848855], [151.2681844, -33.8848533]]}}, {"type": "Feature", "properties": {"kind": "road", "highway": "footway", "name": null, "osm_id": 897157675}, "geometry": {"type": "LineString", "coordinates": [[151.2681152, -33.8849428], [151.2681381, -33.8849132]]}}, {"type": "Feature", "properties": {"kind": "road", "highway": "footway", "name": null, "osm_id": 897157676}, "geometry": {"type": "LineString", "coordinates": [[151.2687448, -33.884072], [151.268807, -33.8839843], [151.2688693, -33.8839023], [151.2689149, -33.8838285], [151.2690178, -33.8836627], [151.2693534, -33.8831219]]}}, {"type": "Feature", "properties": {"kind": "road", "highway": "footway", "name": null, "osm_id": 897157677}, "geometry": {"type": "LineString", "coordinates": [[151.2694418, -33.8829793], [151.2695302, -33.8828241], [151.2696962, -33.8825324], [151.2697765, -33.8823912], [151.2698676, -33.8822104]]}}, {"type": "Feature", "properties": {"kind": "road", "highway": "footway", "name": null, "osm_id": 897157678}, "geometry": {"type": "LineString", "coordinates": [[151.2693534, -33.8831219], [151.269378, -33.8830821], [151.2694225, -33.8830105], [151.2694418, -33.8829793]]}}, {"type": "Feature", "properties": {"kind": "road", "highway": "footway", "name": null, "osm_id": 897157679}, "geometry": {"type": "LineString", "coordinates": [[151.2681844, -33.8848533], [151.268194, -33.88484], [151.268343, -33.8846331], [151.2684805, -33.8844421], [151.2685974, -33.8842798], [151.2687448, -33.884072]]}}, {"type": "Feature", "properties": {"kind": "road", "highway": "footway", "name": null, "osm_id": 897157680}, "geometry": {"type": "LineString", "coordinates": [[151.2698676, -33.8822104], [151.2698895, -33.8821687], [151.2699177, -33.8821149]]}}, {"type": "Feature", "properties": {"kind": "road", "highway": "footway", "name": null, "osm_id": 897157681}, "geometry": {"type": "LineString", "coordinates": [[151.2699177, -33.8821149], [151.2699626, -33.8820263], [151.27025, -33.8814599], [151.270257, -33.8814461]]}}, {"type": "Feature", "properties": {"kind": "road", "highway": "footway", "name": null, "osm_id": 897157682}, "geometry": {"type": "LineString", "coordinates": [[151.270257, -33.8814461], [151.2702861, -33.8813855], [151.2703125, -33.8813305]]}}, {"type": "Feature", "properties": {"kind": "road", "highway": "footway", "name": null, "osm_id": 897157683}, "geometry": {"type": "LineString", "coordinates": [[151.2703125, -33.8813305], [151.2703171, -33.8813208], [151.2704227, -33.881098], [151.2705026, -33.8806972], [151.2705249, -33.880587], [151.2705656, -33.8804159], [151.2705721, -33.8800853], [151.2705728, -33.8800513]]}}, {"type": "Feature", "properties": {"kind": "road", "highway": "footway", "name": null, "osm_id": 897157685}, "geometry": {"type": "LineString", "coordinates": [[151.2705749, -33.8799505], [151.2705739, -33.8799978], [151.2705728, -33.8800513]]}}, {"type": "Feature", "properties": {"kind": "road", "highway": "footway", "name": null, "osm_id": 897157696}, "geometry": {"type": "LineString", "coordinates": [[151.2678941, -33.8852482], [151.2677846, -33.885225], [151.2677039, -33.8852046], [151.2676409, -33.8851528]]}}, {"type": "Feature", "properties": {"kind": "road", "highway": "secondary", "name": "Curlewis Street", "osm_id": 897157699}, "geometry": {"type": "LineString", "coordinates": [[151.2685961, -33.8852214], [151.2685346, -33.8851793], [151.2685133, -33.8851649], [151.2684902, -33.885153]]}}, {"type": "Feature", "properties": {"kind": "road", "highway": "secondary", "name": "Curlewis Street", "osm_id": 897157700}, "geometry": {"type": "LineString", "coordinates": [[151.2684902, -33.885153], [151.2684611, -33.8851435], [151.26843, -33.885138], [151.2681879, -33.8851231]]}}, {"type": "Feature", "properties": {"kind": "road", "highway": "footway", "name": null, "osm_id": 897320582}, "geometry": {"type": "LineString", "coordinates": [[151.2734085, -33.8852814], [151.2734108, -33.8852321]]}}, {"type": "Feature", "properties": {"kind": "road", "highway": "tertiary", "name": "Birriga Road", "osm_id": 897325915}, "geometry": {"type": "LineString", "coordinates": [[151.2653205, -33.8847214], [151.2654777, -33.8848033]]}}, {"type": "Feature", "properties": {"kind": "road", "highway": "tertiary", "name": "Birriga Road", "osm_id": 897325916}, "geometry": {"type": "LineString", "coordinates": [[151.2646814, -33.8851677], [151.2647268, -33.8852093], [151.2647494, -33.885226]]}}, {"type": "Feature", "properties": {"kind": "road", "highway": "footway", "name": null, "osm_id": 897325917}, "geometry": {"type": "LineString", "coordinates": [[151.2591138, -33.8869638], [151.2591497, -33.8869813], [151.2591931, -33.8870025]]}}, {"type": "Feature", "properties": {"kind": "road", "highway": "footway", "name": null, "osm_id": 897326291}, "geometry": {"type": "LineString", "coordinates": [[151.2739701, -33.8854921], [151.2739314, -33.8854898], [151.2738059, -33.8854823], [151.2737395, -33.8854835], [151.2736906, -33.8855013], [151.2736633, -33.88553], [151.2736528, -33.8855563], [151.2736376, -33.8856319], [151.2736347, -33.88566], [151.2736525, -33.8856919], [151.2736823, -33.8857145], [151.2737385, -33.8857247], [151.27378, -33.8857474]]}}, {"type": "Feature", "properties": {"kind": "road", "highway": "footway", "name": null, "osm_id": 897501327}, "geometry": {"type": "LineString", "coordinates": [[151.2634325, -33.9016119], [151.2636772, -33.9016149], [151.2640384, -33.9016493], [151.2643878, -33.9016503], [151.2646966, -33.9017613], [151.2649049, -33.9018993], [151.2650945, -33.9021009], [151.2652157, -33.9022362]]}}, {"type": "Feature", "properties": {"kind": "road", "highway": "footway", "name": null, "osm_id": 897501328}, "geometry": {"type": "LineString", "coordinates": [[151.2630828, -33.9023898], [151.2630664, -33.902181], [151.2632161, -33.9021037], [151.2633891, -33.9020705], [151.2635156, -33.902087], [151.2635449, -33.90191], [151.2634957, -33.9018221], [151.2634343, -33.9017626]]}}, {"type": "Feature", "properties": {"kind": "road", "highway": "footway", "name": null, "osm_id": 897501329}, "geometry": {"type": "LineString", "coordinates": [[151.2632161, -33.9021037], [151.2630938, -33.9019752]]}}, {"type": "Feature", "properties": {"kind": "road", "highway": "residential", "name": "Seaview Street", "osm_id": 902148637}, "geometry": {"type": "LineString", "coordinates": [[151.2581207, -33.8996809], [151.258145, -33.8995565], [151.2582146, -33.899461], [151.2583494, -33.8987697]]}}, {"type": "Feature", "properties": {"kind": "park", "highway": null, "name": "Gibson Street Reserve", "osm_id": 902148638}, "geometry": {"type": "Polygon", "coordinates": [[[151.2577537, -33.9018654], [151.2577606, -33.9018273], [151.2578287, -33.9017772], [151.2578965, -33.901787], [151.2584927, -33.9018804], [151.258484, -33.9019223], [151.2584744, -33.9019738], [151.2584601, -33.9020506], [151.2578923, -33.90197], [151.2577378, -33.9019481], [151.2577537, -33.9018654]]]}}, {"type": "Feature", "properties": {"kind": "road", "highway": "footway", "name": null, "osm_id": 902150152}, "geometry": {"type": "LineString", "coordinates": [[151.2578923, -33.90197], [151.2578221, -33.901954], [151.2577785, -33.9019179], [151.2577537, -33.9018654]]}}, {"type": "Feature", "properties": {"kind": "road", "highway": "footway", "name": null, "osm_id": 902150153}, "geometry": {"type": "LineString", "coordinates": [[151.2577537, -33.9018654], [151.2578311, -33.9018286], [151.258484, -33.9019223]]}}, {"type": "Feature", "properties": {"kind": "road", "highway": "footway", "name": null, "osm_id": 902723453}, "geometry": {"type": "LineString", "coordinates": [[151.2647738, -33.8904637], [151.2648708, -33.8905033]]}}, {"type": "Feature", "properties": {"kind": "road", "highway": "footway", "name": null, "osm_id": 902723454}, "geometry": {"type": "LineString", "coordinates": [[151.2646615, -33.8905374], [151.2646872, -33.8904812], [151.2647025, -33.8904415]]}}, {"type": "Feature", "properties": {"kind": "road", "highway": "footway", "name": null, "osm_id": 904723792}, "geometry": {"type": "LineString", "coordinates": [[151.2758546, -33.8898699], [151.2760119, -33.8897353], [151.2763031, -33.8894685], [151.2763565, -33.8894289], [151.2765116, -33.8893261], [151.2765481, -33.8893081]]}}, {"type": "Feature", "properties": {"kind": "road", "highway": "footway", "name": null, "osm_id": 904723793}, "geometry": {"type": "LineString", "coordinates": [[151.2767189, -33.8891861], [151.2766904, -33.8891365], [151.2766172, -33.889009], [151.2765986, -33.8889766]]}}, {"type": "Feature", "properties": {"kind": "road", "highway": "footway", "name": null, "osm_id": 904723794}, "geometry": {"type": "LineString", "coordinates": [[151.2767396, -33.8892243], [151.2767189, -33.8891861]]}}, {"type": "Feature", "properties": {"kind": "road", "highway": "footway", "name": null, "osm_id": 904723795}, "geometry": {"type": "LineString", "coordinates": [[151.2763939, -33.8877728], [151.2764095, -33.8877559], [151.2764257, -33.8877384], [151.2764504, -33.8877357], [151.2764664, -33.8877459], [151.2766242, -33.8878448], [151.2769605, -33.888065], [151.2770864, -33.8881453], [151.2771328, -33.8881764], [151.2772949, -33.8882825], [151.2773259, -33.8883028], [151.2777712, -33.8885912], [151.2777548, -33.8886185], [151.2776767, -33.8887022], [151.2775974, -33.8887899], [151.2775754, -33.8888142], [151.2773553, -33.8888198], [151.2771276, -33.8888266], [151.2770082, -33.8888334], [151.2768953, -33.8888478], [151.2767948, -33.888867], [151.2767048, -33.8888913], [151.2765763, -33.8889311], [151.2764849, -33.8889595], [151.2764491, -33.8889706]]}}, {"type": "Feature", "properties": {"kind": "road", "highway": "footway", "name": null, "osm_id": 904723797}, "geometry": {"type": "LineString", "coordinates": [[151.2766884, -33.889245], [151.2767046, -33.8892385], [151.2767396, -33.8892243]]}}, {"type": "Feature", "properties": {"kind": "road", "highway": "footway", "name": null, "osm_id": 904723798}, "geometry": {"type": "LineString", "coordinates": [[151.2765481, -33.8893081], [151.2766145, -33.8892782], [151.2766884, -33.889245]]}}, {"type": "Feature", "properties": {"kind": "road", "highway": "footway", "name": null, "osm_id": 904723799}, "geometry": {"type": "LineString", "coordinates": [[151.2764491, -33.8889706], [151.2763998, -33.8890066], [151.2763416, -33.8890491]]}}, {"type": "Feature", "properties": {"kind": "road", "highway": "footway", "name": null, "osm_id": 904723800}, "geometry": {"type": "LineString", "coordinates": [[151.2762954, -33.8890845], [151.2763345, -33.8891225]]}}, {"type": "Feature", "properties": {"kind": "road", "highway": "footway", "name": null, "osm_id": 904723801}, "geometry": {"type": "LineString", "coordinates": [[151.2764848, -33.8892937], [151.2765116, -33.8893261]]}}, {"type": "Feature", "properties": {"kind": "road", "highway": "tertiary", "name": "Wairoa Avenue", "osm_id": 904723802}, "geometry": {"type": "LineString", "coordinates": [[151.2776541, -33.8888983], [151.2776662, -33.8888611], [151.2776965, -33.8888095], [151.2777479, -33.8887655], [151.2778208, -33.8887175]]}}, {"type": "Feature", "properties": {"kind": "road", "highway": "tertiary", "name": "Wairoa Avenue", "osm_id": 904723803}, "geometry": {"type": "LineString", "coordinates": [[151.2778208, -33.8887175], [151.2777921, -33.8887844], [151.2777744, -33.8888229], [151.2777564, -33.8888711], [151.2777512, -33.888904]]}}, {"type": "Feature", "properties": {"kind": "road", "highway": "tertiary", "name": "Wairoa Avenue", "osm_id": 904723804}, "geometry": {"type": "LineString", "coordinates": [[151.2776393, -33.8890611], [151.2776521, -33.88892], [151.2776541, -33.8888983]]}}, {"type": "Feature", "properties": {"kind": "road", "highway": "tertiary", "name": "Wairoa Avenue", "osm_id": 904723805}, "geometry": {"type": "LineString", "coordinates": [[151.2777512, -33.888904], [151.277746, -33.8889514], [151.2777371, -33.8890322], [151.2777332, -33.8890675]]}}, {"type": "Feature", "properties": {"kind": "road", "highway": "tertiary", "name": "Wairoa Avenue", "osm_id": 904723806}, "geometry": {"type": "LineString", "coordinates": [[151.2779222, -33.8886041], [151.2778208, -33.8887175]]}}, {"type": "Feature", "properties": {"kind": "road", "highway": "footway", "name": null, "osm_id": 904723807}, "geometry": {"type": "LineString", "coordinates": [[151.2776609, -33.8888034], [151.2776965, -33.8888095], [151.2777744, -33.8888229], [151.2778117, -33.8888293]]}}, {"type": "Feature", "properties": {"kind": "road", "highway": "footway", "name": null, "osm_id": 904723808}, "geometry": {"type": "LineString", "coordinates": [[151.2775974, -33.8887899], [151.2776609, -33.8888034]]}}, {"type": "Feature", "properties": {"kind": "road", "highway": "footway", "name": null, "osm_id": 904723809}, "geometry": {"type": "LineString", "coordinates": [[151.2778566, -33.8888393], [151.2778518, -33.8888809], [151.2778484, -33.8889112], [151.2778454, -33.8889372], [151.2778427, -33.8889608], [151.2778424, -33.8889632], [151.2778331, -33.8890449], [151.2778297, -33.8890749], [151.2778211, -33.8891457]]}}, {"type": "Feature", "properties": {"kind": "road", "highway": "footway", "name": null, "osm_id": 904723846}, "geometry": {"type": "LineString", "coordinates": [[151.279727, -33.88979], [151.2797099, -33.8898139], [151.2796912, -33.88984]]}}, {"type": "Feature", "properties": {"kind": "road", "highway": "footway", "name": null, "osm_id": 904723847}, "geometry": {"type": "LineString", "coordinates": [[151.2797099, -33.8898139], [151.2798334, -33.889864]]}}, {"type": "Feature", "properties": {"kind": "road", "highway": "footway", "name": null, "osm_id": 904723848}, "geometry": {"type": "LineString", "coordinates": [[151.2798334, -33.889864], [151.2799061, -33.8898893], [151.2799239, -33.8898955]]}}, {"type": "Feature", "properties": {"kind": "road", "highway": "footway", "name": null, "osm_id": 904723849}, "geometry": {"type": "LineString", "coordinates": [[151.2799239, -33.8898955], [151.2800671, -33.8899459], [151.2800939, -33.8899473], [151.2801306, -33.8899419], [151.2802508, -33.8899358], [151.2803342, -33.8899337], [151.2804609, -33.8899368]]}}, {"type": "Feature", "properties": {"kind": "road", "highway": "footway", "name": null, "osm_id": 904723850}, "geometry": {"type": "LineString", "coordinates": [[151.2804609, -33.8899368], [151.2805625, -33.8899262], [151.2807496, -33.8899051], [151.2808716, -33.8898914]]}}, {"type": "Feature", "properties": {"kind": "road", "highway": "footway", "name": null, "osm_id": 904723851}, "geometry": {"type": "LineString", "coordinates": [[151.2778566, -33.8888393], [151.2778674, -33.8888083], [151.2779653, -33.8886981]]}}, {"type": "Feature", "properties": {"kind": "road", "highway": "footway", "name": null, "osm_id": 904723852}, "geometry": {"type": "LineString", "coordinates": [[151.2779653, -33.8886981], [151.278001, -33.8886611], [151.2780389, -33.8886217]]}}, {"type": "Feature", "properties": {"kind": "road", "highway": "footway", "name": null, "osm_id": 904723853}, "geometry": {"type": "LineString", "coordinates": [[151.2780389, -33.8886217], [151.2780821, -33.8885757], [151.2780977, -33.8885591], [151.2782749, -33.8883701]]}}, {"type": "Feature", "properties": {"kind": "road", "highway": "footway", "name": null, "osm_id": 904723854}, "geometry": {"type": "LineString", "coordinates": [[151.2780821, -33.8885757], [151.2783127, -33.888723], [151.2785878, -33.8888954], [151.2787586, -33.8890044], [151.2788833, -33.8890411], [151.2789463, -33.8890642], [151.2790439, -33.8890975], [151.2791972, -33.8891568], [151.2793484, -33.8892209], [151.2795005, -33.8892921], [151.2796412, -33.8893633], [151.2798439, -33.8894815], [151.280056, -33.8896091], [151.2801088, -33.8896375], [151.2802659, -33.8896929], [151.2803677, -33.8897164], [151.2804987, -33.889735], [151.2805903, -33.8897396], [151.2808087, -33.8897227], [151.2808397, -33.8897201]]}}, {"type": "Feature", "properties": {"kind": "road", "highway": "footway", "name": null, "osm_id": 904723873}, "geometry": {"type": "LineString", "coordinates": [[151.2765986, -33.8889766], [151.2765763, -33.8889311]]}}, {"type": "Feature", "properties": {"kind": "road", "highway": "residential", "name": "Drumalbyn Road", "osm_id": 909626575}, "geometry": {"type": "LineString", "coordinates": [[151.2587854, -33.881255], [151.2587854, -33.8813174], [151.258784, -33.8813697], [151.2587948, -33.8814365], [151.2588153, -33.8815335], [151.2588493, -33.8818144]]}}, {"type": "Feature", "properties": {"kind": "road", "highway": "residential", "name": null, "osm_id": 909626576}, "geometry": {"type": "LineString", "coordinates": [[151.258844, -33.8828026], [151.2588159, -33.8827819], [151.2587979, -33.8827547], [151.2587919, -33.882724], [151.2587987, -33.8826934], [151.2588175, -33.8826665], [151.2588369, -33.8826514], [151.2588602, -33.8826406], [151.258886, -33.8826348], [151.2589387, -33.8826392]]}}, {"type": "Feature", "properties": {"kind": "road", "highway": "residential", "name": "Prospect Street", "osm_id": 916679498}, "geometry": {"type": "LineString", "coordinates": [[151.2563837, -33.9010334], [151.256422, -33.9008263], [151.2564207, -33.9007745], [151.2564202, -33.9007311], [151.2564207, -33.9006963], [151.2564211, -33.9006716], [151.2564355, -33.9006114]]}}, {"type": "Feature", "properties": {"kind": "road", "highway": "footway", "name": null, "osm_id": 916679499}, "geometry": {"type": "LineString", "coordinates": [[151.2558886, -33.9009544], [151.2563837, -33.9010334]]}}, {"type": "Feature", "properties": {"kind": "road", "highway": "footway", "name": null, "osm_id": 919601015}, "geometry": {"type": "LineString", "coordinates": [[151.2713257, -33.8832237], [151.270959, -33.8830862], [151.2708861, -33.8830998]]}}, {"type": "Feature", "properties": {"kind": "road", "highway": "footway", "name": null, "osm_id": 919665819}, "geometry": {"type": "LineString", "coordinates": [[151.2643343, -33.8919965], [151.2629437, -33.8917918]]}}, {"type": "Feature", "properties": {"kind": "road", "highway": "tertiary", "name": "Sandridge Street", "osm_id": 919678574}, "geometry": {"type": "LineString", "coordinates": [[151.2727139, -33.8955761], [151.2727209, -33.895605]]}}, {"type": "Feature", "properties": {"kind": "road", "highway": "tertiary", "name": "Sandridge Street", "osm_id": 919678575}, "geometry": {"type": "LineString", "coordinates": [[151.2729784, -33.8974715], [151.2729802, -33.8975021], [151.2729777, -33.8975326], [151.2729775, -33.897535], [151.2729707, -33.8975788]]}}, {"type": "Feature", "properties": {"kind": "road", "highway": "residential", "name": "Alexander Street", "osm_id": 919678576}, "geometry": {"type": "LineString", "coordinates": [[151.2728577, -33.8975662], [151.2728489, -33.8976108], [151.2728411, -33.8976499], [151.2728349, -33.8976813]]}}, {"type": "Feature", "properties": {"kind": "road", "highway": "footway", "name": null, "osm_id": 923218963}, "geometry": {"type": "LineString", "coordinates": [[151.2577604, -33.8968641], [151.2577466, -33.8969265], [151.25773, -33.8970077]]}}, {"type": "Feature", "properties": {"kind": "road", "highway": "tertiary", "name": "Henrietta Street", "osm_id": 923218964}, "geometry": {"type": "LineString", "coordinates": [[151.2578297, -33.8970215], [151.2578125, -33.8971058]]}}, {"type": "Feature", "properties": {"kind": "road", "highway": "footway", "name": null, "osm_id": 923218965}, "geometry": {"type": "LineString", "coordinates": [[151.25773, -33.8970077], [151.257758, -33.8970115]]}}, {"type": "Feature", "properties": {"kind": "road", "highway": "footway", "name": null, "osm_id": 923218966}, "geometry": {"type": "LineString", "coordinates": [[151.2578297, -33.8970215], [151.257884, -33.8970285]]}}, {"type": "Feature", "properties": {"kind": "road", "highway": "tertiary", "name": "Henrietta Street", "osm_id": 923218967}, "geometry": {"type": "LineString", "coordinates": [[151.257848, -33.8969393], [151.2578297, -33.8970215]]}}, {"type": "Feature", "properties": {"kind": "road", "highway": "footway", "name": null, "osm_id": 923218968}, "geometry": {"type": "LineString", "coordinates": [[151.257758, -33.8970115], [151.2578297, -33.8970215]]}}, {"type": "Feature", "properties": {"kind": "road", "highway": "footway", "name": null, "osm_id": 923218969}, "geometry": {"type": "LineString", "coordinates": [[151.2587416, -33.8932593], [151.2587552, -33.8931981], [151.2587668, -33.8931468]]}}, {"type": "Feature", "properties": {"kind": "road", "highway": "footway", "name": null, "osm_id": 923218970}, "geometry": {"type": "LineString", "coordinates": [[151.2587646, -33.8931201], [151.2586761, -33.8931085], [151.2586011, -33.893096]]}}, {"type": "Feature", "properties": {"kind": "road", "highway": "footway", "name": null, "osm_id": 923218972}, "geometry": {"type": "LineString", "coordinates": [[151.2578356, -33.8937056], [151.257886, -33.8937163]]}}, {"type": "Feature", "properties": {"kind": "road", "highway": "footway", "name": null, "osm_id": 923218974}, "geometry": {"type": "LineString", "coordinates": [[151.2579439, -33.8936967], [151.2579763, -33.8937013], [151.2579948, -33.8937159], [151.258085, -33.8937278], [151.2581081, -33.8936236]]}}, {"type": "Feature", "properties": {"kind": "road", "highway": "footway", "name": null, "osm_id": 923218975}, "geometry": {"type": "LineString", "coordinates": [[151.255282, -33.8929026], [151.2553233, -33.8928998], [151.2553701, -33.8928967]]}}, {"type": "Feature", "properties": {"kind": "road", "highway": "footway", "name": null, "osm_id": 923218976}, "geometry": {"type": "LineString", "coordinates": [[151.2550181, -33.8930124], [151.2550435, -33.8929916], [151.2550641, -33.8929666]]}}, {"type": "Feature", "properties": {"kind": "road", "highway": "footway", "name": null, "osm_id": 923218977}, "geometry": {"type": "LineString", "coordinates": [[151.2550641, -33.8929666], [151.2550877, -33.8929484]]}}, {"type": "Feature", "properties": {"kind": "road", "highway": "footway", "name": null, "osm_id": 923218978}, "geometry": {"type": "LineString", "coordinates": [[151.2550877, -33.8929484], [151.2550997, -33.8929509]]}}, {"type": "Feature", "properties": {"kind": "road", "highway": "footway", "name": null, "osm_id": 923218979}, "geometry": {"type": "LineString", "coordinates": [[151.2550903, -33.8929313], [151.2550877, -33.8929484]]}}, {"type": "Feature", "properties": {"kind": "road", "highway": "footway", "name": null, "osm_id": 923218980}, "geometry": {"type": "LineString", "coordinates": [[151.2552291, -33.8927108], [151.255255, -33.8928046], [151.255282, -33.8929026]]}}, {"type": "Feature", "properties": {"kind": "road", "highway": "footway", "name": null, "osm_id": 923218981}, "geometry": {"type": "LineString", "coordinates": [[151.2552291, -33.8927108], [151.2552704, -33.8926836], [151.2552983, -33.8926652]]}}, {"type": "Feature", "properties": {"kind": "road", "highway": "tertiary", "name": "Henrietta Street", "osm_id": 923280464}, "geometry": {"type": "LineString", "coordinates": [[151.2565646, -33.9029892], [151.2566554, -33.9025233], [151.2567331, -33.9021264]]}}, {"type": "Feature", "properties": {"kind": "road", "highway": "tertiary", "name": "Henrietta Street", "osm_id": 923280465}, "geometry": {"type": "LineString", "coordinates": [[151.2564582, -33.9031834], [151.2565092, -33.9031423], [151.2565456, -33.9030776], [151.2565646, -33.9029892]]}}, {"type": "Feature", "properties": {"kind": "road", "highway": "residential", "name": "Mitchell Street", "osm_id": 925432877}, "geometry": {"type": "LineString", "coordinates": [[151.2756864, -33.886968], [151.2756518, -33.8870048], [151.2755991, -33.8870609]]}}, {"type": "Feature", "properties": {"kind": "road", "highway": "footway", "name": null, "osm_id": 925432909}, "geometry": {"type": "LineString", "coordinates": [[151.2764911, -33.887717], [151.2765054, -33.8877002], [151.2765393, -33.8876612], [151.276555, -33.8876431]]}}, {"type": "Feature", "properties": {"kind": "road", "highway": "footway", "name": null, "osm_id": 925432910}, "geometry": {"type": "LineString", "coordinates": [[151.2763292, -33.8876548], [151.276374, -33.8876124], [151.2764243, -33.8875627], [151.2764692, -33.8875184]]}}, {"type": "Feature", "properties": {"kind": "road", "highway": "footway", "name": null, "osm_id": 925432913}, "geometry": {"type": "LineString", "coordinates": [[151.2763329, -33.8877052], [151.2763596, -33.8877225], [151.2764095, -33.8877559]]}}, {"type": "Feature", "properties": {"kind": "road", "highway": "footway", "name": null, "osm_id": 925432915}, "geometry": {"type": "LineString", "coordinates": [[151.2780008, -33.8883964], [151.2779405, -33.888458], [151.2778914, -33.888454], [151.2777759, -33.8883775], [151.2777698, -33.8883725], [151.2777314, -33.8883408], [151.2774414, -33.8881528], [151.2773113, -33.8880685], [151.2772154, -33.8880064], [151.2770795, -33.8879183], [151.2767729, -33.8877194], [151.2766706, -33.8876531], [151.276591, -33.8876015], [151.2765777, -33.8875928], [151.276677, -33.8874877]]}}, {"type": "Feature", "properties": {"kind": "road", "highway": "footway", "name": null, "osm_id": 925432916}, "geometry": {"type": "LineString", "coordinates": [[151.2764804, -33.8875264], [151.2765228, -33.8875557], [151.2765777, -33.8875928]]}}, {"type": "Feature", "properties": {"kind": "road", "highway": "footway", "name": null, "osm_id": 925432917}, "geometry": {"type": "LineString", "coordinates": [[151.2771718, -33.8880533], [151.2771424, -33.888085], [151.2771133, -33.8881163]]}}, {"type": "Feature", "properties": {"kind": "road", "highway": "footway", "name": null, "osm_id": 925432935}, "geometry": {"type": "LineString", "coordinates": [[151.2778445, -33.8885075], [151.2778914, -33.888454]]}}, {"type": "Feature", "properties": {"kind": "road", "highway": "footway", "name": null, "osm_id": 925432936}, "geometry": {"type": "LineString", "coordinates": [[151.2777712, -33.8885912], [151.2777978, -33.8885609]]}}, {"type": "Feature", "properties": {"kind": "road", "highway": "footway", "name": null, "osm_id": 925432937}, "geometry": {"type": "LineString", "coordinates": [[151.2777978, -33.8885609], [151.2778194, -33.8885362], [151.2778445, -33.8885075]]}}, {"type": "Feature", "properties": {"kind": "road", "highway": "footway", "name": null, "osm_id": 925432938}, "geometry": {"type": "LineString", "coordinates": [[151.2771133, -33.8881163], [151.2770864, -33.8881453]]}}, {"type": "Feature", "properties": {"kind": "road", "highway": "footway", "name": null, "osm_id": 925432939}, "geometry": {"type": "LineString", "coordinates": [[151.2772154, -33.8880064], [151.2771718, -33.8880533]]}}, {"type": "Feature", "properties": {"kind": "road", "highway": "footway", "name": null, "osm_id": 925432940}, "geometry": {"type": "LineString", "coordinates": [[151.2764664, -33.8877459], [151.2764911, -33.887717]]}}, {"type": "Feature", "properties": {"kind": "road", "highway": "footway", "name": null, "osm_id": 925432941}, "geometry": {"type": "LineString", "coordinates": [[151.276555, -33.8876431], [151.276591, -33.8876015]]}}, {"type": "Feature", "properties": {"kind": "road", "highway": "footway", "name": null, "osm_id": 925432942}, "geometry": {"type": "LineString", "coordinates": [[151.2757512, -33.8870111], [151.2757888, -33.8870361]]}}, {"type": "Feature", "properties": {"kind": "road", "highway": "footway", "name": null, "osm_id": 925432943}, "geometry": {"type": "LineString", "coordinates": [[151.2779782, -33.8884822], [151.2780105, -33.888503], [151.2780735, -33.8885435], [151.2780977, -33.8885591]]}}, {"type": "Feature", "properties": {"kind": "road", "highway": "footway", "name": null, "osm_id": 925432944}, "geometry": {"type": "LineString", "coordinates": [[151.2779405, -33.888458], [151.2779782, -33.8884822]]}}, {"type": "Feature", "properties": {"kind": "road", "highway": "residential", "name": "Bon Accord Avenue", "osm_id": 928717965}, "geometry": {"type": "LineString", "coordinates": [[151.2562894, -33.889372], [151.2563286, -33.8894214]]}}, {"type": "Feature", "properties": {"kind": "road", "highway": "footway", "name": null, "osm_id": 928717967}, "geometry": {"type": "LineString", "coordinates": [[151.2588228, -33.8870214], [151.2588342, -33.8869967], [151.2588539, -33.8869538], [151.2588789, -33.8868994]]}}, {"type": "Feature", "properties": {"kind": "road", "highway": "footway", "name": null, "osm_id": 928717968}, "geometry": {"type": "LineString", "coordinates": [[151.2590747, -33.886955], [151.2590912, -33.8869587], [151.2591138, -33.8869638]]}}, {"type": "Feature", "properties": {"kind": "road", "highway": "footway", "name": null, "osm_id": 928717969}, "geometry": {"type": "LineString", "coordinates": [[151.258733, -33.8870564], [151.2587785, -33.8870473], [151.2588081, -33.8870414]]}}, {"type": "Feature", "properties": {"kind": "road", "highway": "footway", "name": null, "osm_id": 928717970}, "geometry": {"type": "LineString", "coordinates": [[151.2588081, -33.8870414], [151.2588228, -33.8870214]]}}, {"type": "Feature", "properties": {"kind": "road", "highway": "tertiary", "name": "Victoria Road", "osm_id": 928717971}, "geometry": {"type": "LineString", "coordinates": [[151.2595181, -33.8861229], [151.2594642, -33.8861629], [151.2594232, -33.8862084]]}}, {"type": "Feature", "properties": {"kind": "road", "highway": "footway", "name": null, "osm_id": 928717972}, "geometry": {"type": "LineString", "coordinates": [[151.2676409, -33.8851528], [151.2675783, -33.8851014]]}}, {"type": "Feature", "properties": {"kind": "road", "highway": "footway", "name": null, "osm_id": 928753011}, "geometry": {"type": "LineString", "coordinates": [[151.2557999, -33.8894747], [151.2558407, -33.8894373], [151.2558721, -33.8894126], [151.2558813, -33.8893732], [151.2558912, -33.8893181]]}}, {"type": "Feature", "properties": {"kind": "road", "highway": "footway", "name": null, "osm_id": 928753015}, "geometry": {"type": "LineString", "coordinates": [[151.2535852, -33.8910637], [151.2535949, -33.891089], [151.2536075, -33.8911162], [151.2536554, -33.8911581], [151.253848, -33.8913591], [151.254038, -33.8915579], [151.2541748, -33.8916975], [151.2544993, -33.8919906], [151.2546346, -33.8921147], [151.2550194, -33.8924555], [151.255137, -33.8925623], [151.2551978, -33.8926086], [151.2552658, -33.8926434], [151.255308, -33.8926533], [151.255333, -33.8926591], [151.2555067, -33.8926858], [151.2556469, -33.8927034], [151.2563416, -33.8927988], [151.2563876, -33.8928053]]}}, {"type": "Feature", "properties": {"kind": "road", "highway": "footway", "name": null, "osm_id": 928753018}, "geometry": {"type": "LineString", "coordinates": [[151.2588789, -33.8868994], [151.2588575, -33.8868901]]}}, {"type": "Feature", "properties": {"kind": "road", "highway": "footway", "name": null, "osm_id": 928753019}, "geometry": {"type": "LineString", "coordinates": [[151.2590912, -33.8869587], [151.2591031, -33.8869386], [151.2591567, -33.8868586], [151.2591572, -33.8868516], [151.2591515, -33.8868263], [151.2591464, -33.886802], [151.2591464, -33.8867815], [151.2591521, -33.8867639], [151.2592648, -33.8865262], [151.2592963, -33.8864617], [151.2593282, -33.8864112], [151.2593462, -33.8863838], [151.2594142, -33.886303], [151.2594863, -33.8862218], [151.2595419, -33.8861743], [151.2595996, -33.8861598], [151.2596619, -33.8861572], [151.2597016, -33.8861637], [151.2597402, -33.8861735], [151.2598427, -33.8862162]]}}, {"type": "Feature", "properties": {"kind": "road", "highway": "footway", "name": null, "osm_id": 930451856}, "geometry": {"type": "LineString", "coordinates": [[151.2598427, -33.8862162], [151.2598512, -33.886229], [151.2598894, -33.8862507], [151.2599324, -33.8862751], [151.2599642, -33.8862923], [151.2599726, -33.8863215], [151.259984, -33.8863557], [151.259984, -33.8863766]]}}, {"type": "Feature", "properties": {"kind": "road", "highway": "footway", "name": null, "osm_id": 947222703}, "geometry": {"type": "LineString", "coordinates": [[151.2828329, -33.8900036], [151.2828701, -33.8899641]]}}, {"type": "Feature", "properties": {"kind": "road", "highway": "footway", "name": null, "osm_id": 953544538}, "geometry": {"type": "LineString", "coordinates": [[151.2789257, -33.8842817], [151.2789479, -33.8842847], [151.279119, -33.884308], [151.2796625, -33.884382]]}}, {"type": "Feature", "properties": {"kind": "road", "highway": "footway", "name": null, "osm_id": 953544539}, "geometry": {"type": "LineString", "coordinates": [[151.2788462, -33.8842708], [151.2788858, -33.8842763], [151.2789257, -33.8842817]]}}, {"type": "Feature", "properties": {"kind": "road", "highway": "footway", "name": null, "osm_id": 953544540}, "geometry": {"type": "LineString", "coordinates": [[151.2780779, -33.8841848], [151.2780675, -33.8842388], [151.2780571, -33.8842926], [151.2780085, -33.8842861], [151.2779528, -33.8842804], [151.2779645, -33.8842246], [151.2779749, -33.884171], [151.2780289, -33.8841785], [151.2780779, -33.8841848]]}}, {"type": "Feature", "properties": {"kind": "road", "highway": "footway", "name": null, "osm_id": 953544541}, "geometry": {"type": "LineString", "coordinates": [[151.2772114, -33.8840457], [151.2772339, -33.8840488], [151.2777469, -33.8841197], [151.2779619, -33.8841494], [151.2779749, -33.884171]]}}, {"type": "Feature", "properties": {"kind": "road", "highway": "footway", "name": null, "osm_id": 953544542}, "geometry": {"type": "LineString", "coordinates": [[151.2771295, -33.8840345], [151.2771717, -33.8840403], [151.2772114, -33.8840457]]}}, {"type": "Feature", "properties": {"kind": "road", "highway": "footway", "name": null, "osm_id": 953544543}, "geometry": {"type": "LineString", "coordinates": [[151.2763319, -33.8839097], [151.2763766, -33.8839161], [151.2764366, -33.8839387], [151.2767269, -33.8839788], [151.2771103, -33.8840318], [151.2771295, -33.8840345]]}}, {"type": "Feature", "properties": {"kind": "road", "highway": "footway", "name": null, "osm_id": 953544544}, "geometry": {"type": "LineString", "coordinates": [[151.2792563, -33.8825505], [151.2792747, -33.8825532], [151.2789479, -33.8842847]]}}, {"type": "Feature", "properties": {"kind": "road", "highway": "footway", "name": null, "osm_id": 953544545}, "geometry": {"type": "LineString", "coordinates": [[151.2791511, -33.8825355], [151.2791721, -33.8825385]]}}, {"type": "Feature", "properties": {"kind": "road", "highway": "footway", "name": null, "osm_id": 953544546}, "geometry": {"type": "LineString", "coordinates": [[151.2783985, -33.8824297], [151.2784174, -33.8824321], [151.2780918, -33.8841673]]}}, {"type": "Feature", "properties": {"kind": "road", "highway": "footway", "name": null, "osm_id": 953544547}, "geometry": {"type": "LineString", "coordinates": [[151.2782952, -33.8824165], [151.2783157, -33.8824191]]}}, {"type": "Feature", "properties": {"kind": "road", "highway": "footway", "name": null, "osm_id": 953544548}, "geometry": {"type": "LineString", "coordinates": [[151.2792747, -33.8825532], [151.2800104, -33.8826549], [151.2797185, -33.8841039]]}}, {"type": "Feature", "properties": {"kind": "road", "highway": "footway", "name": null, "osm_id": 953544549}, "geometry": {"type": "LineString", "coordinates": [[151.2791721, -33.8825385], [151.2792135, -33.8825444], [151.2792563, -33.8825505]]}}, {"type": "Feature", "properties": {"kind": "road", "highway": "footway", "name": null, "osm_id": 953544550}, "geometry": {"type": "LineString", "coordinates": [[151.2784174, -33.8824321], [151.2791511, -33.8825355], [151.2788293, -33.8842268], [151.278822, -33.8842399], [151.2788132, -33.8842492], [151.2787999, -33.8842569], [151.2787842, -33.8842623]]}}, {"type": "Feature", "properties": {"kind": "road", "highway": "footway", "name": null, "osm_id": 953544551}, "geometry": {"type": "LineString", "coordinates": [[151.2783157, -33.8824191], [151.2783558, -33.8824242], [151.2783985, -33.8824297]]}}, {"type": "Feature", "properties": {"kind": "road", "highway": "footway", "name": null, "osm_id": 953544552}, "geometry": {"type": "LineString", "coordinates": [[151.2775614, -33.8823151], [151.2778559, -33.8823558], [151.2778834, -33.8823596], [151.2779105, -33.8823633], [151.2779531, -33.8823692], [151.2782952, -33.8824165], [151.2782661, -33.8825678], [151.2782617, -33.8825908], [151.2782421, -33.8826928], [151.2782288, -33.8827617], [151.2782191, -33.8828123], [151.2781256, -33.8832985], [151.278102, -33.8834211], [151.2779619, -33.8841494]]}}, {"type": "Feature", "properties": {"kind": "road", "highway": "footway", "name": null, "osm_id": 953544553}, "geometry": {"type": "LineString", "coordinates": [[151.2780779, -33.8841848], [151.2780918, -33.8841673], [151.2787842, -33.8842623], [151.2788462, -33.8842708]]}}, {"type": "Feature", "properties": {"kind": "road", "highway": "footway", "name": null, "osm_id": 954624825}, "geometry": {"type": "LineString", "coordinates": [[151.2696788, -33.9018081], [151.2697349, -33.9018197], [151.2697781, -33.9018371], [151.2698026, -33.9018691], [151.2698178, -33.901905], [151.2698096, -33.9019369], [151.2697921, -33.9019573], [151.2697057, -33.9020038], [151.2695224, -33.9020852], [151.2693227, -33.9021491], [151.2688009, -33.9023023], [151.2685265, -33.9023836], [151.2683421, -33.9024389], [151.2682276, -33.9024641], [151.2681109, -33.9024641], [151.2679077, -33.902435], [151.2678587, -33.9024147], [151.2677852, -33.9023643], [151.2677595, -33.9023197], [151.267756, -33.9022683], [151.2677688, -33.9022247], [151.267812, -33.9021705], [151.2681055, -33.9018688], [151.2683363, -33.9016417], [151.2683935, -33.9016343], [151.2684738, -33.9016422], [151.2685429, -33.901653], [151.2686258, -33.9016627], [151.2696788, -33.9018081]]}}, {"type": "Feature", "properties": {"kind": "road", "highway": "footway", "name": null, "osm_id": 955080944}, "geometry": {"type": "LineString", "coordinates": [[151.2830269, -33.8829083], [151.283277, -33.8829404], [151.2833052, -33.8829427], [151.2833908, -33.8829486]]}}, {"type": "Feature", "properties": {"kind": "road", "highway": "footway", "name": null, "osm_id": 955080945}, "geometry": {"type": "LineString", "coordinates": [[151.2833052, -33.8829427], [151.2833269, -33.8824887], [151.283313, -33.8824536], [151.2831682, -33.8822214], [151.2831359, -33.8821588], [151.2831158, -33.8820916], [151.2831058, -33.8820424], [151.283192, -33.882035], [151.2832514, -33.8820117], [151.2832753, -33.8819914]]}}, {"type": "Feature", "properties": {"kind": "road", "highway": "footway", "name": null, "osm_id": 955080946}, "geometry": {"type": "LineString", "coordinates": [[151.2825379, -33.8811719], [151.2825431, -33.8811992], [151.2826062, -33.881373], [151.282627, -33.8814408], [151.2826532, -33.8819191], [151.282654, -33.8819895], [151.2826548, -33.8820566], [151.2826494, -33.8823085], [151.2826262, -33.8828937]]}}, {"type": "Feature", "properties": {"kind": "road", "highway": "footway", "name": null, "osm_id": 955080947}, "geometry": {"type": "LineString", "coordinates": [[151.2825431, -33.8811992], [151.2827677, -33.8812005], [151.2828478, -33.8811979], [151.2829864, -33.8811826], [151.2831279, -33.8811682]]}}, {"type": "Feature", "properties": {"kind": "road", "highway": "footway", "name": null, "osm_id": 955080977}, "geometry": {"type": "LineString", "coordinates": [[151.2835415, -33.8849924], [151.2835161, -33.8849697], [151.2833834, -33.8848125], [151.2832861, -33.884681], [151.2831392, -33.8844864], [151.2829366, -33.8842117], [151.2827897, -33.8840141], [151.282511, -33.8836233], [151.2824579, -33.8835205], [151.2824384, -33.8834529], [151.2824296, -33.8833317], [151.2824455, -33.8829534], [151.282448, -33.8828772], [151.2824552, -33.8826537], [151.2824703, -33.8823606], [151.2824765, -33.8822475], [151.2824703, -33.8820932], [151.2824588, -33.8817855], [151.2824455, -33.8815049], [151.2824393, -33.8814432], [151.2824181, -33.8813859], [151.2823526, -33.8812015], [151.2823438, -33.8811905], [151.282311, -33.8811677], [151.2820686, -33.8809694], [151.2819387, -33.8808583], [151.2819173, -33.8808119], [151.2819047, -33.8807834], [151.2818759, -33.8807602]]}}, {"type": "Feature", "properties": {"kind": "road", "highway": "footway", "name": "Sullivan Path", "osm_id": 955319943}, "geometry": {"type": "LineString", "coordinates": [[151.2851774, -33.8873532], [151.2852371, -33.8874478], [151.2852565, -33.8874673], [151.2852666, -33.8874701], [151.2853665, -33.8874378]]}}, {"type": "Feature", "properties": {"kind": "road", "highway": "footway", "name": null, "osm_id": 955333169}, "geometry": {"type": "LineString", "coordinates": [[151.2734108, -33.8852321], [151.2730115, -33.8852117], [151.2727252, -33.8852015], [151.2726116, -33.8851937], [151.2723904, -33.8851801], [151.2709459, -33.8851021], [151.2706727, -33.885089], [151.2706259, -33.8850805], [151.2705945, -33.8850721], [151.2705497, -33.8850502], [151.2700863, -33.8847532], [151.2694958, -33.8843676], [151.2693095, -33.8842484]]}}, {"type": "Feature", "properties": {"kind": "road", "highway": "footway", "name": null, "osm_id": 955333170}, "geometry": {"type": "LineString", "coordinates": [[151.2730085, -33.8854322], [151.2728924, -33.8854482], [151.2714752, -33.8853727], [151.2709884, -33.8853439], [151.270856, -33.885336]]}}, {"type": "Feature", "properties": {"kind": "road", "highway": "footway", "name": null, "osm_id": 955333171}, "geometry": {"type": "LineString", "coordinates": [[151.2709884, -33.8853439], [151.2712768, -33.8855367]]}}, {"type": "Feature", "properties": {"kind": "road", "highway": "footway", "name": null, "osm_id": 955333173}, "geometry": {"type": "LineString", "coordinates": [[151.27025, -33.8814599], [151.270787, -33.8815218], [151.2713422, -33.8815819], [151.2719386, -33.8816401], [151.2725733, -33.8817088], [151.2734035, -33.8818023], [151.273893, -33.8818547], [151.2747577, -33.8819387]]}}, {"type": "Feature", "properties": {"kind": "road", "highway": "footway", "name": null, "osm_id": 955333174}, "geometry": {"type": "LineString", "coordinates": [[151.2762247, -33.8838943], [151.2762038, -33.883893], [151.2758826, -33.883817], [151.2755454, -33.8837634], [151.2755087, -33.8837535], [151.2754921, -33.8837455], [151.2754868, -33.8837393], [151.275483, -33.8837348], [151.2754791, -33.8837193], [151.2757919, -33.8820566], [151.2758151, -33.8820444], [151.2761377, -33.8820878], [151.2764552, -33.8821213], [151.2765277, -33.8821752]]}}, {"type": "Feature", "properties": {"kind": "road", "highway": "footway", "name": null, "osm_id": 955333185}, "geometry": {"type": "LineString", "coordinates": [[151.2800104, -33.8826549], [151.2800962, -33.8826677], [151.2801836, -33.8826808], [151.2811966, -33.8828227], [151.2812674, -33.8828326], [151.2813713, -33.8828469], [151.2821463, -33.8829538], [151.2822765, -33.8829573]]}}, {"type": "Feature", "properties": {"kind": "road", "highway": "footway", "name": null, "osm_id": 955333186}, "geometry": {"type": "LineString", "coordinates": [[151.2822343, -33.8828348], [151.2820366, -33.8827892], [151.281507, -33.8827168], [151.2814233, -33.8827053], [151.2813805, -33.8826991], [151.2802363, -33.8825338], [151.2783718, -33.8822773], [151.2777206, -33.8821876], [151.2769558, -33.8820678], [151.2768608, -33.8820529], [151.27678, -33.8820233], [151.2767592, -33.8820167], [151.2758575, -33.8819114], [151.274956, -33.8818152], [151.2749511, -33.8818147], [151.2748808, -33.8818072], [151.2735253, -33.8816639], [151.2734458, -33.8816555], [151.2733427, -33.8816447], [151.2725885, -33.8815656], [151.2725021, -33.8815566], [151.2724122, -33.8815466], [151.2716952, -33.8814669], [151.2716159, -33.881458], [151.2715477, -33.8814508], [151.2707999, -33.8813718], [151.2707396, -33.8813655], [151.2703171, -33.8813208]]}}, {"type": "Feature", "properties": {"kind": "road", "highway": "footway", "name": null, "osm_id": 955333187}, "geometry": {"type": "LineString", "coordinates": [[151.2707396, -33.8813655], [151.2708509, -33.8807721], [151.2709034, -33.8804871], [151.2709838, -33.8804866]]}}, {"type": "Feature", "properties": {"kind": "road", "highway": "footway", "name": null, "osm_id": 955333188}, "geometry": {"type": "LineString", "coordinates": [[151.2705721, -33.8800853], [151.2733943, -33.8803837], [151.273418, -33.8804217], [151.2734242, -33.8804643], [151.2734295, -33.8805906], [151.2734454, -33.8806428], [151.2734817, -33.8806964], [151.2735056, -33.8807074], [151.2735207, -33.8807118], [151.2735224, -33.8807251], [151.2733427, -33.8816447]]}}, {"type": "Feature", "properties": {"kind": "road", "highway": "footway", "name": null, "osm_id": 955333189}, "geometry": {"type": "LineString", "coordinates": [[151.2735253, -33.8816639], [151.2737128, -33.8806651]]}}, {"type": "Feature", "properties": {"kind": "road", "highway": "footway", "name": null, "osm_id": 955333190}, "geometry": {"type": "LineString", "coordinates": [[151.2725885, -33.8815656], [151.2727554, -33.8806956]]}}, {"type": "Feature", "properties": {"kind": "road", "highway": "footway", "name": null, "osm_id": 955333191}, "geometry": {"type": "LineString", "coordinates": [[151.2724122, -33.8815466], [151.2725733, -33.8806792]]}}, {"type": "Feature", "properties": {"kind": "road", "highway": "footway", "name": null, "osm_id": 955333192}, "geometry": {"type": "LineString", "coordinates": [[151.2715477, -33.8814508], [151.2717037, -33.8806786]]}}, {"type": "Feature", "properties": {"kind": "road", "highway": "footway", "name": null, "osm_id": 955333193}, "geometry": {"type": "LineString", "coordinates": [[151.2716952, -33.8814669], [151.271858, -33.8806563], [151.2718763, -33.8805676]]}}, {"type": "Feature", "properties": {"kind": "road", "highway": "footway", "name": null, "osm_id": 955398611}, "geometry": {"type": "LineString", "coordinates": [[151.274956, -33.8818152], [151.2751474, -33.8808158], [151.2751608, -33.8807435], [151.2755224, -33.8787976], [151.2754565, -33.8787408]]}}, {"type": "Feature", "properties": {"kind": "road", "highway": "footway", "name": null, "osm_id": 955398612}, "geometry": {"type": "LineString", "coordinates": [[151.2751608, -33.8807435], [151.2760119, -33.8808329], [151.2760965, -33.8808399], [151.2761796, -33.8808511], [151.2769399, -33.8809353], [151.277007, -33.8809765], [151.2770161, -33.8809778], [151.2770701, -33.8809859], [151.2771507, -33.8809975], [151.2776685, -33.8810717], [151.2791925, -33.8812823], [151.2796951, -33.8813491], [151.2805419, -33.8814674], [151.2807923, -33.8814997], [151.2807807, -33.8815672]]}}, {"type": "Feature", "properties": {"kind": "road", "highway": "footway", "name": null, "osm_id": 955398613}, "geometry": {"type": "LineString", "coordinates": [[151.2813805, -33.8826991], [151.2814943, -33.8821053], [151.2814883, -33.8820713], [151.2815572, -33.8820628]]}}, {"type": "Feature", "properties": {"kind": "road", "highway": "footway", "name": null, "osm_id": 955398614}, "geometry": {"type": "LineString", "coordinates": [[151.281507, -33.8827168], [151.281605, -33.8821821], [151.2816164, -33.8821181], [151.2816506, -33.8820802], [151.2815572, -33.8820628]]}}, {"type": "Feature", "properties": {"kind": "road", "highway": "footway", "name": null, "osm_id": 955398615}, "geometry": {"type": "LineString", "coordinates": [[151.2771507, -33.8809975], [151.2771423, -33.881064], [151.2771225, -33.8811482], [151.2769558, -33.8820678]]}}, {"type": "Feature", "properties": {"kind": "road", "highway": "footway", "name": null, "osm_id": 955398616}, "geometry": {"type": "LineString", "coordinates": [[151.2771225, -33.8811482], [151.2793291, -33.8814509], [151.2804155, -33.8815979], [151.280763, -33.8816474]]}}, {"type": "Feature", "properties": {"kind": "road", "highway": "footway", "name": null, "osm_id": 955398617}, "geometry": {"type": "LineString", "coordinates": [[151.27678, -33.8820233], [151.2769553, -33.8810308]]}}, {"type": "Feature", "properties": {"kind": "road", "highway": "footway", "name": null, "osm_id": 955398618}, "geometry": {"type": "LineString", "coordinates": [[151.2761796, -33.8808511], [151.2764886, -33.8792124], [151.2765302, -33.8791256], [151.2765556, -33.8789552], [151.2764706, -33.8789993]]}}, {"type": "Feature", "properties": {"kind": "road", "highway": "footway", "name": null, "osm_id": 955398619}, "geometry": {"type": "LineString", "coordinates": [[151.2764706, -33.8789993], [151.2763826, -33.8789764], [151.2760836, -33.8806097], [151.2760119, -33.8808329]]}}, {"type": "Feature", "properties": {"kind": "road", "highway": "footway", "name": null, "osm_id": 955398620}, "geometry": {"type": "LineString", "coordinates": [[151.2751608, -33.8807435], [151.2750777, -33.8807352], [151.2741589, -33.8806338], [151.273679, -33.8805882], [151.2736767, -33.880627], [151.2737128, -33.8806651]]}}, {"type": "Feature", "properties": {"kind": "road", "highway": "footway", "name": null, "osm_id": 955398621}, "geometry": {"type": "LineString", "coordinates": [[151.2734385, -33.8802408], [151.2705771, -33.8799176]]}}, {"type": "Feature", "properties": {"kind": "road", "highway": "footway", "name": null, "osm_id": 955398629}, "geometry": {"type": "LineString", "coordinates": [[151.2712204, -33.8769394], [151.2716536, -33.8770042], [151.2721174, -33.8770643], [151.2729442, -33.8771876], [151.2742212, -33.8773629], [151.2756505, -33.8775532], [151.2768925, -33.8777146], [151.2774953, -33.8777951], [151.2775006, -33.8778091], [151.2775484, -33.8778495], [151.2772803, -33.8793524], [151.2772865, -33.8794017], [151.2772847, -33.8794619], [151.2772529, -33.8797447], [151.2771414, -33.8803346], [151.2771016, -33.8805344], [151.2770883, -33.8805659], [151.2770865, -33.8806423], [151.2770414, -33.8808678], [151.2770161, -33.8809778]]}}, {"type": "Feature", "properties": {"kind": "road", "highway": "footway", "name": null, "osm_id": 955398630}, "geometry": {"type": "LineString", "coordinates": [[151.2771507, -33.8809975], [151.2773525, -33.8799607], [151.277375, -33.8798353], [151.2776094, -33.8785085], [151.2776311, -33.8784405], [151.2777937, -33.8775528], [151.277938, -33.8767562], [151.2780173, -33.8762888], [151.278074, -33.8759729], [151.2780847, -33.8759172], [151.2781423, -33.8756179], [151.2782334, -33.8751738], [151.2782516, -33.8750851], [151.2782638, -33.8750258], [151.2783608, -33.8745513], [151.2784338, -33.8742047]]}}, {"type": "Feature", "properties": {"kind": "road", "highway": "footway", "name": null, "osm_id": 955413825}, "geometry": {"type": "LineString", "coordinates": [[151.2666988, -33.8917285], [151.2662074, -33.8914147], [151.2655347, -33.8909622], [151.2653704, -33.8908607], [151.2653126, -33.8908226], [151.2652905, -33.8908081], [151.2649357, -33.8905796], [151.2648162, -33.8906016], [151.2648543, -33.8905304]]}}, {"type": "Feature", "properties": {"kind": "road", "highway": "footway", "name": null, "osm_id": 955413826}, "geometry": {"type": "LineString", "coordinates": [[151.2648162, -33.8906016], [151.2648039, -33.8906295], [151.2646897, -33.8912098], [151.2645561, -33.8919596], [151.2643656, -33.8928499], [151.2641411, -33.8938993]]}}, {"type": "Feature", "properties": {"kind": "road", "highway": "residential", "name": "Denham Street", "osm_id": 955413827}, "geometry": {"type": "LineString", "coordinates": [[151.269662, -33.8930894], [151.2697661, -33.8930698], [151.2698184, -33.8930349], [151.2698315, -33.8930209], [151.2698752, -33.8929739]]}}, {"type": "Feature", "properties": {"kind": "road", "highway": "residential", "name": "Denham Street", "osm_id": 955413828}, "geometry": {"type": "LineString", "coordinates": [[151.2699404, -33.893017], [151.2698847, -33.8930611], [151.2698356, -33.8930849], [151.2697848, -33.8930937], [151.269696, -33.8930961], [151.269662, -33.8930894]]}}, {"type": "Feature", "properties": {"kind": "road", "highway": "footway", "name": null, "osm_id": 955843223}, "geometry": {"type": "LineString", "coordinates": [[151.2760434, -33.8856808], [151.2760559, -33.8856164], [151.2762461, -33.8856274]]}}, {"type": "Feature", "properties": {"kind": "road", "highway": "footway", "name": null, "osm_id": 955843224}, "geometry": {"type": "LineString", "coordinates": [[151.2762658, -33.8853835], [151.2761521, -33.8853765], [151.2761379, -33.8853717], [151.2761248, -33.8853639], [151.276118, -33.8853509], [151.2761173, -33.8853368], [151.2760613, -33.8853301]]}}, {"type": "Feature", "properties": {"kind": "road", "highway": "footway", "name": null, "osm_id": 955843225}, "geometry": {"type": "LineString", "coordinates": [[151.2778256, -33.8854721], [151.2788085, -33.8855253], [151.2793973, -33.8855547], [151.2797597, -33.8855745], [151.279822, -33.8855782], [151.2798895, -33.8855808], [151.2799163, -33.8855819], [151.2806422, -33.8856225], [151.2807154, -33.8856266], [151.2808177, -33.8856303], [151.28084, -33.8856311], [151.2819442, -33.8856906], [151.2830947, -33.8857528], [151.2838901, -33.8857953]]}}, {"type": "Feature", "properties": {"kind": "road", "highway": "footway", "name": null, "osm_id": 955843226}, "geometry": {"type": "LineString", "coordinates": [[151.2842259, -33.8861188], [151.2842371, -33.8861204], [151.2842428, -33.88616]]}}, {"type": "Feature", "properties": {"kind": "road", "highway": "footway", "name": null, "osm_id": 955843227}, "geometry": {"type": "LineString", "coordinates": [[151.2842259, -33.8861188], [151.284214, -33.8860528], [151.2839101, -33.8860405], [151.2806432, -33.8858628], [151.2806031, -33.8858606], [151.2804071, -33.8858516], [151.280286, -33.8858476], [151.2798601, -33.8858336], [151.2796822, -33.8858235], [151.2791801, -33.8857821], [151.2777519, -33.8857074]]}}, {"type": "Feature", "properties": {"kind": "road", "highway": "footway", "name": null, "osm_id": 955843228}, "geometry": {"type": "LineString", "coordinates": [[151.280286, -33.8858476], [151.2802849, -33.8858859], [151.2802758, -33.8859213], [151.280227, -33.8859863], [151.2799932, -33.8862411], [151.2798626, -33.8863858], [151.2799436, -33.8864389]]}}, {"type": "Feature", "properties": {"kind": "road", "highway": "footway", "name": null, "osm_id": 955843229}, "geometry": {"type": "LineString", "coordinates": [[151.2806432, -33.8858628], [151.2807005, -33.8857911]]}}, {"type": "Feature", "properties": {"kind": "road", "highway": "footway", "name": null, "osm_id": 955843230}, "geometry": {"type": "LineString", "coordinates": [[151.2806432, -33.8858628], [151.280604, -33.8859114], [151.2805328, -33.8859996], [151.2804882, -33.8860548], [151.2804376, -33.8861179], [151.2804143, -33.886104], [151.2803758, -33.8861095], [151.2798436, -33.8867031], [151.280833, -33.8873167], [151.281299, -33.887604], [151.2819078, -33.8879803], [151.2823947, -33.8882831], [151.2830806, -33.888705], [151.2834408, -33.8889301], [151.2834655, -33.8889416], [151.2834749, -33.8889393], [151.283481, -33.8889327], [151.2834971, -33.8888943], [151.283489, -33.8888792], [151.2831383, -33.8880493], [151.2831363, -33.8880253], [151.2831894, -33.8878217], [151.2831913, -33.8878144], [151.2831987, -33.8877957]]}}, {"type": "Feature", "properties": {"kind": "road", "highway": "footway", "name": null, "osm_id": 955843231}, "geometry": {"type": "LineString", "coordinates": [[151.2831894, -33.8878217], [151.2829064, -33.88765], [151.2804376, -33.8861179]]}}, {"type": "Feature", "properties": {"kind": "road", "highway": "footway", "name": null, "osm_id": 955843232}, "geometry": {"type": "LineString", "coordinates": [[151.280604, -33.8859114], [151.2805944, -33.8859527], [151.2805917, -33.8859911], [151.2806011, -33.8860234], [151.2806139, -33.8860467], [151.2805328, -33.8859996]]}}, {"type": "Feature", "properties": {"kind": "road", "highway": "footway", "name": null, "osm_id": 955843233}, "geometry": {"type": "LineString", "coordinates": [[151.2806139, -33.8860467], [151.2825745, -33.8872663], [151.2831912, -33.8876476], [151.2832288, -33.8876616], [151.283262, -33.8876699]]}}, {"type": "Feature", "properties": {"kind": "road", "highway": "footway", "name": null, "osm_id": 955843234}, "geometry": {"type": "LineString", "coordinates": [[151.2836312, -33.8873561], [151.2839632, -33.887078], [151.2842497, -33.8868292], [151.2842921, -33.8867909], [151.2843152, -33.8867576], [151.2843237, -33.8867295], [151.2843206, -33.8866841], [151.2842389, -33.8861939], [151.284234, -33.8861652], [151.2842428, -33.88616]]}}, {"type": "Feature", "properties": {"kind": "road", "highway": "footway", "name": null, "osm_id": 955843235}, "geometry": {"type": "LineString", "coordinates": [[151.2837748, -33.8852059], [151.2833175, -33.8851423], [151.2825122, -33.8850298], [151.2820455, -33.8849636]]}}, {"type": "Feature", "properties": {"kind": "road", "highway": "footway", "name": null, "osm_id": 955843237}, "geometry": {"type": "LineString", "coordinates": [[151.2820559, -33.884915], [151.2820572, -33.8849066], [151.2820355, -33.884904], [151.2820214, -33.8849661], [151.2819662, -33.8849586], [151.2810756, -33.8848375], [151.2810534, -33.8848292], [151.2810295, -33.8848239], [151.2809781, -33.8848244], [151.2808177, -33.8856303]]}}, {"type": "Feature", "properties": {"kind": "road", "highway": "footway", "name": null, "osm_id": 955843238}, "geometry": {"type": "LineString", "coordinates": [[151.2809781, -33.8848244], [151.2809514, -33.8848129], [151.280875, -33.8847984], [151.2808057, -33.8847898], [151.2807728, -33.8847857], [151.2800597, -33.8846865], [151.2798895, -33.8855808]]}}, {"type": "Feature", "properties": {"kind": "road", "highway": "footway", "name": null, "osm_id": 955843239}, "geometry": {"type": "LineString", "coordinates": [[151.2808177, -33.8847155], [151.2808057, -33.8847898], [151.2806422, -33.8856225]]}}, {"type": "Feature", "properties": {"kind": "road", "highway": "footway", "name": null, "osm_id": 955843240}, "geometry": {"type": "LineString", "coordinates": [[151.2808177, -33.8847155], [151.2808337, -33.8846439], [151.2811966, -33.8828227]]}}, {"type": "Feature", "properties": {"kind": "road", "highway": "footway", "name": null, "osm_id": 955843241}, "geometry": {"type": "LineString", "coordinates": [[151.2813713, -33.8828469], [151.2810125, -33.884662], [151.2809046, -33.8846491], [151.2808337, -33.8846439], [151.2799277, -33.8845142]]}}, {"type": "Feature", "properties": {"kind": "road", "highway": "footway", "name": null, "osm_id": 955843242}, "geometry": {"type": "LineString", "coordinates": [[151.2810125, -33.884662], [151.281719, -33.8847566], [151.282322, -33.8848473], [151.2825593, -33.8848863], [151.2830656, -33.8849576], [151.2833982, -33.8850043], [151.283425, -33.8850121], [151.2834478, -33.8850244], [151.2834598, -33.8850385], [151.283462, -33.8850438], [151.2834671, -33.8850564], [151.2834705, -33.8850795]]}}, {"type": "Feature", "properties": {"kind": "road", "highway": "footway", "name": null, "osm_id": 955843243}, "geometry": {"type": "LineString", "coordinates": [[151.283462, -33.8850438], [151.2834722, -33.8850388]]}}, {"type": "Feature", "properties": {"kind": "road", "highway": "footway", "name": null, "osm_id": 955843245}, "geometry": {"type": "LineString", "coordinates": [[151.283491, -33.8850273], [151.2835168, -33.8850085]]}}, {"type": "Feature", "properties": {"kind": "road", "highway": "footway", "name": null, "osm_id": 955843247}, "geometry": {"type": "LineString", "coordinates": [[151.2835249, -33.8850037], [151.2835415, -33.8849924]]}}, {"type": "Feature", "properties": {"kind": "road", "highway": "footway", "name": null, "osm_id": 955843248}, "geometry": {"type": "LineString", "coordinates": [[151.281168, -33.8804145], [151.2812266, -33.8801042], [151.2812774, -33.8798165], [151.2812774, -33.879781], [151.2812667, -33.8797459], [151.2812513, -33.8797214], [151.2812325, -33.8796958], [151.281204, -33.8796708], [151.2811772, -33.8796538], [151.2811436, -33.8796454], [151.2809391, -33.8796151], [151.2807748, -33.8795923], [151.2803294, -33.8795321], [151.2798934, -33.8794739], [151.2796761, -33.8794437]]}}, {"type": "Feature", "properties": {"kind": "road", "highway": "footway", "name": null, "osm_id": 956271215}, "geometry": {"type": "LineString", "coordinates": [[151.2778494, -33.8848151], [151.2779054, -33.8848214]]}}, {"type": "Feature", "properties": {"kind": "road", "highway": "footway", "name": null, "osm_id": 956271217}, "geometry": {"type": "LineString", "coordinates": [[151.2772339, -33.8840488], [151.2775328, -33.8824663], [151.2775614, -33.8823151], [151.2775423, -33.8823124]]}}, {"type": "Feature", "properties": {"kind": "road", "highway": "footway", "name": null, "osm_id": 956271218}, "geometry": {"type": "LineString", "coordinates": [[151.2778423, -33.8848144], [151.2779399, -33.8842962], [151.2779528, -33.8842804]]}}, {"type": "Feature", "properties": {"kind": "road", "highway": "footway", "name": null, "osm_id": 956271219}, "geometry": {"type": "LineString", "coordinates": [[151.2761844, -33.8839263], [151.2761807, -33.8839618], [151.2761772, -33.8839962]]}}, {"type": "Feature", "properties": {"kind": "road", "highway": "footway", "name": null, "osm_id": 956271220}, "geometry": {"type": "LineString", "coordinates": [[151.2761961, -33.8840412], [151.2762476, -33.8840552], [151.2762987, -33.8840692]]}}, {"type": "Feature", "properties": {"kind": "road", "highway": "footway", "name": null, "osm_id": 956271221}, "geometry": {"type": "LineString", "coordinates": [[151.2762987, -33.8840692], [151.2763468, -33.8840758], [151.2779399, -33.8842962]]}}, {"type": "Feature", "properties": {"kind": "road", "highway": "footway", "name": null, "osm_id": 956271222}, "geometry": {"type": "LineString", "coordinates": [[151.2762396, -33.8846515], [151.2778423, -33.8848144], [151.2778494, -33.8848151]]}}, {"type": "Feature", "properties": {"kind": "road", "highway": "footway", "name": null, "osm_id": 956271223}, "geometry": {"type": "LineString", "coordinates": [[151.2762361, -33.8846699], [151.2762396, -33.8846515], [151.2762887, -33.8843938], [151.2763468, -33.8840758], [151.2763545, -33.884034]]}}, {"type": "Feature", "properties": {"kind": "road", "highway": "footway", "name": null, "osm_id": 956271224}, "geometry": {"type": "LineString", "coordinates": [[151.2761173, -33.8853368], [151.2762159, -33.884813], [151.2762138, -33.8847875], [151.2762204, -33.884753], [151.276224, -33.8847337]]}}, {"type": "Feature", "properties": {"kind": "road", "highway": "footway", "name": null, "osm_id": 956271225}, "geometry": {"type": "LineString", "coordinates": [[151.2763669, -33.8839672], [151.2763603, -33.8840022], [151.2763545, -33.884034]]}}, {"type": "Feature", "properties": {"kind": "road", "highway": "footway", "name": null, "osm_id": 956271226}, "geometry": {"type": "LineString", "coordinates": [[151.276224, -33.8847337], [151.2762301, -33.8847014], [151.2762361, -33.8846699]]}}, {"type": "Feature", "properties": {"kind": "road", "highway": "footway", "name": null, "osm_id": 956271227}, "geometry": {"type": "LineString", "coordinates": [[151.2767592, -33.8820167], [151.2767442, -33.8820941], [151.2767329, -33.8821588]]}}, {"type": "Feature", "properties": {"kind": "road", "highway": "footway", "name": null, "osm_id": 956271228}, "geometry": {"type": "LineString", "coordinates": [[151.2766551, -33.8821967], [151.2767031, -33.8821982], [151.2770544, -33.882246], [151.2774369, -33.8822979], [151.2774553, -33.8823005]]}}, {"type": "Feature", "properties": {"kind": "road", "highway": "footway", "name": null, "osm_id": 956271229}, "geometry": {"type": "LineString", "coordinates": [[151.2765471, -33.8821784], [151.2765997, -33.8821873], [151.2766551, -33.8821967]]}}, {"type": "Feature", "properties": {"kind": "road", "highway": "footway", "name": null, "osm_id": 956271230}, "geometry": {"type": "LineString", "coordinates": [[151.2774553, -33.8823005], [151.2774982, -33.8823063], [151.2775423, -33.8823124]]}}, {"type": "Feature", "properties": {"kind": "road", "highway": "footway", "name": null, "osm_id": 956271232}, "geometry": {"type": "LineString", "coordinates": [[151.2763319, -33.8839097], [151.2762785, -33.883902], [151.2762247, -33.8838943]]}}, {"type": "Feature", "properties": {"kind": "road", "highway": "footway", "name": null, "osm_id": 956271233}, "geometry": {"type": "LineString", "coordinates": [[151.2767329, -33.8821588], [151.2767031, -33.8821982], [151.2766844, -33.8822964], [151.2766294, -33.8825859], [151.2763766, -33.8839161], [151.2763669, -33.8839672]]}}, {"type": "Feature", "properties": {"kind": "road", "highway": "footway", "name": null, "osm_id": 956271234}, "geometry": {"type": "LineString", "coordinates": [[151.2774369, -33.8822979], [151.2771831, -33.8836452], [151.2771103, -33.8840318]]}}, {"type": "Feature", "properties": {"kind": "road", "highway": "footway", "name": null, "osm_id": 956277415}, "geometry": {"type": "LineString", "coordinates": [[151.2765277, -33.8821752], [151.2762563, -33.8836143], [151.2762038, -33.883893], [151.2761844, -33.8839263]]}}, {"type": "Feature", "properties": {"kind": "road", "highway": "footway", "name": null, "osm_id": 956299238}, "geometry": {"type": "LineString", "coordinates": [[151.2832616, -33.8910078], [151.2832979, -33.8910525], [151.2833116, -33.8911013], [151.2833302, -33.8912882], [151.2833545, -33.8915071], [151.2833859, -33.8917418], [151.2834173, -33.8919897], [151.2834293, -33.8921044], [151.2834394, -33.8921903], [151.2834542, -33.892302], [151.283477, -33.8923683], [151.2834991, -33.8925614], [151.2835393, -33.8929048], [151.2835581, -33.8930863], [151.2835682, -33.8931303], [151.2835997, -33.8931509], [151.2836446, -33.8931715], [151.2836922, -33.8931754], [151.2837351, -33.8931665], [151.2837754, -33.8931459], [151.2839356, -33.8930741], [151.2839671, -33.8930479], [151.2839879, -33.8930134], [151.2839866, -33.8929316], [151.2839732, -33.8928002], [151.2840257, -33.8927985]]}}, {"type": "Feature", "properties": {"kind": "road", "highway": "footway", "name": null, "osm_id": 958344531}, "geometry": {"type": "LineString", "coordinates": [[151.2759535, -33.8853179], [151.2759286, -33.8853151]]}}, {"type": "Feature", "properties": {"kind": "road", "highway": "footway", "name": null, "osm_id": 958344532}, "geometry": {"type": "LineString", "coordinates": [[151.2760613, -33.8853301], [151.2760067, -33.8853239], [151.2759535, -33.8853179]]}}, {"type": "Feature", "properties": {"kind": "road", "highway": "footway", "name": null, "osm_id": 958344533}, "geometry": {"type": "LineString", "coordinates": [[151.2759028, -33.885341], [151.2758675, -33.885356], [151.2753845, -33.8853356]]}}, {"type": "Feature", "properties": {"kind": "road", "highway": "footway", "name": null, "osm_id": 958344537}, "geometry": {"type": "LineString", "coordinates": [[151.274731, -33.8845071], [151.2746913, -33.8845972], [151.2746683, -33.8846495]]}}, {"type": "Feature", "properties": {"kind": "road", "highway": "footway", "name": null, "osm_id": 958344541}, "geometry": {"type": "LineString", "coordinates": [[151.2761493, -33.8847788], [151.2762138, -33.8847875]]}}, {"type": "Feature", "properties": {"kind": "road", "highway": "footway", "name": null, "osm_id": 958344542}, "geometry": {"type": "LineString", "coordinates": [[151.2760762, -33.884769], [151.2761129, -33.8847739], [151.2761493, -33.8847788]]}}, {"type": "Feature", "properties": {"kind": "road", "highway": "footway", "name": null, "osm_id": 958344543}, "geometry": {"type": "LineString", "coordinates": [[151.2760762, -33.884769], [151.276044, -33.8847554], [151.2755723, -33.8847314], [151.2751565, -33.8847102], [151.274706, -33.8846872], [151.2746502, -33.8846843], [151.2746323, -33.8847186], [151.2744156, -33.8851343]]}}, {"type": "Feature", "properties": {"kind": "road", "highway": "footway", "name": null, "osm_id": 958344544}, "geometry": {"type": "LineString", "coordinates": [[151.2759028, -33.885341], [151.2759286, -33.8853151], [151.276044, -33.8847554], [151.2760528, -33.884713]]}}, {"type": "Feature", "properties": {"kind": "road", "highway": "footway", "name": null, "osm_id": 958344545}, "geometry": {"type": "LineString", "coordinates": [[151.2760528, -33.884713], [151.2760591, -33.8846752], [151.2760648, -33.8846407]]}}, {"type": "Feature", "properties": {"kind": "road", "highway": "footway", "name": null, "osm_id": 958344546}, "geometry": {"type": "LineString", "coordinates": [[151.2760824, -33.884546], [151.2760678, -33.8845641], [151.2760497, -33.8845814], [151.2760232, -33.8845928], [151.2759969, -33.8846011]]}}, {"type": "Feature", "properties": {"kind": "road", "highway": "footway", "name": null, "osm_id": 958344547}, "geometry": {"type": "LineString", "coordinates": [[151.2760648, -33.8846407], [151.2760714, -33.8846053], [151.2760824, -33.884546], [151.2761769, -33.8840371], [151.2761772, -33.8839962]]}}, {"type": "Feature", "properties": {"kind": "road", "highway": "footway", "name": null, "osm_id": 958344548}, "geometry": {"type": "LineString", "coordinates": [[151.2760714, -33.8846053], [151.2759969, -33.8846011], [151.2748341, -33.8845362], [151.2748157, -33.8845287], [151.2747994, -33.8845186], [151.2747831, -33.884504], [151.2747707, -33.8844873], [151.2747585, -33.8844592], [151.2747539, -33.8844427], [151.2747585, -33.8844186], [151.2748286, -33.8839513], [151.2748376, -33.8839226], [151.2748527, -33.8838975], [151.2748755, -33.8838744], [151.2749017, -33.8838566], [151.2749362, -33.8838463], [151.2749875, -33.883843], [151.2758183, -33.8839595], [151.2761769, -33.8840371], [151.2761961, -33.8840412]]}}, {"type": "Feature", "properties": {"kind": "road", "highway": "footway", "name": null, "osm_id": 958349094}, "geometry": {"type": "LineString", "coordinates": [[151.2777169, -33.8854664], [151.2778225, -33.8849169], [151.2762204, -33.884753]]}}, {"type": "Feature", "properties": {"kind": "park", "highway": null, "name": "Thomas Hogan Reserve", "osm_id": 961236249}, "geometry": {"type": "Polygon", "coordinates": [[[151.2632044, -33.8883393], [151.2636826, -33.8886729], [151.2634304, -33.8889302], [151.2638818, -33.889246], [151.263549, -33.8896107], [151.2631497, -33.8895658], [151.2630854, -33.889959], [151.2629554, -33.8899386], [151.2630163, -33.8895539], [151.2625033, -33.8895047], [151.2624301, -33.8892828], [151.2624424, -33.8891779], [151.2625963, -33.8891771], [151.2625915, -33.8888706], [151.2625168, -33.8888421], [151.2626138, -33.8883606], [151.2629452, -33.8885907], [151.2632044, -33.8883393]]]}}, {"type": "Feature", "properties": {"kind": "road", "highway": "footway", "name": null, "osm_id": 962618061}, "geometry": {"type": "LineString", "coordinates": [[151.2780571, -33.8842926], [151.2780706, -33.8843143], [151.279553, -33.8845194], [151.279573, -33.8845193], [151.2795899, -33.884514], [151.2796078, -33.884506], [151.2796203, -33.8844939], [151.2796287, -33.8844783], [151.2796322, -33.884461], [151.2796324, -33.8844438], [151.2796287, -33.8844294], [151.2796229, -33.8844202], [151.2796667, -33.8844094]]}}, {"type": "Feature", "properties": {"kind": "road", "highway": "footway", "name": null, "osm_id": 962618062}, "geometry": {"type": "LineString", "coordinates": [[151.2797969, -33.8844522], [151.2797581, -33.8844871], [151.27975, -33.8845002], [151.2797464, -33.8845173], [151.2797463, -33.8845296], [151.2797348, -33.8845548], [151.2797306, -33.8845704], [151.2797311, -33.8845861], [151.2797351, -33.8846024]]}}, {"type": "Feature", "properties": {"kind": "road", "highway": "footway", "name": null, "osm_id": 962618065}, "geometry": {"type": "LineString", "coordinates": [[151.2797908, -33.8844134], [151.2798056, -33.8844169], [151.2798318, -33.8844396]]}}, {"type": "Feature", "properties": {"kind": "road", "highway": "footway", "name": null, "osm_id": 962618066}, "geometry": {"type": "LineString", "coordinates": [[151.279817, -33.8842855], [151.2798342, -33.8842854], [151.2798615, -33.884291]]}}, {"type": "Feature", "properties": {"kind": "road", "highway": "footway", "name": null, "osm_id": 962618067}, "geometry": {"type": "LineString", "coordinates": [[151.2797276, -33.8842837], [151.2797097, -33.884287], [151.279683, -33.8842803]]}}, {"type": "Feature", "properties": {"kind": "road", "highway": "footway", "name": null, "osm_id": 962618068}, "geometry": {"type": "LineString", "coordinates": [[151.2797125, -33.8843578], [151.2796656, -33.8843667]]}}, {"type": "Feature", "properties": {"kind": "road", "highway": "footway", "name": null, "osm_id": 962618069}, "geometry": {"type": "LineString", "coordinates": [[151.2797028, -33.8844052], [151.2796889, -33.8844081], [151.2796794, -33.8844055], [151.2796667, -33.8844094]]}}, {"type": "Feature", "properties": {"kind": "park", "highway": null, "name": "Marlborough Reserve", "osm_id": 964169809}, "geometry": {"type": "Polygon", "coordinates": [[[151.2597248, -33.899302], [151.2594423, -33.8993194], [151.2589227, -33.899739], [151.2589029, -33.899772], [151.2596442, -33.8999008], [151.259775, -33.8995462], [151.2597482, -33.8993843], [151.2597587, -33.899331], [151.2597248, -33.899302]]]}}, {"type": "Feature", "properties": {"kind": "road", "highway": "residential", "name": "Paul Street", "osm_id": 964169812}, "geometry": {"type": "LineString", "coordinates": [[151.2563286, -33.8928719], [151.2563306, -33.8928574], [151.2563388, -33.8928109], [151.2563416, -33.8927988], [151.2563504, -33.8927606], [151.256372, -33.8927265]]}}, {"type": "Feature", "properties": {"kind": "road", "highway": "footway", "name": null, "osm_id": 965507537}, "geometry": {"type": "LineString", "coordinates": [[151.2782397, -33.8893866], [151.2782374, -33.8893945]]}}, {"type": "Feature", "properties": {"kind": "road", "highway": "footway", "name": null, "osm_id": 965507541}, "geometry": {"type": "LineString", "coordinates": [[151.2791118, -33.8894998], [151.2790555, -33.8895511]]}}, {"type": "Feature", "properties": {"kind": "road", "highway": "footway", "name": null, "osm_id": 965507542}, "geometry": {"type": "LineString", "coordinates": [[151.2791331, -33.8894806], [151.2791213, -33.8894912]]}}, {"type": "Feature", "properties": {"kind": "road", "highway": "footway", "name": null, "osm_id": 965511103}, "geometry": {"type": "LineString", "coordinates": [[151.2756288, -33.8903408], [151.275636, -33.8903461]]}}, {"type": "Feature", "properties": {"kind": "road", "highway": "footway", "name": null, "osm_id": 965511104}, "geometry": {"type": "LineString", "coordinates": [[151.2762597, -33.8900636], [151.2758532, -33.8902021], [151.2758339, -33.8901893], [151.2757002, -33.8902926], [151.2756801, -33.8903058]]}}, {"type": "Feature", "properties": {"kind": "road", "highway": "footway", "name": null, "osm_id": 965511106}, "geometry": {"type": "LineString", "coordinates": [[151.2757002, -33.8902926], [151.2757174, -33.8903177], [151.2757244, -33.890339], [151.2757257, -33.8903641], [151.2757193, -33.8903833], [151.2757067, -33.8904021], [151.275684, -33.890413], [151.2756523, -33.8904185], [151.2756149, -33.8904152], [151.2755794, -33.8904]]}}, {"type": "Feature", "properties": {"kind": "road", "highway": "footway", "name": null, "osm_id": 965511111}, "geometry": {"type": "LineString", "coordinates": [[151.2752016, -33.8907211], [151.275219, -33.8907344]]}}, {"type": "Feature", "properties": {"kind": "road", "highway": "footway", "name": null, "osm_id": 965511113}, "geometry": {"type": "LineString", "coordinates": [[151.2751911, -33.890713], [151.2750278, -33.8906209]]}}, {"type": "Feature", "properties": {"kind": "road", "highway": "footway", "name": null, "osm_id": 965511114}, "geometry": {"type": "LineString", "coordinates": [[151.2753017, -33.8905195], [151.275372, -33.8905706]]}}, {"type": "Feature", "properties": {"kind": "road", "highway": "footway", "name": null, "osm_id": 965511115}, "geometry": {"type": "LineString", "coordinates": [[151.275372, -33.8905706], [151.2753852, -33.8905802]]}}, {"type": "Feature", "properties": {"kind": "road", "highway": "footway", "name": null, "osm_id": 965519184}, "geometry": {"type": "LineString", "coordinates": [[151.2732146, -33.8940038], [151.273225, -33.8940522], [151.2732029, -33.8940562]]}}, {"type": "Feature", "properties": {"kind": "road", "highway": "footway", "name": null, "osm_id": 965519185}, "geometry": {"type": "LineString", "coordinates": [[151.2729456, -33.8925999], [151.2729806, -33.8926038], [151.2730746, -33.8926142], [151.2731245, -33.8926197]]}}, {"type": "Feature", "properties": {"kind": "road", "highway": "footway", "name": null, "osm_id": 965519186}, "geometry": {"type": "LineString", "coordinates": [[151.2733059, -33.8918818], [151.2732193, -33.891811]]}}, {"type": "Feature", "properties": {"kind": "road", "highway": "footway", "name": null, "osm_id": 965519188}, "geometry": {"type": "LineString", "coordinates": [[151.274041, -33.8914878], [151.2739864, -33.8914445], [151.2739028, -33.8913781], [151.2738669, -33.8913495]]}}, {"type": "Feature", "properties": {"kind": "road", "highway": "footway", "name": null, "osm_id": 965519189}, "geometry": {"type": "LineString", "coordinates": [[151.2738669, -33.8913495], [151.2737899, -33.8913075]]}}, {"type": "Feature", "properties": {"kind": "road", "highway": "footway", "name": null, "osm_id": 965519190}, "geometry": {"type": "LineString", "coordinates": [[151.2742146, -33.8913311], [151.2742398, -33.8913505]]}}, {"type": "Feature", "properties": {"kind": "road", "highway": "footway", "name": null, "osm_id": 965519191}, "geometry": {"type": "LineString", "coordinates": [[151.2737899, -33.8913075], [151.2738376, -33.8912724]]}}, {"type": "Feature", "properties": {"kind": "road", "highway": "footway", "name": null, "osm_id": 965519192}, "geometry": {"type": "LineString", "coordinates": [[151.273928, -33.8911847], [151.2739558, -33.8911573]]}}, {"type": "Feature", "properties": {"kind": "road", "highway": "footway", "name": null, "osm_id": 965519194}, "geometry": {"type": "LineString", "coordinates": [[151.2747984, -33.8905048], [151.2748344, -33.8905315], [151.2749214, -33.8905962], [151.2749549, -33.8906211]]}}, {"type": "Feature", "properties": {"kind": "road", "highway": "footway", "name": null, "osm_id": 965519195}, "geometry": {"type": "LineString", "coordinates": [[151.2756646, -33.8900413], [151.2756282, -33.8900131]]}}, {"type": "Feature", "properties": {"kind": "road", "highway": "footway", "name": null, "osm_id": 965519196}, "geometry": {"type": "LineString", "coordinates": [[151.2754702, -33.8898961], [151.2754216, -33.8898585]]}}, {"type": "Feature", "properties": {"kind": "road", "highway": "footway", "name": null, "osm_id": 965519197}, "geometry": {"type": "LineString", "coordinates": [[151.2755993, -33.8896705], [151.2756656, -33.8897213]]}}, {"type": "Feature", "properties": {"kind": "road", "highway": "footway", "name": null, "osm_id": 965519198}, "geometry": {"type": "LineString", "coordinates": [[151.2756656, -33.8897213], [151.2757006, -33.8897486], [151.2757859, -33.8898154], [151.2758179, -33.8898404]]}}, {"type": "Feature", "properties": {"kind": "road", "highway": "footway", "name": null, "osm_id": 965519199}, "geometry": {"type": "LineString", "coordinates": [[151.2755643, -33.8897199], [151.2755774, -33.8897014], [151.2755993, -33.8896705]]}}, {"type": "Feature", "properties": {"kind": "road", "highway": "footway", "name": null, "osm_id": 965519200}, "geometry": {"type": "LineString", "coordinates": [[151.2754744, -33.8898063], [151.2755242, -33.8897585], [151.2755537, -33.8897301], [151.2755643, -33.8897199]]}}, {"type": "Feature", "properties": {"kind": "road", "highway": "footway", "name": null, "osm_id": 965552153}, "geometry": {"type": "LineString", "coordinates": [[151.2781556, -33.8893793], [151.2781773, -33.8893823]]}}, {"type": "Feature", "properties": {"kind": "road", "highway": "footway", "name": null, "osm_id": 965552154}, "geometry": {"type": "LineString", "coordinates": [[151.2782986, -33.8894075], [151.2783139, -33.8894111]]}}, {"type": "Feature", "properties": {"kind": "road", "highway": "secondary", "name": "Curlewis Street", "osm_id": 966895004}, "geometry": {"type": "LineString", "coordinates": [[151.2756201, -33.8898209], [151.2755242, -33.8897585], [151.2754845, -33.8897327], [151.2753768, -33.8896637]]}}, {"type": "Feature", "properties": {"kind": "road", "highway": "secondary", "name": "Curlewis Street", "osm_id": 966895005}, "geometry": {"type": "LineString", "coordinates": [[151.2753768, -33.8896637], [151.2752172, -33.8895614]]}}, {"type": "Feature", "properties": {"kind": "road", "highway": "secondary", "name": "Curlewis Street", "osm_id": 966895006}, "geometry": {"type": "LineString", "coordinates": [[151.2752172, -33.8895614], [151.2751261, -33.889503]]}}, {"type": "Feature", "properties": {"kind": "road", "highway": "secondary", "name": "Curlewis Street", "osm_id": 966895007}, "geometry": {"type": "LineString", "coordinates": [[151.2717676, -33.8872948], [151.2716281, -33.8872047]]}}, {"type": "Feature", "properties": {"kind": "road", "highway": "secondary", "name": "Curlewis Street", "osm_id": 966895008}, "geometry": {"type": "LineString", "coordinates": [[151.272104, -33.8875157], [151.272032, -33.8874676], [151.2720096, -33.8874527], [151.2719353, -33.8874032]]}}, {"type": "Feature", "properties": {"kind": "road", "highway": "footway", "name": null, "osm_id": 967045940}, "geometry": {"type": "LineString", "coordinates": [[151.2781591, -33.8828119], [151.2781605, -33.8828042]]}}, {"type": "Feature", "properties": {"kind": "road", "highway": "footway", "name": null, "osm_id": 967045941}, "geometry": {"type": "LineString", "coordinates": [[151.2780771, -33.8828029], [151.2780775, -33.8828011], [151.2781118, -33.8828056]]}}, {"type": "Feature", "properties": {"kind": "road", "highway": "footway", "name": null, "osm_id": 967045944}, "geometry": {"type": "LineString", "coordinates": [[151.2782224, -33.8826903], [151.2782421, -33.8826928]]}}, {"type": "Feature", "properties": {"kind": "road", "highway": "footway", "name": null, "osm_id": 967045945}, "geometry": {"type": "LineString", "coordinates": [[151.2781616, -33.8827087], [151.2781948, -33.8827134], [151.2782001, -33.8826875], [151.2782224, -33.8826903]]}}, {"type": "Feature", "properties": {"kind": "road", "highway": "footway", "name": null, "osm_id": 967045965}, "geometry": {"type": "LineString", "coordinates": [[151.2782617, -33.8825908], [151.2782416, -33.8825881]]}}, {"type": "Feature", "properties": {"kind": "road", "highway": "footway", "name": null, "osm_id": 967045966}, "geometry": {"type": "LineString", "coordinates": [[151.2782416, -33.8825881], [151.2782311, -33.8825869], [151.278225, -33.8825829], [151.2782228, -33.8825768], [151.2782256, -33.8825621]]}}, {"type": "Feature", "properties": {"kind": "road", "highway": "footway", "name": null, "osm_id": 967827259}, "geometry": {"type": "LineString", "coordinates": [[151.2630029, -33.8899272], [151.2629886, -33.8899248], [151.2629908, -33.8899164]]}}, {"type": "Feature", "properties": {"kind": "road", "highway": "footway", "name": null, "osm_id": 967827260}, "geometry": {"type": "LineString", "coordinates": [[151.2637044, -33.8885616], [151.2636419, -33.8886211], [151.2636309, -33.8886348], [151.2633675, -33.8889523], [151.2632904, -33.8890198]]}}, {"type": "Feature", "properties": {"kind": "road", "highway": "footway", "name": null, "osm_id": 967827261}, "geometry": {"type": "LineString", "coordinates": [[151.2637687, -33.8893371], [151.2635291, -33.8891787]]}}, {"type": "Feature", "properties": {"kind": "road", "highway": "footway", "name": null, "osm_id": 967827262}, "geometry": {"type": "LineString", "coordinates": [[151.263432, -33.889008], [151.2633675, -33.8889523]]}}, {"type": "Feature", "properties": {"kind": "road", "highway": "footway", "name": null, "osm_id": 967827263}, "geometry": {"type": "LineString", "coordinates": [[151.2635291, -33.8891787], [151.263432, -33.889008]]}}, {"type": "Feature", "properties": {"kind": "road", "highway": "footway", "name": null, "osm_id": 967827264}, "geometry": {"type": "LineString", "coordinates": [[151.263337, -33.8883149], [151.2632723, -33.888398], [151.2632561, -33.8884683], [151.2632563, -33.8885401], [151.2632703, -33.8885915], [151.2633017, -33.8886394], [151.2633216, -33.8886624], [151.2633486, -33.8886857], [151.2633821, -33.8886858], [151.2634268, -33.8886755], [151.2634663, -33.8886606], [151.2635502, -33.8886225], [151.2635935, -33.8885901], [151.2636419, -33.8886211]]}}, {"type": "Feature", "properties": {"kind": "road", "highway": "residential", "name": "Simpson Street", "osm_id": 967827265}, "geometry": {"type": "LineString", "coordinates": [[151.264868, -33.8888844], [151.2653346, -33.8883873], [151.2653836, -33.8883709], [151.2656184, -33.8881332], [151.2656379, -33.8881134]]}}, {"type": "Feature", "properties": {"kind": "road", "highway": "residential", "name": "Simpson Street", "osm_id": 967827266}, "geometry": {"type": "LineString", "coordinates": [[151.2655394, -33.8881117], [151.2654975, -33.8881591], [151.2653348, -33.8883429], [151.2653346, -33.8883873]]}}, {"type": "Feature", "properties": {"kind": "road", "highway": "residential", "name": "Simpson Street", "osm_id": 967827270}, "geometry": {"type": "LineString", "coordinates": [[151.264868, -33.8888844], [151.2648674, -33.888932], [151.2646464, -33.8891659], [151.2645602, -33.8892328]]}}, {"type": "Feature", "properties": {"kind": "road", "highway": "footway", "name": null, "osm_id": 967827271}, "geometry": {"type": "LineString", "coordinates": [[151.263952, -33.8900613], [151.2640413, -33.8900402], [151.2641482, -33.890017]]}}, {"type": "Feature", "properties": {"kind": "road", "highway": "footway", "name": null, "osm_id": 967827272}, "geometry": {"type": "LineString", "coordinates": [[151.263952, -33.8900613], [151.263903, -33.8900773], [151.2638527, -33.8900824], [151.2630435, -33.8899601], [151.2619136, -33.8897893]]}}, {"type": "Feature", "properties": {"kind": "road", "highway": "footway", "name": null, "osm_id": 967827273}, "geometry": {"type": "LineString", "coordinates": [[151.2655277, -33.8881598], [151.2654975, -33.8881591]]}}, {"type": "Feature", "properties": {"kind": "road", "highway": "footway", "name": null, "osm_id": 967875121}, "geometry": {"type": "LineString", "coordinates": [[151.2695975, -33.8890001], [151.2695824, -33.8890162]]}}, {"type": "Feature", "properties": {"kind": "road", "highway": "footway", "name": null, "osm_id": 968422686}, "geometry": {"type": "LineString", "coordinates": [[151.2688396, -33.8921707], [151.2687417, -33.8921049]]}}, {"type": "Feature", "properties": {"kind": "road", "highway": "footway", "name": null, "osm_id": 968422688}, "geometry": {"type": "LineString", "coordinates": [[151.2689932, -33.8922946], [151.2689376, -33.8922365]]}}, {"type": "Feature", "properties": {"kind": "road", "highway": "footway", "name": null, "osm_id": 968422689}, "geometry": {"type": "LineString", "coordinates": [[151.2687338, -33.8920985], [151.2682734, -33.8917943], [151.2667193, -33.8907688], [151.2661893, -33.8904202]]}}, {"type": "Feature", "properties": {"kind": "road", "highway": "residential", "name": null, "osm_id": 973900108}, "geometry": {"type": "LineString", "coordinates": [[151.2595592, -33.902979], [151.2594517, -33.902937]]}}, {"type": "Feature", "properties": {"kind": "road", "highway": "tertiary", "name": "Birriga Road", "osm_id": 978098191}, "geometry": {"type": "LineString", "coordinates": [[151.2595624, -33.8861067], [151.259543, -33.8861138]]}}, {"type": "Feature", "properties": {"kind": "road", "highway": "tertiary", "name": "Birriga Road", "osm_id": 978098192}, "geometry": {"type": "LineString", "coordinates": [[151.2595469, -33.8860625], [151.2596031, -33.8860547], [151.2596352, -33.8860538]]}}, {"type": "Feature", "properties": {"kind": "road", "highway": "footway", "name": null, "osm_id": 985455166}, "geometry": {"type": "LineString", "coordinates": [[151.2689932, -33.9023496], [151.2690716, -33.9023261], [151.2691389, -33.9023059], [151.2696097, -33.9021603], [151.2698276, -33.9020526], [151.2699667, -33.9019424], [151.2700288, -33.9018419], [151.2700734, -33.9017364], [151.270077, -33.9015962], [151.2700402, -33.9007107], [151.2700204, -33.9006512], [151.2699899, -33.9005899], [151.2699594, -33.9005454], [151.2699164, -33.900507], [151.2695993, -33.900288], [151.2695044, -33.9002109], [151.2692449, -33.8999872], [151.2691577, -33.8999104], [151.2691349, -33.8998585], [151.269121, -33.8998067], [151.2689423, -33.8996001], [151.2689017, -33.8995067], [151.2689081, -33.8994328], [151.2689564, -33.8993095], [151.2690035, -33.899213], [151.2690416, -33.8991592], [151.2690843, -33.8991292], [151.2691368, -33.8991065], [151.2692092, -33.8990976], [151.269261, -33.8991006], [151.2692803, -33.8991075], [151.2693304, -33.8991289]]}}, {"type": "Feature", "properties": {"kind": "road", "highway": "residential", "name": "Paul Street", "osm_id": 1002513718}, "geometry": {"type": "LineString", "coordinates": [[151.2563137, -33.8929501], [151.2563181, -33.8929276], [151.2563211, -33.8929107], [151.2563286, -33.8928719]]}}, {"type": "Feature", "properties": {"kind": "road", "highway": "residential", "name": "Paul Street", "osm_id": 1002513720}, "geometry": {"type": "LineString", "coordinates": [[151.2563069, -33.8929876], [151.2563137, -33.8929501]]}}, {"type": "Feature", "properties": {"kind": "road", "highway": "footway", "name": null, "osm_id": 1011130684}, "geometry": {"type": "LineString", "coordinates": [[151.2808716, -33.8898914], [151.280842, -33.8902076]]}}, {"type": "Feature", "properties": {"kind": "road", "highway": "footway", "name": null, "osm_id": 1011130685}, "geometry": {"type": "LineString", "coordinates": [[151.2808716, -33.8898914], [151.2808603, -33.8898304]]}}, {"type": "Feature", "properties": {"kind": "road", "highway": "footway", "name": null, "osm_id": 1011130686}, "geometry": {"type": "LineString", "coordinates": [[151.2776634, -33.8857027], [151.2762461, -33.8856274]]}}, {"type": "Feature", "properties": {"kind": "road", "highway": "footway", "name": null, "osm_id": 1011130687}, "geometry": {"type": "LineString", "coordinates": [[151.2776634, -33.8857027], [151.2777124, -33.8857053], [151.2777519, -33.8857074]]}}, {"type": "Feature", "properties": {"kind": "road", "highway": "footway", "name": null, "osm_id": 1011130688}, "geometry": {"type": "LineString", "coordinates": [[151.2777379, -33.8854675], [151.2777811, -33.8854698], [151.2778256, -33.8854721]]}}, {"type": "Feature", "properties": {"kind": "road", "highway": "footway", "name": null, "osm_id": 1011130689}, "geometry": {"type": "LineString", "coordinates": [[151.2762658, -33.8853835], [151.2765844, -33.8854029], [151.2767505, -33.885413], [151.2774556, -33.8854526], [151.2777169, -33.8854664], [151.2777379, -33.8854675]]}}, {"type": "Feature", "properties": {"kind": "road", "highway": "footway", "name": null, "osm_id": 1011130690}, "geometry": {"type": "LineString", "coordinates": [[151.2734724, -33.8908568], [151.2735978, -33.8909336]]}}, {"type": "Feature", "properties": {"kind": "road", "highway": "footway", "name": null, "osm_id": 1011130691}, "geometry": {"type": "LineString", "coordinates": [[151.2736387, -33.8909603], [151.2738828, -33.8911156], [151.2739558, -33.8911573], [151.2740395, -33.8911934]]}}, {"type": "Feature", "properties": {"kind": "road", "highway": "footway", "name": null, "osm_id": 1011130692}, "geometry": {"type": "LineString", "coordinates": [[151.2734014, -33.8908145], [151.2734455, -33.8908407], [151.2734724, -33.8908568]]}}, {"type": "Feature", "properties": {"kind": "road", "highway": "footway", "name": null, "osm_id": 1011130693}, "geometry": {"type": "LineString", "coordinates": [[151.2730724, -33.8906032], [151.2734014, -33.8908145]]}}, {"type": "Feature", "properties": {"kind": "road", "highway": "footway", "name": null, "osm_id": 1011130694}, "geometry": {"type": "LineString", "coordinates": [[151.2729778, -33.8907053], [151.2730228, -33.8906568], [151.2730724, -33.8906032]]}}, {"type": "Feature", "properties": {"kind": "road", "highway": "footway", "name": null, "osm_id": 1011130695}, "geometry": {"type": "LineString", "coordinates": [[151.2726779, -33.8892011], [151.2726236, -33.8891676], [151.2726036, -33.8891556], [151.2725834, -33.8891434], [151.2714864, -33.8884159], [151.271242, -33.8882538]]}}, {"type": "Feature", "properties": {"kind": "road", "highway": "footway", "name": null, "osm_id": 1011130696}, "geometry": {"type": "LineString", "coordinates": [[151.2727497, -33.8892434], [151.2727132, -33.8892219], [151.2726779, -33.8892011]]}}, {"type": "Feature", "properties": {"kind": "road", "highway": "residential", "name": "O'Brien Street", "osm_id": 1011130697}, "geometry": {"type": "LineString", "coordinates": [[151.2709153, -33.8892679], [151.2709546, -33.8892205], [151.2709808, -33.8891998], [151.2710062, -33.8891841], [151.2710383, -33.8891728], [151.271086, -33.8891692], [151.2722313, -33.8892295], [151.2723915, -33.8892379]]}}, {"type": "Feature", "properties": {"kind": "road", "highway": "footway", "name": null, "osm_id": 1011177416}, "geometry": {"type": "LineString", "coordinates": [[151.2550158, -33.890532], [151.2555822, -33.8901772]]}}, {"type": "Feature", "properties": {"kind": "park", "highway": null, "name": "Beach Road Reserve", "osm_id": 1011207708}, "geometry": {"type": "Polygon", "coordinates": [[[151.2688703, -33.8839306], [151.2687518, -33.8840995], [151.2690707, -33.8843062], [151.2692084, -33.8841543], [151.2688703, -33.8839306]]]}}, {"type": "Feature", "properties": {"kind": "road", "highway": "footway", "name": null, "osm_id": 1016921423}, "geometry": {"type": "LineString", "coordinates": [[151.2560752, -33.8949081], [151.256154, -33.8948594]]}}, {"type": "Feature", "properties": {"kind": "road", "highway": "footway", "name": null, "osm_id": 1016921425}, "geometry": {"type": "LineString", "coordinates": [[151.2560159, -33.8957009], [151.2561379, -33.895102], [151.2561299, -33.8950597], [151.2561057, -33.8950275], [151.2560695, -33.8949996], [151.2560602, -33.8949751], [151.2560752, -33.8949081], [151.2560598, -33.8948775], [151.2560283, -33.8948404], [151.2560065, -33.8948104]]}}, {"type": "Feature", "properties": {"kind": "road", "highway": "footway", "name": null, "osm_id": 1016921430}, "geometry": {"type": "LineString", "coordinates": [[151.2571511, -33.8962748], [151.2571719, -33.8962792], [151.2571847, -33.8962954], [151.2570722, -33.8967623]]}}, {"type": "Feature", "properties": {"kind": "road", "highway": "footway", "name": null, "osm_id": 1016921431}, "geometry": {"type": "LineString", "coordinates": [[151.2562578, -33.8958898], [151.2571384, -33.8960215], [151.2571659, -33.896031], [151.2571778, -33.8960423], [151.2571894, -33.8960533], [151.2571994, -33.8960733], [151.2571511, -33.8962748]]}}, {"type": "Feature", "properties": {"kind": "road", "highway": "footway", "name": null, "osm_id": 1016921432}, "geometry": {"type": "LineString", "coordinates": [[151.2568105, -33.8955999], [151.2567736, -33.895798]]}}, {"type": "Feature", "properties": {"kind": "road", "highway": "footway", "name": null, "osm_id": 1016921434}, "geometry": {"type": "LineString", "coordinates": [[151.2560159, -33.8957009], [151.2559236, -33.8957859], [151.2558756, -33.8958302]]}}, {"type": "Feature", "properties": {"kind": "road", "highway": "footway", "name": null, "osm_id": 1016921435}, "geometry": {"type": "LineString", "coordinates": [[151.2561346, -33.8958142], [151.2561109, -33.8957138]]}}, {"type": "Feature", "properties": {"kind": "road", "highway": "footway", "name": null, "osm_id": 1016921436}, "geometry": {"type": "LineString", "coordinates": [[151.2571612, -33.8958189], [151.2571212, -33.8957449], [151.2569714, -33.8957226], [151.2568383, -33.8957821], [151.2567864, -33.8957972], [151.2567736, -33.895798], [151.2567428, -33.8957997], [151.2561109, -33.8957138], [151.2560159, -33.8957009]]}}, {"type": "Feature", "properties": {"kind": "road", "highway": "footway", "name": "Cooper Creek Path", "osm_id": 1025976469}, "geometry": {"type": "LineString", "coordinates": [[151.2557667, -33.8872843], [151.255766, -33.8872776], [151.2556807, -33.8872489]]}}, {"type": "Feature", "properties": {"kind": "park", "highway": null, "name": "Dickson Street Reserve", "osm_id": 1027289673}, "geometry": {"type": "Polygon", "coordinates": [[[151.2601143, -33.9015797], [151.2602362, -33.9015942], [151.260333, -33.9016074], [151.2602825, -33.9018489], [151.2600427, -33.9019075], [151.2601143, -33.9015797]]]}}, {"type": "Feature", "properties": {"kind": "road", "highway": "footway", "name": null, "osm_id": 1027289674}, "geometry": {"type": "LineString", "coordinates": [[151.2601129, -33.9018491], [151.2601738, -33.9016212], [151.2602362, -33.9015942]]}}, {"type": "Feature", "properties": {"kind": "road", "highway": "footway", "name": null, "osm_id": 1027289675}, "geometry": {"type": "LineString", "coordinates": [[151.2596906, -33.9009998], [151.259639, -33.900933], [151.2596453, -33.9009008], [151.2597336, -33.9005291]]}}, {"type": "Feature", "properties": {"kind": "road", "highway": "footway", "name": null, "osm_id": 1027289676}, "geometry": {"type": "LineString", "coordinates": [[151.2603557, -33.901014], [151.2596453, -33.9009008]]}}, {"type": "Feature", "properties": {"kind": "road", "highway": "footway", "name": null, "osm_id": 1031072483}, "geometry": {"type": "LineString", "coordinates": [[151.2690178, -33.8836627], [151.2695394, -33.8834888], [151.2696979, -33.8834909], [151.2698484, -33.8833852]]}}, {"type": "Feature", "properties": {"kind": "road", "highway": "footway", "name": null, "osm_id": 1031085485}, "geometry": {"type": "LineString", "coordinates": [[151.2598721, -33.8868664], [151.2601493, -33.8869635]]}}, {"type": "Feature", "properties": {"kind": "road", "highway": "footway", "name": "beach promenade", "osm_id": 1032543051}, "geometry": {"type": "LineString", "coordinates": [[151.2704323, -33.8997135], [151.2704282, -33.8997298], [151.2705821, -33.8997495], [151.2706566, -33.899756], [151.2707341, -33.8997855], [151.2707697, -33.8998088], [151.2707798, -33.8998468]]}}, {"type": "Feature", "properties": {"kind": "road", "highway": "residential", "name": "Hastings Parade", "osm_id": 1035237667}, "geometry": {"type": "LineString", "coordinates": [[151.2773121, -33.8861568], [151.277272, -33.8861513]]}}, {"type": "Feature", "properties": {"kind": "road", "highway": "residential", "name": "Gould Street", "osm_id": 1035237668}, "geometry": {"type": "LineString", "coordinates": [[151.2776485, -33.8860333], [151.2776371, -33.886162], [151.2775863, -33.8863786]]}}, {"type": "Feature", "properties": {"kind": "road", "highway": "residential", "name": "Hastings Parade", "osm_id": 1035237669}, "geometry": {"type": "LineString", "coordinates": [[151.2795108, -33.8865752], [151.2796439, -33.8866554], [151.2797084, -33.8866943]]}}, {"type": "Feature", "properties": {"kind": "road", "highway": "residential", "name": "Gould Street", "osm_id": 1035237670}, "geometry": {"type": "LineString", "coordinates": [[151.2775863, -33.8863786], [151.2775638, -33.8864494], [151.2775335, -33.8864816]]}}, {"type": "Feature", "properties": {"kind": "coastline", "highway": null, "name": null, "osm_id": 1042801736}, "geometry": {"type": "LineString", "coordinates": [[151.2599562, -33.9197849], [151.2601218, -33.919889], [151.2600877, -33.9200473], [151.2601467, -33.9201702], [151.2606009, -33.9203775], [151.2606806, -33.9204152], [151.2608134, -33.9203975], [151.2610375, -33.9200222], [151.2608777, -33.9197043], [151.2608519, -33.9195033], [151.2609138, -33.9191783], [151.2611122, -33.9188886], [151.2613932, -33.9186192], [151.26163, -33.9185626], [151.2619447, -33.9183998], [151.2626364, -33.9180585], [151.2628976, -33.9178442], [151.2629962, -33.9175229], [151.262944, -33.9172371], [151.2627385, -33.9168699], [151.2624027, -33.9165799], [151.2619319, -33.916042], [151.2618022, -33.9158937], [151.2617691, -33.9158559], [151.261704, -33.915774], [151.2616375, -33.9156903], [151.261601, -33.9156443], [151.261535, -33.9155614], [151.2614496, -33.9154539], [151.2612801, -33.9151251], [151.2613532, -33.9149802], [151.2614676, -33.9149358], [151.2616394, -33.914876], [151.262238, -33.9149665], [151.26239, -33.9149287]]}}, {"type": "Feature", "properties": {"kind": "road", "highway": "secondary", "name": "O'Sullivan Road", "osm_id": 1070842573}, "geometry": {"type": "LineString", "coordinates": [[151.2677623, -33.8850925], [151.2676589, -33.8850769], [151.2675838, -33.8850435], [151.2675302, -33.884999], [151.267462, -33.8849128]]}}, {"type": "Feature", "properties": {"kind": "road", "highway": "tertiary", "name": "Birriga Road", "osm_id": 1070842574}, "geometry": {"type": "LineString", "coordinates": [[151.2677623, -33.8850925], [151.2679508, -33.8849989]]}}, {"type": "Feature", "properties": {"kind": "road", "highway": "primary", "name": "Bondi Road", "osm_id": 1076790425}, "geometry": {"type": "LineString", "coordinates": [[151.2732672, -33.8951313], [151.273221, -33.8952422], [151.2731557, -33.8953565], [151.2730491, -33.8954683], [151.2729299, -33.8955447], [151.2728286, -33.8955774], [151.2727209, -33.895605]]}}, {"type": "Feature", "properties": {"kind": "road", "highway": "primary", "name": "Bondi Road", "osm_id": 1076790426}, "geometry": {"type": "LineString", "coordinates": [[151.2727052, -33.8955399], [151.2728885, -33.895473], [151.2729978, -33.8954058], [151.2730733, -33.8953319], [151.2731456, -33.8952185], [151.2731887, -33.8951181]]}}, {"type": "Feature", "properties": {"kind": "road", "highway": "footway", "name": null, "osm_id": 1081079520}, "geometry": {"type": "LineString", "coordinates": [[151.2829463, -33.8928496], [151.2829678, -33.8928483]]}}, {"type": "Feature", "properties": {"kind": "road", "highway": "footway", "name": null, "osm_id": 1081079522}, "geometry": {"type": "LineString", "coordinates": [[151.2833519, -33.8926881], [151.2833295, -33.892434], [151.2833325, -33.8923509], [151.2833179, -33.892221], [151.2832994, -33.8920982], [151.2832152, -33.891403], [151.2831973, -33.8912471], [151.2831745, -33.8911672], [151.2831302, -33.8910867], [151.2830771, -33.8910199], [151.2830146, -33.8909671], [151.2829224, -33.890906], [151.2824236, -33.8906061], [151.2823622, -33.8905681]]}}, {"type": "Feature", "properties": {"kind": "road", "highway": "footway", "name": null, "osm_id": 1081079524}, "geometry": {"type": "LineString", "coordinates": [[151.2828596, -33.8928609], [151.2828003, -33.8927988]]}}, {"type": "Feature", "properties": {"kind": "road", "highway": "footway", "name": null, "osm_id": 1081079529}, "geometry": {"type": "LineString", "coordinates": [[151.2824789, -33.8910893], [151.2825051, -33.8910908]]}}, {"type": "Feature", "properties": {"kind": "road", "highway": "residential", "name": "Gould Street", "osm_id": 1082008763}, "geometry": {"type": "LineString", "coordinates": [[151.2756449, -33.8884994], [151.2753617, -33.888805], [151.2749224, -33.8892763], [151.2749156, -33.8892836], [151.2748996, -33.8893007], [151.2748697, -33.8893328]]}}, {"type": "Feature", "properties": {"kind": "road", "highway": "footway", "name": null, "osm_id": 1082966212}, "geometry": {"type": "LineString", "coordinates": [[151.2631003, -33.891251], [151.2630502, -33.891243]]}}, {"type": "Feature", "properties": {"kind": "road", "highway": "footway", "name": null, "osm_id": 1082966213}, "geometry": {"type": "LineString", "coordinates": [[151.2635393, -33.891306], [151.2635143, -33.8913029], [151.2634969, -33.8913093], [151.2631003, -33.891251]]}}, {"type": "Feature", "properties": {"kind": "road", "highway": "footway", "name": null, "osm_id": 1082966215}, "geometry": {"type": "LineString", "coordinates": [[151.2629437, -33.8917918], [151.2629318, -33.8917902], [151.2629327, -33.8917864]]}}, {"type": "Feature", "properties": {"kind": "road", "highway": "footway", "name": null, "osm_id": 1082966216}, "geometry": {"type": "LineString", "coordinates": [[151.264439, -33.8920158], [151.2643343, -33.8919965]]}}, {"type": "Feature", "properties": {"kind": "road", "highway": "footway", "name": null, "osm_id": 1082974287}, "geometry": {"type": "LineString", "coordinates": [[151.2650872, -33.8945042], [151.2650255, -33.8946155]]}}, {"type": "Feature", "properties": {"kind": "road", "highway": "footway", "name": "The Beach House Lane", "osm_id": 1088665704}, "geometry": {"type": "LineString", "coordinates": [[151.2749103, -33.8897925], [151.2746562, -33.8896274]]}}, {"type": "Feature", "properties": {"kind": "road", "highway": "footway", "name": "The Beach House Lane", "osm_id": 1088665705}, "geometry": {"type": "LineString", "coordinates": [[151.2749103, -33.8897925], [151.274954, -33.8898011], [151.2752689, -33.8900051]]}}, {"type": "Feature", "properties": {"kind": "road", "highway": "footway", "name": "The Beach House Lane", "osm_id": 1088665706}, "geometry": {"type": "LineString", "coordinates": [[151.2752483, -33.8900249], [151.2750736, -33.8899123]]}}, {"type": "Feature", "properties": {"kind": "road", "highway": "footway", "name": "The Beach House Lane", "osm_id": 1088665708}, "geometry": {"type": "LineString", "coordinates": [[151.2750587, -33.8899026], [151.2749491, -33.889832]]}}, {"type": "Feature", "properties": {"kind": "road", "highway": "footway", "name": "The Beach House Lane", "osm_id": 1088665710}, "geometry": {"type": "LineString", "coordinates": [[151.2749378, -33.8898247], [151.2749103, -33.8897925]]}}, {"type": "Feature", "properties": {"kind": "road", "highway": "footway", "name": null, "osm_id": 1088665711}, "geometry": {"type": "LineString", "coordinates": [[151.2746562, -33.8896274], [151.2746172, -33.8896021]]}}, {"type": "Feature", "properties": {"kind": "road", "highway": "footway", "name": null, "osm_id": 1088739740}, "geometry": {"type": "LineString", "coordinates": [[151.2829934, -33.8899149], [151.2830965, -33.8898713], [151.2832073, -33.8898254], [151.2832417, -33.8898787], [151.2833392, -33.8899291], [151.2834851, -33.8900168], [151.2836585, -33.8901133], [151.2838155, -33.8902179], [151.2838419, -33.8904418], [151.2838682, -33.8907933], [151.2839096, -33.8910433], [151.2839447, -33.891343], [151.2839949, -33.8918214], [151.2840153, -33.8919663], [151.284027, -33.892056], [151.2840301, -33.8920958]]}}, {"type": "Feature", "properties": {"kind": "road", "highway": "footway", "name": null, "osm_id": 1088739741}, "geometry": {"type": "LineString", "coordinates": [[151.2832073, -33.8898254], [151.2831655, -33.8897764]]}}, {"type": "Feature", "properties": {"kind": "road", "highway": "footway", "name": null, "osm_id": 1088739742}, "geometry": {"type": "LineString", "coordinates": [[151.2833655, -33.8890353], [151.2834391, -33.8890877], [151.2832534, -33.8892888], [151.2829802, -33.8896029], [151.2829193, -33.889656], [151.2829084, -33.8896655], [151.2828868, -33.8896688], [151.2828524, -33.8896548], [151.2827077, -33.8895614], [151.2826633, -33.8895327], [151.2822359, -33.8892418], [151.281676, -33.8888728], [151.2812808, -33.8886455], [151.2808475, -33.8883783], [151.2803479, -33.8880671], [151.2792159, -33.8873746]]}}, {"type": "Feature", "properties": {"kind": "road", "highway": "footway", "name": null, "osm_id": 1088739743}, "geometry": {"type": "LineString", "coordinates": [[151.2829848, -33.889695], [151.2829193, -33.889656]]}}, {"type": "Feature", "properties": {"kind": "road", "highway": "footway", "name": null, "osm_id": 1088739744}, "geometry": {"type": "LineString", "coordinates": [[151.2834408, -33.8889301], [151.2834052, -33.8889752], [151.2833655, -33.8890353]]}}, {"type": "Feature", "properties": {"kind": "road", "highway": "footway", "name": null, "osm_id": 1095810501}, "geometry": {"type": "LineString", "coordinates": [[151.2808603, -33.8898304], [151.2808559, -33.889807], [151.2808397, -33.8897201]]}}, {"type": "Feature", "properties": {"kind": "road", "highway": "pedestrian", "name": null, "osm_id": 1100817425}, "geometry": {"type": "LineString", "coordinates": [[151.2767125, -33.8898882], [151.276723, -33.8899085], [151.276734, -33.8899286], [151.2768169, -33.8898984], [151.2769082, -33.889867], [151.2770023, -33.8898347], [151.2770945, -33.8898023], [151.2770835, -33.8897795], [151.2770711, -33.8897629], [151.2770555, -33.8897467], [151.2770385, -33.8897329], [151.2770195, -33.8897208], [151.2770005, -33.8897114], [151.2769795, -33.8897035], [151.2769534, -33.8896968], [151.2769271, -33.8896932], [151.276899, -33.8896929], [151.2768712, -33.8896951], [151.2768529, -33.8896985], [151.276834, -33.8897038], [151.2768101, -33.8897133], [151.2767867, -33.8897263], [151.2767604, -33.8897471], [151.2767405, -33.8897685], [151.2767288, -33.889786], [151.2767196, -33.8898046], [151.2767119, -33.8898301], [151.2767091, -33.8898545], [151.2767125, -33.8898882]]}}, {"type": "Feature", "properties": {"kind": "road", "highway": "pedestrian", "name": null, "osm_id": 1100817426}, "geometry": {"type": "LineString", "coordinates": [[151.276734, -33.8899286], [151.2767487, -33.8899584], [151.2767083, -33.8899722], [151.2767499, -33.8900561], [151.2765071, -33.8901389], [151.2766242, -33.8903757], [151.2768496, -33.8902988], [151.2767947, -33.8901877], [151.2772644, -33.8900276], [151.2773204, -33.8901407], [151.2774971, -33.8900805], [151.2776407, -33.8900352], [151.2776079, -33.8899703], [151.2774772, -33.889713], [151.2771129, -33.8898395], [151.2770945, -33.8898023], [151.2770023, -33.8898347], [151.2770365, -33.889904], [151.2769419, -33.8899368], [151.2768497, -33.8899688], [151.2768169, -33.8898984], [151.276734, -33.8899286]]}}, {"type": "Feature", "properties": {"kind": "road", "highway": "pedestrian", "name": null, "osm_id": 1100817427}, "geometry": {"type": "LineString", "coordinates": [[151.2769082, -33.889867], [151.2769419, -33.8899368]]}}, {"type": "Feature", "properties": {"kind": "road", "highway": "primary", "name": "Campbell Parade", "osm_id": 1103549964}, "geometry": {"type": "LineString", "coordinates": [[151.2729882, -33.8929019], [151.2729855, -33.8929719], [151.2729843, -33.8930388], [151.2729852, -33.8931634], [151.2729874, -33.8932305], [151.2729943, -33.893367], [151.2730026, -33.8934462], [151.2730178, -33.8935756], [151.2730284, -33.893639], [151.2730452, -33.8937401], [151.2730821, -33.8939192], [151.2731098, -33.8940305], [151.2731114, -33.894037]]}}, {"type": "Feature", "properties": {"kind": "road", "highway": "primary", "name": "Campbell Parade", "osm_id": 1103549965}, "geometry": {"type": "LineString", "coordinates": [[151.2731887, -33.8951181], [151.2732248, -33.894989], [151.2732408, -33.8948812], [151.273241, -33.8947777], [151.2732271, -33.8946787], [151.2731416, -33.8943354], [151.2730933, -33.8941469], [151.2730863, -33.8941126], [151.2730988, -33.8940749], [151.2731114, -33.894037]]}}, {"type": "Feature", "properties": {"kind": "road", "highway": "primary", "name": "Campbell Parade", "osm_id": 1103549966}, "geometry": {"type": "LineString", "coordinates": [[151.2731114, -33.894037], [151.2731366, -33.8940681], [151.2731616, -33.8940991], [151.273273, -33.8945229], [151.2733097, -33.8946738], [151.2733272, -33.8947822], [151.2733225, -33.894884], [151.2733044, -33.8949964], [151.2732672, -33.8951313]]}}, {"type": "Feature", "properties": {"kind": "road", "highway": "tertiary", "name": "Sandridge Street", "osm_id": 1103549967}, "geometry": {"type": "LineString", "coordinates": [[151.2727156, -33.8958499], [151.2727205, -33.8958989], [151.2727397, -33.896009]]}}, {"type": "Feature", "properties": {"kind": "road", "highway": "primary", "name": "Bondi Road", "osm_id": 1103549970}, "geometry": {"type": "LineString", "coordinates": [[151.2723817, -33.8955732], [151.2724759, -33.8955593], [151.2725779, -33.895558], [151.2727052, -33.8955399]]}}, {"type": "Feature", "properties": {"kind": "road", "highway": "primary", "name": "Bondi Road", "osm_id": 1103549971}, "geometry": {"type": "LineString", "coordinates": [[151.2727209, -33.895605], [151.2725886, -33.8956212], [151.2724922, -33.8956247], [151.2723817, -33.8955732]]}}, {"type": "Feature", "properties": {"kind": "road", "highway": "primary", "name": "Bondi Road", "osm_id": 1103549972}, "geometry": {"type": "LineString", "coordinates": [[151.2712491, -33.895165], [151.2711467, -33.8951265], [151.2711211, -33.8951169], [151.2708919, -33.8950281], [151.2708351, -33.8950102], [151.2707737, -33.8949949], [151.2706731, -33.8949771], [151.2698407, -33.8948523], [151.2686664, -33.8946705], [151.2686351, -33.8946658], [151.2685431, -33.8946518]]}}, {"type": "Feature", "properties": {"kind": "road", "highway": "footway", "name": null, "osm_id": 1103549974}, "geometry": {"type": "LineString", "coordinates": [[151.2684341, -33.8947076], [151.2684482, -33.8946375], [151.2684597, -33.8945802]]}}, {"type": "Feature", "properties": {"kind": "road", "highway": "footway", "name": null, "osm_id": 1103549975}, "geometry": {"type": "LineString", "coordinates": [[151.2686504, -33.894586], [151.268561, -33.8945714], [151.2684893, -33.8945616]]}}, {"type": "Feature", "properties": {"kind": "road", "highway": "footway", "name": null, "osm_id": 1103549976}, "geometry": {"type": "LineString", "coordinates": [[151.2686504, -33.894586], [151.2686351, -33.8946658], [151.2686236, -33.8947296]]}}, {"type": "Feature", "properties": {"kind": "road", "highway": "footway", "name": null, "osm_id": 1103549977}, "geometry": {"type": "LineString", "coordinates": [[151.2685916, -33.8947507], [151.268527, -33.8947406], [151.2684549, -33.8947293]]}}, {"type": "Feature", "properties": {"kind": "road", "highway": "footway", "name": null, "osm_id": 1103549978}, "geometry": {"type": "LineString", "coordinates": [[151.2683649, -33.8947538], [151.2683806, -33.8947459], [151.268398, -33.8947371]]}}, {"type": "Feature", "properties": {"kind": "road", "highway": "footway", "name": null, "osm_id": 1103549981}, "geometry": {"type": "LineString", "coordinates": [[151.2684628, -33.8945642], [151.2684597, -33.8945802]]}}, {"type": "Feature", "properties": {"kind": "road", "highway": "footway", "name": null, "osm_id": 1103549982}, "geometry": {"type": "LineString", "coordinates": [[151.2687452, -33.8941446], [151.2686562, -33.8945504], [151.2686504, -33.894586], [151.2687176, -33.8946012], [151.2701441, -33.8948095], [151.2709133, -33.89492], [151.270964, -33.8949329], [151.2711996, -33.8950305], [151.2714786, -33.8951461], [151.2716515, -33.8952134]]}}, {"type": "Feature", "properties": {"kind": "road", "highway": "footway", "name": null, "osm_id": 1103549985}, "geometry": {"type": "LineString", "coordinates": [[151.2687, -33.8963228], [151.2684811, -33.8961405], [151.2684135, -33.8960591], [151.2684006, -33.8960193], [151.2683972, -33.8959873], [151.2683972, -33.8959632], [151.2684114, -33.8958611], [151.2685453, -33.8951474], [151.2685592, -33.8950522], [151.2686153, -33.8947543], [151.2686207, -33.8947449], [151.2692013, -33.8948345], [151.2697047, -33.8949068], [151.2697527, -33.8949167], [151.2697722, -33.8949194]]}}, {"type": "Feature", "properties": {"kind": "road", "highway": "footway", "name": null, "osm_id": 1103549986}, "geometry": {"type": "LineString", "coordinates": [[151.2685916, -33.8947507], [151.2686153, -33.8947543]]}}, {"type": "Feature", "properties": {"kind": "road", "highway": "footway", "name": null, "osm_id": 1103549987}, "geometry": {"type": "LineString", "coordinates": [[151.2686236, -33.8947296], [151.2686207, -33.8947449]]}}, {"type": "Feature", "properties": {"kind": "road", "highway": "footway", "name": null, "osm_id": 1103549988}, "geometry": {"type": "LineString", "coordinates": [[151.2684549, -33.8947293], [151.2684306, -33.8947258], [151.2684341, -33.8947076]]}}, {"type": "Feature", "properties": {"kind": "road", "highway": "footway", "name": null, "osm_id": 1103549989}, "geometry": {"type": "LineString", "coordinates": [[151.2684306, -33.8947258], [151.268398, -33.8947371]]}}, {"type": "Feature", "properties": {"kind": "road", "highway": "footway", "name": null, "osm_id": 1103549990}, "geometry": {"type": "LineString", "coordinates": [[151.2682857, -33.8947194], [151.2683078, -33.8947369], [151.2683341, -33.8947693], [151.2683719, -33.8948158], [151.2683817, -33.894842], [151.2683823, -33.8948691], [151.2683884, -33.8950056], [151.2683858, -33.8950341], [151.2683825, -33.8950674], [151.2682577, -33.8956958], [151.2681977, -33.8960228], [151.2681174, -33.89646], [151.2681024, -33.8964704], [151.2680674, -33.8964704], [151.2671119, -33.896324], [151.2670636, -33.8963166]]}}, {"type": "Feature", "properties": {"kind": "road", "highway": "footway", "name": null, "osm_id": 1103549991}, "geometry": {"type": "LineString", "coordinates": [[151.2683649, -33.8947538], [151.2683341, -33.8947693]]}}, {"type": "Feature", "properties": {"kind": "road", "highway": "footway", "name": null, "osm_id": 1103549992}, "geometry": {"type": "LineString", "coordinates": [[151.2609637, -33.8934028], [151.2609387, -33.8934123], [151.260841, -33.8934014], [151.2604196, -33.8933447], [151.2597904, -33.8932665], [151.2592645, -33.8931936], [151.2588275, -33.89313], [151.2587721, -33.8931272], [151.2587646, -33.8931201]]}}, {"type": "Feature", "properties": {"kind": "road", "highway": "footway", "name": null, "osm_id": 1103549994}, "geometry": {"type": "LineString", "coordinates": [[151.2587668, -33.8931468], [151.2587721, -33.8931272]]}}, {"type": "Feature", "properties": {"kind": "road", "highway": "primary", "name": "Bondi Road", "osm_id": 1103549996}, "geometry": {"type": "LineString", "coordinates": [[151.2557251, -33.8927962], [151.2556548, -33.8927911], [151.2555879, -33.8927888], [151.2554591, -33.8927864], [151.2554122, -33.892786]]}}, {"type": "Feature", "properties": {"kind": "road", "highway": "primary", "name": "Bondi Road", "osm_id": 1103549997}, "geometry": {"type": "LineString", "coordinates": [[151.2554122, -33.892786], [151.2553653, -33.8927884], [151.2553003, -33.8927955], [151.255255, -33.8928046], [151.2552052, -33.8928175]]}}, {"type": "Feature", "properties": {"kind": "road", "highway": "tertiary", "name": "Waverley Street", "osm_id": 1103550000}, "geometry": {"type": "LineString", "coordinates": [[151.2551245, -33.8928462], [151.2550616, -33.8928731], [151.2550359, -33.8928841], [151.2548379, -33.8929508]]}}, {"type": "Feature", "properties": {"kind": "road", "highway": "primary", "name": "Bondi Road", "osm_id": 1103550001}, "geometry": {"type": "LineString", "coordinates": [[151.2715514, -33.8952813], [151.2714592, -33.8952454], [151.2713591, -33.8952064], [151.2712491, -33.895165]]}}, {"type": "Feature", "properties": {"kind": "road", "highway": "primary", "name": "Bondi Road", "osm_id": 1103550002}, "geometry": {"type": "LineString", "coordinates": [[151.2551245, -33.8928462], [151.2551142, -33.8928218], [151.2550956, -33.8927713], [151.2550709, -33.8927207], [151.254995, -33.8926136], [151.2548992, -33.892502], [151.2548451, -33.8924156]]}}, {"type": "Feature", "properties": {"kind": "road", "highway": "primary", "name": "Bondi Road", "osm_id": 1103550004}, "geometry": {"type": "LineString", "coordinates": [[151.2563286, -33.8928719], [151.2557251, -33.8927962]]}}, {"type": "Feature", "properties": {"kind": "road", "highway": "primary", "name": "Bondi Road", "osm_id": 1103550005}, "geometry": {"type": "LineString", "coordinates": [[151.2597659, -33.8933303], [151.2587815, -33.8932019], [151.2587552, -33.8931981], [151.2586613, -33.8931827], [151.2585499, -33.8931672], [151.2581126, -33.8931093], [151.2580607, -33.8931029], [151.2569173, -33.89295], [151.2566024, -33.8929084], [151.2565029, -33.8928956], [151.2563873, -33.8928801], [151.2563286, -33.8928719]]}}, {"type": "Feature", "properties": {"kind": "road", "highway": "primary", "name": "Bondi Road", "osm_id": 1103550006}, "geometry": {"type": "LineString", "coordinates": [[151.2608094, -33.8934734], [151.2606941, -33.8934561], [151.2602251, -33.8933915], [151.2599943, -33.8933603], [151.2597659, -33.8933303]]}}, {"type": "Feature", "properties": {"kind": "road", "highway": "secondary", "name": "Bennett Street", "osm_id": 1103550007}, "geometry": {"type": "LineString", "coordinates": [[151.2608094, -33.8934734], [151.2607942, -33.893548], [151.2607889, -33.8935758], [151.260721, -33.8939006], [151.2607102, -33.8939572], [151.2605833, -33.8945699], [151.2604246, -33.8953444], [151.2602268, -33.8963042], [151.2601349, -33.8967668], [151.2600541, -33.8971282], [151.2600495, -33.8971481], [151.2600302, -33.8972328]]}}, {"type": "Feature", "properties": {"kind": "road", "highway": "secondary", "name": "Penkivil Street", "osm_id": 1103550008}, "geometry": {"type": "LineString", "coordinates": [[151.2610303, -33.8935039], [151.261049, -33.8934187], [151.2610538, -33.8933971], [151.2610828, -33.8932597]]}}, {"type": "Feature", "properties": {"kind": "road", "highway": "residential", "name": "Ocean Street North", "osm_id": 1103550009}, "geometry": {"type": "LineString", "coordinates": [[151.2625198, -33.893282], [151.2624449, -33.8936174], [151.2624479, -33.8936401], [151.2624598, -33.8937293]]}}, {"type": "Feature", "properties": {"kind": "road", "highway": "primary", "name": "Bondi Road", "osm_id": 1103550010}, "geometry": {"type": "LineString", "coordinates": [[151.2682353, -33.8946034], [151.2674548, -33.8944932], [151.2673555, -33.8944782], [151.2661931, -33.8943035], [151.2651436, -33.8941369], [151.2640246, -33.8939666]]}}, {"type": "Feature", "properties": {"kind": "road", "highway": "primary", "name": "Bondi Road", "osm_id": 1103550011}, "geometry": {"type": "LineString", "coordinates": [[151.2685431, -33.8946518], [151.2684482, -33.8946375], [151.2684158, -33.8946322], [151.2682353, -33.8946034]]}}, {"type": "Feature", "properties": {"kind": "road", "highway": "tertiary", "name": "Denham Street", "osm_id": 1103550012}, "geometry": {"type": "LineString", "coordinates": [[151.2684961, -33.8949045], [151.2685224, -33.8947649], [151.268527, -33.8947406], [151.2685431, -33.8946518]]}}, {"type": "Feature", "properties": {"kind": "road", "highway": "tertiary", "name": "Denham Street", "osm_id": 1103550013}, "geometry": {"type": "LineString", "coordinates": [[151.2684698, -33.8950466], [151.2684902, -33.8949365]]}}, {"type": "Feature", "properties": {"kind": "road", "highway": "residential", "name": "Edward Street", "osm_id": 1103550015}, "geometry": {"type": "LineString", "coordinates": [[151.2690798, -33.8931332], [151.2690892, -33.8931794], [151.2690997, -33.8931959], [151.2691144, -33.8932123], [151.2691525, -33.8932402]]}}, {"type": "Feature", "properties": {"kind": "road", "highway": "footway", "name": null, "osm_id": 1103550016}, "geometry": {"type": "LineString", "coordinates": [[151.2698149, -33.8930084], [151.2698315, -33.8930209], [151.2698847, -33.8930611], [151.2699107, -33.8930808]]}}, {"type": "Feature", "properties": {"kind": "road", "highway": "footway", "name": null, "osm_id": 1103550017}, "geometry": {"type": "LineString", "coordinates": [[151.2699107, -33.8930808], [151.2699727, -33.8931276]]}}, {"type": "Feature", "properties": {"kind": "road", "highway": "footway", "name": null, "osm_id": 1103550018}, "geometry": {"type": "LineString", "coordinates": [[151.2699329, -33.8931487], [151.2699967, -33.8931457], [151.2700279, -33.8931442], [151.2700794, -33.893177]]}}, {"type": "Feature", "properties": {"kind": "road", "highway": "footway", "name": null, "osm_id": 1103550019}, "geometry": {"type": "LineString", "coordinates": [[151.2699727, -33.8931276], [151.2699967, -33.8931457]]}}, {"type": "Feature", "properties": {"kind": "road", "highway": "footway", "name": null, "osm_id": 1103550020}, "geometry": {"type": "LineString", "coordinates": [[151.2696476, -33.893015], [151.269774, -33.8930111], [151.2697891, -33.8930089], [151.2697977, -33.893002], [151.2697981, -33.8929921], [151.2697927, -33.892985], [151.2697385, -33.8929539]]}}, {"type": "Feature", "properties": {"kind": "road", "highway": "footway", "name": null, "osm_id": 1103550021}, "geometry": {"type": "LineString", "coordinates": [[151.2698149, -33.8930084], [151.2697977, -33.893002]]}}, {"type": "Feature", "properties": {"kind": "road", "highway": "residential", "name": "Denham Street", "osm_id": 1103550022}, "geometry": {"type": "LineString", "coordinates": [[151.2685431, -33.8946518], [151.268561, -33.8945714], [151.2685634, -33.8945547], [151.2686203, -33.8942893]]}}, {"type": "Feature", "properties": {"kind": "road", "highway": "tertiary", "name": "Denham Street", "osm_id": 1103550023}, "geometry": {"type": "LineString", "coordinates": [[151.2684902, -33.8949365], [151.2684961, -33.8949045]]}}, {"type": "Feature", "properties": {"kind": "road", "highway": "tertiary", "name": "Campbell Parade", "osm_id": 1103550024}, "geometry": {"type": "LineString", "coordinates": [[151.2826887, -33.8899441], [151.2826237, -33.8899747], [151.282561, -33.8899997], [151.2825249, -33.8900125], [151.2824885, -33.8900197], [151.2824483, -33.8900237], [151.282419, -33.8900227], [151.2823808, -33.8900154], [151.2823585, -33.8900087], [151.2823312, -33.8899963], [151.2822914, -33.889973], [151.2821876, -33.8899034], [151.2821422, -33.8898725], [151.2821139, -33.8898532], [151.282064, -33.8898231], [151.2819953, -33.8897894], [151.2819347, -33.889767], [151.2818808, -33.8897516], [151.2818246, -33.8897408], [151.2817714, -33.8897343], [151.2817016, -33.8897297], [151.2816269, -33.8897319], [151.2815326, -33.8897413]]}}, {"type": "Feature", "properties": {"kind": "road", "highway": "tertiary", "name": "Campbell Parade", "osm_id": 1103550025}, "geometry": {"type": "LineString", "coordinates": [[151.2806655, -33.8898272], [151.2805837, -33.8898648]]}}, {"type": "Feature", "properties": {"kind": "road", "highway": "tertiary", "name": "Campbell Parade", "osm_id": 1103550026}, "geometry": {"type": "LineString", "coordinates": [[151.2805837, -33.8898648], [151.2804966, -33.8898709], [151.2803984, -33.8898695], [151.2803063, -33.8898619], [151.2801742, -33.8898362]]}}, {"type": "Feature", "properties": {"kind": "road", "highway": "tertiary", "name": "Campbell Parade", "osm_id": 1103550027}, "geometry": {"type": "LineString", "coordinates": [[151.2805835, -33.8898028], [151.2806655, -33.8898272]]}}, {"type": "Feature", "properties": {"kind": "road", "highway": "tertiary", "name": "Campbell Parade", "osm_id": 1103550028}, "geometry": {"type": "LineString", "coordinates": [[151.2826887, -33.8899441], [151.2827727, -33.8898702], [151.2829162, -33.8897687]]}}, {"type": "Feature", "properties": {"kind": "road", "highway": "tertiary", "name": "Campbell Parade", "osm_id": 1103550029}, "geometry": {"type": "LineString", "coordinates": [[151.2830156, -33.8898285], [151.2829097, -33.8898701], [151.282813, -33.8899195], [151.2826887, -33.8899441]]}}, {"type": "Feature", "properties": {"kind": "road", "highway": "tertiary", "name": "Campbell Parade", "osm_id": 1103550030}, "geometry": {"type": "LineString", "coordinates": [[151.2811899, -33.8897757], [151.281116, -33.8897824], [151.2809582, -33.8897966], [151.2808559, -33.889807], [151.2807385, -33.8898189], [151.2806655, -33.8898272]]}}, {"type": "Feature", "properties": {"kind": "road", "highway": "tertiary", "name": "Campbell Parade", "osm_id": 1103550031}, "geometry": {"type": "LineString", "coordinates": [[151.2815326, -33.8897413], [151.2812619, -33.8897685], [151.2811899, -33.8897757]]}}, {"type": "Feature", "properties": {"kind": "road", "highway": "primary", "name": "Council Street", "osm_id": 1103550056}, "geometry": {"type": "LineString", "coordinates": [[151.2551514, -33.8934465], [151.2551464, -33.893242]]}}, {"type": "Feature", "properties": {"kind": "road", "highway": "primary", "name": "Council Street", "osm_id": 1103550057}, "geometry": {"type": "LineString", "coordinates": [[151.2552052, -33.8928175], [151.2552179, -33.8928562], [151.2552315, -33.8929159], [151.255242, -33.8929542], [151.2552564, -33.893078], [151.2552478, -33.8932724]]}}, {"type": "Feature", "properties": {"kind": "road", "highway": "primary", "name": "Council Street", "osm_id": 1103550058}, "geometry": {"type": "LineString", "coordinates": [[151.2552478, -33.8932724], [151.2551514, -33.8934465]]}}, {"type": "Feature", "properties": {"kind": "road", "highway": "primary", "name": "Council Street", "osm_id": 1103550059}, "geometry": {"type": "LineString", "coordinates": [[151.2551464, -33.893242], [151.2551615, -33.8931284], [151.2551598, -33.8929879], [151.2551572, -33.8929555], [151.2551535, -33.8929346], [151.2551382, -33.8928798], [151.2551245, -33.8928462]]}}, {"type": "Feature", "properties": {"kind": "road", "highway": "footway", "name": null, "osm_id": 1103550069}, "geometry": {"type": "LineString", "coordinates": [[151.2538856, -33.9006548], [151.2537233, -33.9003648], [151.2537168, -33.9003526], [151.2537107, -33.9003343], [151.2537135, -33.9003231], [151.2537233, -33.9003166], [151.2537422, -33.9003136], [151.2537574, -33.9003149], [151.2538992, -33.9003341], [151.2545208, -33.9004186], [151.2554591, -33.9005572], [151.2559155, -33.900623], [151.2563855, -33.9006913]]}}, {"type": "Feature", "properties": {"kind": "road", "highway": "primary", "name": "Council Street", "osm_id": 1103550096}, "geometry": {"type": "LineString", "coordinates": [[151.2548823, -33.8944741], [151.2549424, -33.894295], [151.2550299, -33.8939426]]}}, {"type": "Feature", "properties": {"kind": "road", "highway": "primary", "name": "Council Street", "osm_id": 1103550098}, "geometry": {"type": "LineString", "coordinates": [[151.2550299, -33.8939426], [151.2551514, -33.8934465]]}}, {"type": "Feature", "properties": {"kind": "road", "highway": "footway", "name": null, "osm_id": 1103550100}, "geometry": {"type": "LineString", "coordinates": [[151.255352, -33.8931656], [151.2553222, -33.8932686], [151.2552165, -33.8936987], [151.2549593, -33.8947153], [151.2548472, -33.8950675], [151.254729, -33.8953916], [151.2546614, -33.8955791], [151.2545245, -33.8962504], [151.2544975, -33.8963901], [151.2544975, -33.89641], [151.2545011, -33.896415]]}}, {"type": "Feature", "properties": {"kind": "road", "highway": "footway", "name": null, "osm_id": 1103550107}, "geometry": {"type": "LineString", "coordinates": [[151.2537844, -33.8999884], [151.2540997, -33.8984754], [151.2541403, -33.8982807], [151.2542145, -33.897905], [151.2542537, -33.8977084], [151.2542696, -33.8976286], [151.2542776, -33.8975883], [151.2544189, -33.8969389], [151.2544546, -33.8967977], [151.2544659, -33.896768], [151.2544784, -33.8967399], [151.2544932, -33.8967154], [151.2545299, -33.8966867], [151.2545665, -33.896666], [151.2546298, -33.8966332], [151.2546793, -33.8966161], [151.2547317, -33.8966094], [151.2548094, -33.8966051], [151.2548692, -33.896612], [151.2557049, -33.8967301], [151.2557453, -33.8967356], [151.2564839, -33.8968369], [151.2568832, -33.8968882], [151.2576873, -33.8969916], [151.25773, -33.8970077]]}}, {"type": "Feature", "properties": {"kind": "road", "highway": "footway", "name": null, "osm_id": 1115149482}, "geometry": {"type": "LineString", "coordinates": [[151.2833976, -33.8930303], [151.2834039, -33.8930504]]}}, {"type": "Feature", "properties": {"kind": "road", "highway": "residential", "name": "Simpson Street", "osm_id": 1116183249}, "geometry": {"type": "LineString", "coordinates": [[151.2686611, -33.8848845], [151.2686563, -33.8849565], [151.2686581, -33.8849772], [151.2686594, -33.8849918], [151.2686708, -33.8850263], [151.2686849, -33.8850543]]}}, {"type": "Feature", "properties": {"kind": "road", "highway": "residential", "name": "Simpson Street", "osm_id": 1116183250}, "geometry": {"type": "LineString", "coordinates": [[151.2685114, -33.8850432], [151.2685709, -33.8849801], [151.2686611, -33.8848845]]}}, {"type": "Feature", "properties": {"kind": "road", "highway": "tertiary", "name": "Fletcher Street", "osm_id": 1116277578}, "geometry": {"type": "LineString", "coordinates": [[151.2690921, -33.8966139], [151.2689196, -33.8965594], [151.2688688, -33.8965366], [151.2688165, -33.896509], [151.2687668, -33.8964759], [151.2685126, -33.896262]]}}, {"type": "Feature", "properties": {"kind": "road", "highway": "residential", "name": "Fletcher Street", "osm_id": 1116277580}, "geometry": {"type": "LineString", "coordinates": [[151.27446, -33.8978109], [151.2744457, -33.897798], [151.2744042, -33.8977802]]}}, {"type": "Feature", "properties": {"kind": "road", "highway": "residential", "name": "Bronte Marine Drive", "osm_id": 1116277581}, "geometry": {"type": "LineString", "coordinates": [[151.2676911, -33.9024348], [151.2676321, -33.9023934], [151.2675902, -33.9023641]]}}, {"type": "Feature", "properties": {"kind": "road", "highway": "tertiary", "name": "Illawong Avenue", "osm_id": 1116279822}, "geometry": {"type": "LineString", "coordinates": [[151.2682184, -33.8964906], [151.2681775, -33.8965124], [151.2681432, -33.8965236], [151.2681042, -33.8965254]]}}, {"type": "Feature", "properties": {"kind": "road", "highway": "tertiary", "name": "Fletcher Street", "osm_id": 1116279824}, "geometry": {"type": "LineString", "coordinates": [[151.2693853, -33.8967958], [151.2693162, -33.896737], [151.2692793, -33.8967093], [151.2692391, -33.8966841], [151.2691751, -33.8966481], [151.2691079, -33.8966189], [151.2690921, -33.8966139]]}}, {"type": "Feature", "properties": {"kind": "road", "highway": "footway", "name": null, "osm_id": 1116279825}, "geometry": {"type": "LineString", "coordinates": [[151.2681526, -33.8965809], [151.2681924, -33.896577], [151.2683047, -33.8965422], [151.2690076, -33.8966483], [151.2692289, -33.8967549], [151.2693423, -33.8968373]]}}, {"type": "Feature", "properties": {"kind": "road", "highway": "primary", "name": "Council Street", "osm_id": 1116783461}, "geometry": {"type": "LineString", "coordinates": [[151.2551924, -33.8927886], [151.2552052, -33.8928175]]}}, {"type": "Feature", "properties": {"kind": "road", "highway": "primary", "name": "Bondi Road", "osm_id": 1116783462}, "geometry": {"type": "LineString", "coordinates": [[151.2552052, -33.8928175], [151.2551245, -33.8928462]]}}, {"type": "Feature", "properties": {"kind": "road", "highway": "footway", "name": null, "osm_id": 1126120492}, "geometry": {"type": "LineString", "coordinates": [[151.2689307, -33.8990584], [151.2689867, -33.8991078], [151.2690416, -33.8991592]]}}, {"type": "Feature", "properties": {"kind": "road", "highway": "footway", "name": null, "osm_id": 1136343256}, "geometry": {"type": "LineString", "coordinates": [[151.2760787, -33.8988749], [151.2760627, -33.8988708]]}}, {"type": "Feature", "properties": {"kind": "road", "highway": "footway", "name": null, "osm_id": 1138186844}, "geometry": {"type": "LineString", "coordinates": [[151.2589908, -33.8958243], [151.2591044, -33.8952721], [151.258254, -33.8951517], [151.2580755, -33.8960293], [151.2580543, -33.8960646], [151.2580139, -33.896245], [151.2588754, -33.8963695], [151.2589908, -33.8958243]]}}, {"type": "Feature", "properties": {"kind": "road", "highway": "footway", "name": null, "osm_id": 1138186845}, "geometry": {"type": "LineString", "coordinates": [[151.2580139, -33.896245], [151.2578868, -33.8962261]]}}, {"type": "Feature", "properties": {"kind": "road", "highway": "residential", "name": "Tamarama Marine Drive", "osm_id": 1150364361}, "geometry": {"type": "LineString", "coordinates": [[151.2700021, -33.901096], [151.2700225, -33.901629], [151.2700201, -33.9016641], [151.2700152, -33.901695], [151.2700078, -33.9017254], [151.2699949, -33.9017551], [151.2699886, -33.9017698], [151.2699734, -33.9018125]]}}, {"type": "Feature", "properties": {"kind": "road", "highway": "footway", "name": null, "osm_id": 1157715177}, "geometry": {"type": "LineString", "coordinates": [[151.2672206, -33.904485], [151.2669818, -33.9044688], [151.2669463, -33.9044585]]}}, {"type": "Feature", "properties": {"kind": "road", "highway": "footway", "name": null, "osm_id": 1157724458}, "geometry": {"type": "LineString", "coordinates": [[151.2684142, -33.9047034], [151.2684481, -33.9046814]]}}, {"type": "Feature", "properties": {"kind": "road", "highway": "footway", "name": null, "osm_id": 1158181386}, "geometry": {"type": "LineString", "coordinates": [[151.2745011, -33.8972283], [151.274523, -33.8972286]]}}, {"type": "Feature", "properties": {"kind": "road", "highway": "footway", "name": null, "osm_id": 1158232207}, "geometry": {"type": "LineString", "coordinates": [[151.2692449, -33.8999872], [151.2691981, -33.8999152], [151.2691591, -33.8998361], [151.2691106, -33.8996889], [151.2690401, -33.8996045]]}}, {"type": "Feature", "properties": {"kind": "road", "highway": "footway", "name": "Eastern Beaches Coastal Walk", "osm_id": 1158235008}, "geometry": {"type": "LineString", "coordinates": [[151.2716866, -33.8994585], [151.2716931, -33.8994956], [151.271722, -33.8995255], [151.2718196, -33.8995737], [151.2718644, -33.8996188], [151.2718768, -33.8996839], [151.2718409, -33.8998988], [151.2716733, -33.90004], [151.2716291, -33.9000702]]}}, {"type": "Feature", "properties": {"kind": "road", "highway": "footway", "name": null, "osm_id": 1184560170}, "geometry": {"type": "LineString", "coordinates": [[151.2554928, -33.8869415], [151.2555468, -33.8869428]]}}, {"type": "Feature", "properties": {"kind": "road", "highway": "footway", "name": null, "osm_id": 1184560173}, "geometry": {"type": "LineString", "coordinates": [[151.2575754, -33.8870917], [151.2580241, -33.8874101]]}}, {"type": "Feature", "properties": {"kind": "road", "highway": "footway", "name": "Rosewood Walk", "osm_id": 1184560177}, "geometry": {"type": "LineString", "coordinates": [[151.2563314, -33.8868976], [151.256331, -33.886934], [151.2562258, -33.8869339], [151.2561862, -33.8869177], [151.256156, -33.886915], [151.2561254, -33.8869373]]}}, {"type": "Feature", "properties": {"kind": "road", "highway": "footway", "name": "Rosewood Walk", "osm_id": 1184560182}, "geometry": {"type": "LineString", "coordinates": [[151.2560893, -33.8869442], [151.2560454, -33.8869218], [151.2560286, -33.8869203], [151.2560071, -33.8869188]]}}, {"type": "Feature", "properties": {"kind": "road", "highway": "footway", "name": null, "osm_id": 1184560528}, "geometry": {"type": "LineString", "coordinates": [[151.2584041, -33.88697], [151.2583768, -33.8869156]]}}, {"type": "Feature", "properties": {"kind": "road", "highway": "footway", "name": null, "osm_id": 1186297398}, "geometry": {"type": "LineString", "coordinates": [[151.2688119, -33.8849807], [151.269835, -33.8850351]]}}, {"type": "Feature", "properties": {"kind": "road", "highway": "footway", "name": null, "osm_id": 1186297399}, "geometry": {"type": "LineString", "coordinates": [[151.2703123, -33.8850665], [151.2704312, -33.885076], [151.2705882, -33.8850885]]}}, {"type": "Feature", "properties": {"kind": "road", "highway": "footway", "name": null, "osm_id": 1186297400}, "geometry": {"type": "LineString", "coordinates": [[151.2705882, -33.8850885], [151.2706259, -33.8850805]]}}, {"type": "Feature", "properties": {"kind": "road", "highway": "footway", "name": null, "osm_id": 1186297401}, "geometry": {"type": "LineString", "coordinates": [[151.269972, -33.8850427], [151.2703123, -33.8850665]]}}, {"type": "Feature", "properties": {"kind": "road", "highway": "footway", "name": null, "osm_id": 1186297402}, "geometry": {"type": "LineString", "coordinates": [[151.269835, -33.8850351], [151.2699106, -33.8850393], [151.269972, -33.8850427]]}}, {"type": "Feature", "properties": {"kind": "road", "highway": "footway", "name": null, "osm_id": 1186297403}, "geometry": {"type": "LineString", "coordinates": [[151.268194, -33.88484], [151.268411, -33.8849828]]}}, {"type": "Feature", "properties": {"kind": "road", "highway": "footway", "name": null, "osm_id": 1186297404}, "geometry": {"type": "LineString", "coordinates": [[151.2684916, -33.8849828], [151.2685709, -33.8849801], [151.2685871, -33.8849796], [151.2686581, -33.8849772], [151.2687114, -33.8849754]]}}, {"type": "Feature", "properties": {"kind": "road", "highway": "footway", "name": null, "osm_id": 1186298960}, "geometry": {"type": "LineString", "coordinates": [[151.268411, -33.8849828], [151.2684916, -33.8849828]]}}, {"type": "Feature", "properties": {"kind": "road", "highway": "footway", "name": null, "osm_id": 1186298961}, "geometry": {"type": "LineString", "coordinates": [[151.2687114, -33.8849754], [151.2688119, -33.8849807]]}}, {"type": "Feature", "properties": {"kind": "road", "highway": "footway", "name": null, "osm_id": 1186298964}, "geometry": {"type": "LineString", "coordinates": [[151.2687665, -33.8850596], [151.2687566, -33.8850778], [151.2688091, -33.8852201], [151.2688176, -33.885232], [151.2688476, -33.8852742]]}}, {"type": "Feature", "properties": {"kind": "road", "highway": "footway", "name": null, "osm_id": 1186298965}, "geometry": {"type": "LineString", "coordinates": [[151.2693188, -33.8855262], [151.2692967, -33.8855496], [151.2692841, -33.8855629], [151.2692322, -33.8855286]]}}, {"type": "Feature", "properties": {"kind": "road", "highway": "footway", "name": null, "osm_id": 1186298966}, "geometry": {"type": "LineString", "coordinates": [[151.2694689, -33.8856752], [151.2694346, -33.8856525], [151.2694637, -33.8856216]]}}, {"type": "Feature", "properties": {"kind": "road", "highway": "footway", "name": "Cadigal Track", "osm_id": 1186361648}, "geometry": {"type": "LineString", "coordinates": [[151.2550413, -33.8866748], [151.2549311, -33.8866848]]}}, {"type": "Feature", "properties": {"kind": "road", "highway": "footway", "name": null, "osm_id": 1188558228}, "geometry": {"type": "LineString", "coordinates": [[151.2628305, -33.9018516], [151.2628564, -33.9019338], [151.2630011, -33.901985], [151.2630938, -33.9019752], [151.263136, -33.9019257], [151.2632372, -33.9018607], [151.2633503, -33.9018278], [151.2634343, -33.9017626]]}}, {"type": "Feature", "properties": {"kind": "road", "highway": "footway", "name": null, "osm_id": 1188558229}, "geometry": {"type": "LineString", "coordinates": [[151.262646, -33.9012338], [151.2626633, -33.9012709]]}}, {"type": "Feature", "properties": {"kind": "road", "highway": "footway", "name": null, "osm_id": 1188558233}, "geometry": {"type": "LineString", "coordinates": [[151.2626677, -33.9012861], [151.2627954, -33.9017474]]}}, {"type": "Feature", "properties": {"kind": "road", "highway": "tertiary", "name": "Victoria Road", "osm_id": 1188608255}, "geometry": {"type": "LineString", "coordinates": [[151.2594696, -33.8857485], [151.2595061, -33.8854621], [151.2595075, -33.8854514]]}}, {"type": "Feature", "properties": {"kind": "road", "highway": "tertiary", "name": "Victoria Road", "osm_id": 1188608256}, "geometry": {"type": "LineString", "coordinates": [[151.2594583, -33.8859814], [151.2594545, -33.8859595], [151.2594512, -33.885937], [151.2594506, -33.8859135], [151.2594529, -33.8858876], [151.2594599, -33.8858338], [151.2594696, -33.8857485]]}}, {"type": "Feature", "properties": {"kind": "road", "highway": "tertiary", "name": "Victoria Road", "osm_id": 1188608258}, "geometry": {"type": "LineString", "coordinates": [[151.2595142, -33.8860701], [151.2594969, -33.8860452], [151.2594872, -33.8860307], [151.2594774, -33.8860161], [151.2594583, -33.8859814]]}}, {"type": "Feature", "properties": {"kind": "road", "highway": "tertiary", "name": "Birriga Road", "osm_id": 1188608259}, "geometry": {"type": "LineString", "coordinates": [[151.2595142, -33.8860701], [151.2595469, -33.8860625]]}}, {"type": "Feature", "properties": {"kind": "road", "highway": "tertiary", "name": "Birriga Road", "osm_id": 1188608260}, "geometry": {"type": "LineString", "coordinates": [[151.259543, -33.8861138], [151.2595181, -33.8861229]]}}, {"type": "Feature", "properties": {"kind": "road", "highway": "footway", "name": null, "osm_id": 1191935369}, "geometry": {"type": "LineString", "coordinates": [[151.2552805, -33.887359], [151.255092, -33.8873666], [151.2549395, -33.8873865], [151.2547971, -33.8873911], [151.2547053, -33.8873871], [151.2544549, -33.887319], [151.2541644, -33.8872933], [151.2540587, -33.8872902], [151.2539457, -33.8872996]]}}, {"type": "Feature", "properties": {"kind": "road", "highway": "footway", "name": "Cooper Creek Path", "osm_id": 1193643981}, "geometry": {"type": "LineString", "coordinates": [[151.2560349, -33.8874478], [151.2558796, -33.887428], [151.2556917, -33.887419]]}}, {"type": "Feature", "properties": {"kind": "road", "highway": "footway", "name": null, "osm_id": 1193644755}, "geometry": {"type": "LineString", "coordinates": [[151.2553485, -33.8878313], [151.2553246, -33.8878149], [151.255204, -33.887732], [151.2550845, -33.8876504]]}}, {"type": "Feature", "properties": {"kind": "road", "highway": "footway", "name": null, "osm_id": 1210478766}, "geometry": {"type": "LineString", "coordinates": [[151.258072, -33.8874241], [151.2580241, -33.8874101]]}}, {"type": "Feature", "properties": {"kind": "road", "highway": "footway", "name": null, "osm_id": 1210490360}, "geometry": {"type": "LineString", "coordinates": [[151.2744455, -33.8980477], [151.2745632, -33.8979991], [151.2745478, -33.8979788], [151.2745648, -33.8978551], [151.274584, -33.8978383], [151.2745201, -33.8977822]]}}, {"type": "Feature", "properties": {"kind": "road", "highway": "footway", "name": null, "osm_id": 1211968081}, "geometry": {"type": "LineString", "coordinates": [[151.2600707, -33.9019893], [151.2600967, -33.9019051], [151.2601063, -33.9018738]]}}, {"type": "Feature", "properties": {"kind": "road", "highway": "footway", "name": null, "osm_id": 1211968238}, "geometry": {"type": "LineString", "coordinates": [[151.2637714, -33.8907275], [151.2637676, -33.890674], [151.2638179, -33.8904292], [151.2638773, -33.89014]]}}, {"type": "Feature", "properties": {"kind": "road", "highway": "footway", "name": null, "osm_id": 1211968451}, "geometry": {"type": "LineString", "coordinates": [[151.2667657, -33.9028924], [151.2667586, -33.9027931], [151.266757, -33.9026679], [151.2667635, -33.9026436], [151.2667808, -33.9025796], [151.2668602, -33.9024016], [151.2668713, -33.9023463], [151.2668523, -33.9023093]]}}, {"type": "Feature", "properties": {"kind": "road", "highway": "footway", "name": null, "osm_id": 1211968645}, "geometry": {"type": "LineString", "coordinates": [[151.2674568, -33.901396], [151.2675313, -33.901407], [151.2675583, -33.9014187], [151.2676354, -33.9014296], [151.2677454, -33.9013984], [151.2682467, -33.9014554], [151.2682739, -33.9014531], [151.2684141, -33.9014133], [151.2684348, -33.9014], [151.2685504, -33.9013149], [151.2685627, -33.9012946], [151.26862, -33.9011611], [151.26862, -33.9011385], [151.2686087, -33.9010729], [151.2686087, -33.9010495], [151.2686153, -33.9010253], [151.268637, -33.9009199], [151.2686689, -33.9008856], [151.2687442, -33.9006335], [151.2687498, -33.900596], [151.2687432, -33.9005718], [151.2687216, -33.9005492], [151.2686943, -33.9005335], [151.2679025, -33.900155], [151.2678677, -33.900144], [151.2678338, -33.9001401], [151.2677877, -33.9001456], [151.2677416, -33.9001643], [151.2677181, -33.900187], [151.2677031, -33.9002174], [151.2675966, -33.9007127], [151.2675242, -33.9010496]]}}, {"type": "Feature", "properties": {"kind": "road", "highway": "footway", "name": null, "osm_id": 1211968675}, "geometry": {"type": "LineString", "coordinates": [[151.2668419, -33.8916311], [151.2667901, -33.891686]]}}, {"type": "Feature", "properties": {"kind": "road", "highway": "footway", "name": null, "osm_id": 1211979543}, "geometry": {"type": "LineString", "coordinates": [[151.2752689, -33.8990007], [151.2753215, -33.8990915]]}}, {"type": "Feature", "properties": {"kind": "road", "highway": "footway", "name": null, "osm_id": 1214022017}, "geometry": {"type": "LineString", "coordinates": [[151.2588789, -33.8868994], [151.2590247, -33.8866351], [151.2590287, -33.8866279], [151.259068, -33.8865567], [151.2592892, -33.886166], [151.2593453, -33.8860516], [151.2593576, -33.8859725], [151.2593685, -33.8859032], [151.2593885, -33.8857251], [151.2594129, -33.8855083], [151.2594202, -33.8854519], [151.2594857, -33.8849415], [151.2594927, -33.8848544], [151.2594851, -33.8847765], [151.2594625, -33.8846578], [151.2594427, -33.8844747], [151.2593977, -33.884223], [151.259367, -33.8841418], [151.259331, -33.8840771], [151.2593222, -33.8840612]]}}, {"type": "Feature", "properties": {"kind": "road", "highway": "footway", "name": "Victoria Road", "osm_id": 1214022018}, "geometry": {"type": "LineString", "coordinates": [[151.2593222, -33.8840612], [151.2591544, -33.8838362], [151.2590781, -33.8837298], [151.2589014, -33.8835432], [151.2587207, -33.8833844], [151.258654, -33.8833613], [151.2584303, -33.8832854], [151.2583876, -33.883257], [151.2582507, -33.8831065], [151.2581638, -33.8829391], [151.2581597, -33.8829312], [151.2581389, -33.8828549], [151.2581481, -33.8826613], [151.2581792, -33.8824838], [151.2581839, -33.8824404], [151.2581703, -33.8823993], [151.2581429, -33.8823546], [151.2581147, -33.8823461]]}}, {"type": "Feature", "properties": {"kind": "road", "highway": "footway", "name": null, "osm_id": 1214237981}, "geometry": {"type": "LineString", "coordinates": [[151.255766, -33.8872776], [151.2558156, -33.8872921]]}}, {"type": "Feature", "properties": {"kind": "road", "highway": "footway", "name": null, "osm_id": 1214241240}, "geometry": {"type": "LineString", "coordinates": [[151.2553809, -33.8878481], [151.2552937, -33.8879104]]}}, {"type": "Feature", "properties": {"kind": "road", "highway": "footway", "name": "Riddell Street", "osm_id": 1214243889}, "geometry": {"type": "LineString", "coordinates": [[151.2591026, -33.8842529], [151.259331, -33.8840771]]}}, {"type": "Feature", "properties": {"kind": "road", "highway": "footway", "name": "Riddell Street", "osm_id": 1214243891}, "geometry": {"type": "LineString", "coordinates": [[151.2589696, -33.8843553], [151.2590511, -33.8842926]]}}, {"type": "Feature", "properties": {"kind": "road", "highway": "footway", "name": null, "osm_id": 1215888862}, "geometry": {"type": "LineString", "coordinates": [[151.262548, -33.898126], [151.2624674, -33.8984886]]}}, {"type": "Feature", "properties": {"kind": "road", "highway": "footway", "name": null, "osm_id": 1216448795}, "geometry": {"type": "LineString", "coordinates": [[151.2524061, -33.8894359], [151.2525374, -33.889458], [151.2526354, -33.8894658], [151.2533444, -33.8894125], [151.2541285, -33.8893525], [151.2546565, -33.8893361], [151.255567, -33.8893157], [151.255677, -33.8893127], [151.2558912, -33.8893181]]}}, {"type": "Feature", "properties": {"kind": "road", "highway": "footway", "name": null, "osm_id": 1220885406}, "geometry": {"type": "LineString", "coordinates": [[151.2586011, -33.893096], [151.2585808, -33.8930934], [151.2583205, -33.89306], [151.2580755, -33.893026], [151.2579521, -33.8930088], [151.257025, -33.8928871], [151.2565199, -33.892822]]}}, {"type": "Feature", "properties": {"kind": "road", "highway": "footway", "name": null, "osm_id": 1220885407}, "geometry": {"type": "LineString", "coordinates": [[151.2590192, -33.8933176], [151.2590932, -33.8934849], [151.259151, -33.8935499], [151.2592426, -33.893578], [151.2593931, -33.8935882], [151.2596453, -33.8933981]]}}, {"type": "Feature", "properties": {"kind": "road", "highway": "footway", "name": null, "osm_id": 1220885408}, "geometry": {"type": "LineString", "coordinates": [[151.2596453, -33.8933981], [151.2597258, -33.8934088], [151.2597982, -33.8934185]]}}, {"type": "Feature", "properties": {"kind": "road", "highway": "footway", "name": null, "osm_id": 1220907664}, "geometry": {"type": "LineString", "coordinates": [[151.2596453, -33.8933981], [151.2590192, -33.8933176], [151.2587372, -33.8932813], [151.2583122, -33.8932115], [151.2580749, -33.8931787], [151.2568734, -33.8930232], [151.2565702, -33.8929839], [151.2564883, -33.8929725]]}}, {"type": "Feature", "properties": {"kind": "road", "highway": "footway", "name": null, "osm_id": 1220907665}, "geometry": {"type": "LineString", "coordinates": [[151.2562406, -33.8929404], [151.2563137, -33.8929501]]}}, {"type": "Feature", "properties": {"kind": "road", "highway": "footway", "name": null, "osm_id": 1220951778}, "geometry": {"type": "LineString", "coordinates": [[151.2562406, -33.8929404], [151.2554378, -33.8928375]]}}, {"type": "Feature", "properties": {"kind": "road", "highway": "footway", "name": null, "osm_id": 1220951779}, "geometry": {"type": "LineString", "coordinates": [[151.2554378, -33.8928375], [151.2553986, -33.8928516], [151.255379, -33.8928712], [151.2553701, -33.8928967]]}}, {"type": "Feature", "properties": {"kind": "road", "highway": "footway", "name": null, "osm_id": 1220951780}, "geometry": {"type": "LineString", "coordinates": [[151.2552983, -33.8926652], [151.255308, -33.8926533]]}}, {"type": "Feature", "properties": {"kind": "road", "highway": "footway", "name": null, "osm_id": 1220951781}, "geometry": {"type": "LineString", "coordinates": [[151.2585808, -33.8930934], [151.2587457, -33.8923452], [151.2587787, -33.8921866], [151.2588907, -33.8916498], [151.2589446, -33.8913872], [151.2589774, -33.8912279], [151.2589985, -33.8911252], [151.2591783, -33.8903026], [151.2592239, -33.8900939], [151.2592652, -33.8899032], [151.2593479, -33.8895216], [151.2593391, -33.8894812]]}}, {"type": "Feature", "properties": {"kind": "road", "highway": "footway", "name": null, "osm_id": 1220951782}, "geometry": {"type": "LineString", "coordinates": [[151.2595438, -33.8894286], [151.2596078, -33.8893833], [151.2597928, -33.8892415]]}}, {"type": "Feature", "properties": {"kind": "road", "highway": "footway", "name": null, "osm_id": 1220951783}, "geometry": {"type": "LineString", "coordinates": [[151.2587646, -33.8931201], [151.2587828, -33.8930389], [151.2588278, -33.8928238], [151.2591157, -33.8914837], [151.2591306, -33.8914131], [151.2593361, -33.8904353], [151.2593975, -33.8901578], [151.2594277, -33.8900212], [151.2595223, -33.8895219], [151.2595281, -33.8894966], [151.2595438, -33.8894286]]}}, {"type": "Feature", "properties": {"kind": "road", "highway": "footway", "name": null, "osm_id": 1220951784}, "geometry": {"type": "LineString", "coordinates": [[151.2589446, -33.8913872], [151.259039, -33.8914003], [151.2591306, -33.8914131]]}}, {"type": "Feature", "properties": {"kind": "road", "highway": "footway", "name": null, "osm_id": 1220951785}, "geometry": {"type": "LineString", "coordinates": [[151.2607048, -33.8935352], [151.2607942, -33.893548], [151.2608839, -33.8935607]]}}, {"type": "Feature", "properties": {"kind": "road", "highway": "footway", "name": null, "osm_id": 1220951786}, "geometry": {"type": "LineString", "coordinates": [[151.2609637, -33.8934028], [151.261049, -33.8934187], [151.2611406, -33.8934358]]}}, {"type": "Feature", "properties": {"kind": "road", "highway": "footway", "name": null, "osm_id": 1220951787}, "geometry": {"type": "LineString", "coordinates": [[151.2611426, -33.8934512], [151.2611279, -33.8935181], [151.2611109, -33.8935954]]}}, {"type": "Feature", "properties": {"kind": "road", "highway": "footway", "name": null, "osm_id": 1220951788}, "geometry": {"type": "LineString", "coordinates": [[151.2608839, -33.8935607], [151.2608912, -33.8935618], [151.2611109, -33.8935954], [151.2614736, -33.8936485], [151.2621785, -33.8937562], [151.2623449, -33.8937827], [151.2623811, -33.8937905], [151.2623941, -33.893803]]}}, {"type": "Feature", "properties": {"kind": "road", "highway": "footway", "name": null, "osm_id": 1220955701}, "geometry": {"type": "LineString", "coordinates": [[151.2532766, -33.8911671], [151.2533655, -33.8912127], [151.2533888, -33.8912336], [151.2537372, -33.8915457], [151.2541421, -33.8919124], [151.2542788, -33.8920303], [151.2544253, -33.8921566], [151.2545295, -33.8922465], [151.2548734, -33.8925549], [151.2549378, -33.8926183], [151.255006, -33.8927326], [151.2550241, -33.8927971]]}}, {"type": "Feature", "properties": {"kind": "road", "highway": "footway", "name": null, "osm_id": 1220955704}, "geometry": {"type": "LineString", "coordinates": [[151.2550241, -33.8927971], [151.2548735, -33.8928571], [151.2547703, -33.8928868], [151.2546376, -33.8928997], [151.2544486, -33.8928914], [151.2529923, -33.8926499], [151.2521375, -33.8925657], [151.2520469, -33.8925513]]}}, {"type": "Feature", "properties": {"kind": "road", "highway": "footway", "name": null, "osm_id": 1220955709}, "geometry": {"type": "LineString", "coordinates": [[151.254336, -33.8930597], [151.2543841, -33.8930831], [151.2544455, -33.8930935], [151.2550869, -33.8931813]]}}, {"type": "Feature", "properties": {"kind": "road", "highway": "footway", "name": null, "osm_id": 1220955710}, "geometry": {"type": "LineString", "coordinates": [[151.2550869, -33.8931813], [151.2550781, -33.8931111], [151.255045, -33.8930549], [151.2550181, -33.8930124]]}}, {"type": "Feature", "properties": {"kind": "road", "highway": "footway", "name": null, "osm_id": 1220955711}, "geometry": {"type": "LineString", "coordinates": [[151.2550869, -33.8931813], [151.2546326, -33.894975]]}}, {"type": "Feature", "properties": {"kind": "road", "highway": "footway", "name": null, "osm_id": 1220955713}, "geometry": {"type": "LineString", "coordinates": [[151.2545011, -33.896415], [151.2545369, -33.8964189], [151.2546317, -33.8964287], [151.2550269, -33.8964786], [151.2555582, -33.8965561], [151.2557775, -33.8965868], [151.2559974, -33.8966176]]}}, {"type": "Feature", "properties": {"kind": "road", "highway": "footway", "name": null, "osm_id": 1220955714}, "geometry": {"type": "LineString", "coordinates": [[151.2597982, -33.8934185], [151.2599188, -33.8934265], [151.2607048, -33.8935352]]}}, {"type": "Feature", "properties": {"kind": "road", "highway": "footway", "name": null, "osm_id": 1220955715}, "geometry": {"type": "LineString", "coordinates": [[151.2607048, -33.8935352], [151.2606716, -33.8936535], [151.2606241, -33.8938879], [151.2603932, -33.8950275], [151.260069, -33.896577], [151.2599532, -33.8971344]]}}, {"type": "Feature", "properties": {"kind": "road", "highway": "footway", "name": null, "osm_id": 1220955716}, "geometry": {"type": "LineString", "coordinates": [[151.2611592, -33.8975016], [151.2611832, -33.8975056], [151.2612524, -33.8975172], [151.2621417, -33.8976653], [151.2628407, -33.8977878], [151.2635347, -33.8979042]]}}, {"type": "Feature", "properties": {"kind": "road", "highway": "footway", "name": null, "osm_id": 1220955717}, "geometry": {"type": "LineString", "coordinates": [[151.2666825, -33.8985], [151.2666982, -33.8984465], [151.2666984, -33.8984335], [151.2666988, -33.8984039], [151.2666919, -33.8983561], [151.266675, -33.8983234], [151.2666494, -33.8982979], [151.2666143, -33.8982735], [151.2665844, -33.8982555]]}}, {"type": "Feature", "properties": {"kind": "road", "highway": "footway", "name": null, "osm_id": 1220955718}, "geometry": {"type": "LineString", "coordinates": [[151.2665844, -33.8982555], [151.2668647, -33.8982969]]}}, {"type": "Feature", "properties": {"kind": "road", "highway": "footway", "name": null, "osm_id": 1220955719}, "geometry": {"type": "LineString", "coordinates": [[151.2666984, -33.8984335], [151.2668055, -33.8984533]]}}, {"type": "Feature", "properties": {"kind": "road", "highway": "footway", "name": null, "osm_id": 1220955720}, "geometry": {"type": "LineString", "coordinates": [[151.2665844, -33.8982555], [151.2660811, -33.8981748]]}}, {"type": "Feature", "properties": {"kind": "road", "highway": "footway", "name": null, "osm_id": 1220955721}, "geometry": {"type": "LineString", "coordinates": [[151.2660811, -33.8943649], [151.2660258, -33.8946601], [151.2659269, -33.8951882], [151.2657509, -33.8961492], [151.2663314, -33.89624], [151.2663593, -33.8962721], [151.266296, -33.8965909]]}}, {"type": "Feature", "properties": {"kind": "road", "highway": "footway", "name": null, "osm_id": 1220955722}, "geometry": {"type": "LineString", "coordinates": [[151.2659116, -33.89814], [151.2650903, -33.8980102]]}}, {"type": "Feature", "properties": {"kind": "road", "highway": "footway", "name": null, "osm_id": 1220955723}, "geometry": {"type": "LineString", "coordinates": [[151.2601422, -33.8971614], [151.260123, -33.8972457], [151.2601066, -33.897322]]}}, {"type": "Feature", "properties": {"kind": "road", "highway": "footway", "name": null, "osm_id": 1220955724}, "geometry": {"type": "LineString", "coordinates": [[151.2599532, -33.8971344], [151.2600495, -33.8971481], [151.2601422, -33.8971614]]}}, {"type": "Feature", "properties": {"kind": "road", "highway": "footway", "name": null, "osm_id": 1220957062}, "geometry": {"type": "LineString", "coordinates": [[151.2655175, -33.8982393], [151.2654906, -33.8982348], [151.265391, -33.898218], [151.2641933, -33.8980141], [151.2638607, -33.8979602], [151.2636785, -33.8979307]]}}, {"type": "Feature", "properties": {"kind": "road", "highway": "footway", "name": null, "osm_id": 1220957063}, "geometry": {"type": "LineString", "coordinates": [[151.2638574, -33.8977908], [151.2638587, -33.8978801], [151.2638607, -33.8979602]]}}, {"type": "Feature", "properties": {"kind": "road", "highway": "footway", "name": null, "osm_id": 1220957064}, "geometry": {"type": "LineString", "coordinates": [[151.2635436, -33.8979267], [151.2636055, -33.8979348], [151.2636725, -33.8979464]]}}, {"type": "Feature", "properties": {"kind": "road", "highway": "footway", "name": null, "osm_id": 1220957065}, "geometry": {"type": "LineString", "coordinates": [[151.2636785, -33.8979307], [151.2636725, -33.8979464], [151.2636612, -33.8979919], [151.2636044, -33.8982121], [151.2635686, -33.898288], [151.2635291, -33.8983499], [151.2634621, -33.8984301], [151.2634002, -33.8985017], [151.2633612, -33.8985659], [151.2633372, -33.8986361], [151.2633324, -33.89865], [151.2633352, -33.8986701], [151.2633522, -33.8986965]]}}, {"type": "Feature", "properties": {"kind": "road", "highway": "footway", "name": null, "osm_id": 1220957066}, "geometry": {"type": "LineString", "coordinates": [[151.2631936, -33.8986126], [151.2632609, -33.8986226], [151.2633372, -33.8986361]]}}, {"type": "Feature", "properties": {"kind": "road", "highway": "footway", "name": null, "osm_id": 1220957067}, "geometry": {"type": "LineString", "coordinates": [[151.2631936, -33.8986126], [151.2632256, -33.8985394], [151.2632843, -33.8984402], [151.2633371, -33.8983695], [151.2633979, -33.8982975], [151.2634337, -33.898255], [151.2634661, -33.8981984], [151.2634992, -33.8981189], [151.2635436, -33.8979267], [151.2635347, -33.8979042]]}}, {"type": "Feature", "properties": {"kind": "road", "highway": "footway", "name": null, "osm_id": 1220957068}, "geometry": {"type": "LineString", "coordinates": [[151.2601422, -33.8971614], [151.2601635, -33.8970989], [151.2602279, -33.8967831], [151.260283, -33.8965128], [151.2603228, -33.8963203], [151.2603693, -33.8960949], [151.2604671, -33.8956218], [151.2605684, -33.8951198], [151.2606803, -33.8945819], [151.2607163, -33.8944087], [151.2608066, -33.8939713], [151.2608912, -33.8935618]]}}, {"type": "Feature", "properties": {"kind": "road", "highway": "footway", "name": null, "osm_id": 1220957069}, "geometry": {"type": "LineString", "coordinates": [[151.2623941, -33.893803], [151.262476, -33.8938151], [151.2625734, -33.8938295]]}}, {"type": "Feature", "properties": {"kind": "road", "highway": "footway", "name": null, "osm_id": 1220957070}, "geometry": {"type": "LineString", "coordinates": [[151.2625556, -33.8936675], [151.2625767, -33.8937473], [151.2625962, -33.8938213]]}}, {"type": "Feature", "properties": {"kind": "road", "highway": "footway", "name": null, "osm_id": 1220957071}, "geometry": {"type": "LineString", "coordinates": [[151.2625734, -33.8938295], [151.2625962, -33.8938213]]}}, {"type": "Feature", "properties": {"kind": "road", "highway": "footway", "name": null, "osm_id": 1220957072}, "geometry": {"type": "LineString", "coordinates": [[151.2623507, -33.8936252], [151.2624479, -33.8936401], [151.262528, -33.8936528]]}}, {"type": "Feature", "properties": {"kind": "road", "highway": "footway", "name": null, "osm_id": 1220957073}, "geometry": {"type": "LineString", "coordinates": [[151.262528, -33.8936528], [151.2625556, -33.8936675]]}}, {"type": "Feature", "properties": {"kind": "road", "highway": "footway", "name": null, "osm_id": 1220957074}, "geometry": {"type": "LineString", "coordinates": [[151.262327, -33.8936366], [151.262336, -33.8937103], [151.2623449, -33.8937827]]}}, {"type": "Feature", "properties": {"kind": "road", "highway": "footway", "name": "Belgrave Street", "osm_id": 1220959278}, "geometry": {"type": "LineString", "coordinates": [[151.2631936, -33.8986126], [151.2624674, -33.8984886], [151.2622245, -33.8984472], [151.2610246, -33.8982408]]}}, {"type": "Feature", "properties": {"kind": "road", "highway": "footway", "name": "Dickson Street", "osm_id": 1220959279}, "geometry": {"type": "LineString", "coordinates": [[151.2610246, -33.8982408], [151.2611027, -33.8978788], [151.2611832, -33.8975056]]}}, {"type": "Feature", "properties": {"kind": "road", "highway": "footway", "name": null, "osm_id": 1220959280}, "geometry": {"type": "LineString", "coordinates": [[151.2618318, -33.8974475], [151.262147, -33.8958777], [151.2625013, -33.8942244], [151.2625734, -33.8938295]]}}, {"type": "Feature", "properties": {"kind": "road", "highway": "footway", "name": null, "osm_id": 1220959281}, "geometry": {"type": "LineString", "coordinates": [[151.2623941, -33.893803], [151.2623065, -33.8942172], [151.2622026, -33.8947085], [151.2621453, -33.8949793], [151.2620097, -33.89563], [151.2618506, -33.8963938], [151.2618125, -33.8965695], [151.2617097, -33.8970432], [151.2616294, -33.8974131]]}}, {"type": "Feature", "properties": {"kind": "road", "highway": "footway", "name": null, "osm_id": 1220959282}, "geometry": {"type": "LineString", "coordinates": [[151.262327, -33.8936366], [151.2623507, -33.8936252]]}}, {"type": "Feature", "properties": {"kind": "road", "highway": "footway", "name": null, "osm_id": 1220959283}, "geometry": {"type": "LineString", "coordinates": [[151.262327, -33.8936366], [151.2618257, -33.8935544], [151.2611426, -33.8934512]]}}, {"type": "Feature", "properties": {"kind": "road", "highway": "footway", "name": null, "osm_id": 1220959284}, "geometry": {"type": "LineString", "coordinates": [[151.2611406, -33.8934358], [151.2611426, -33.8934512]]}}, {"type": "Feature", "properties": {"kind": "road", "highway": "footway", "name": null, "osm_id": 1220959285}, "geometry": {"type": "LineString", "coordinates": [[151.2623507, -33.8936252], [151.262379, -33.8934639], [151.2625924, -33.8924649], [151.2627354, -33.8917846], [151.2628278, -33.8913547], [151.2629661, -33.8907252], [151.2629897, -33.8906176], [151.2631084, -33.8900717], [151.263101, -33.8900485]]}}, {"type": "Feature", "properties": {"kind": "road", "highway": "footway", "name": null, "osm_id": 1220959286}, "geometry": {"type": "LineString", "coordinates": [[151.2633029, -33.890066], [151.2632854, -33.8901144], [151.2632114, -33.8905011], [151.2630541, -33.8912249], [151.2630502, -33.891243], [151.2630118, -33.8914204], [151.2629327, -33.8917864], [151.2629318, -33.8917902], [151.2628729, -33.8920629], [151.2627147, -33.8928031], [151.2626034, -33.8933383], [151.262528, -33.8936528]]}}, {"type": "Feature", "properties": {"kind": "road", "highway": "footway", "name": null, "osm_id": 1220959287}, "geometry": {"type": "LineString", "coordinates": [[151.2641166, -33.8938958], [151.2641411, -33.8938993], [151.2641798, -33.8939164], [151.2644936, -33.8939597], [151.2650714, -33.8940456], [151.2651727, -33.8940638], [151.2653292, -33.8940869], [151.2661433, -33.8942064], [151.2662187, -33.8942236], [151.2667082, -33.8942885], [151.267328, -33.8943857], [151.267401, -33.8943962]]}}, {"type": "Feature", "properties": {"kind": "road", "highway": "footway", "name": null, "osm_id": 1220959288}, "geometry": {"type": "LineString", "coordinates": [[151.2634606, -33.8939632], [151.2635493, -33.8939763], [151.2636515, -33.8939914]]}}, {"type": "Feature", "properties": {"kind": "road", "highway": "footway", "name": null, "osm_id": 1220959289}, "geometry": {"type": "LineString", "coordinates": [[151.2634943, -33.8938116], [151.2634787, -33.8938817], [151.2634606, -33.8939632]]}}, {"type": "Feature", "properties": {"kind": "road", "highway": "footway", "name": null, "osm_id": 1220959290}, "geometry": {"type": "LineString", "coordinates": [[151.2636845, -33.8938408], [151.2636687, -33.893913], [151.2636515, -33.8939914]]}}, {"type": "Feature", "properties": {"kind": "road", "highway": "footway", "name": null, "osm_id": 1220960576}, "geometry": {"type": "LineString", "coordinates": [[151.2661227, -33.8943705], [151.2660811, -33.8943649], [151.2660727, -33.8943638], [151.2651798, -33.8942231], [151.265111, -33.8942219], [151.2650335, -33.8942031], [151.263832, -33.8940114], [151.2636515, -33.8939914]]}}, {"type": "Feature", "properties": {"kind": "road", "highway": "footway", "name": null, "osm_id": 1220960577}, "geometry": {"type": "LineString", "coordinates": [[151.2636515, -33.8939914], [151.2636237, -33.8940336], [151.2635532, -33.8943412], [151.2635528, -33.8944862], [151.2635279, -33.8946932], [151.2635102, -33.8948399], [151.2634727, -33.8950808], [151.2633895, -33.8954617], [151.2633679, -33.8955608], [151.2632741, -33.8960032], [151.2631743, -33.8964938], [151.2630876, -33.8969054], [151.2630225, -33.897199], [151.2629264, -33.897633]]}}, {"type": "Feature", "properties": {"kind": "road", "highway": "footway", "name": null, "osm_id": 1220960578}, "geometry": {"type": "LineString", "coordinates": [[151.2627312, -33.8976003], [151.262961, -33.8965497], [151.2631108, -33.8958373], [151.2632417, -33.8952045], [151.263279, -33.8950403], [151.2633164, -33.8948394], [151.2633598, -33.8944423], [151.2633773, -33.8943288], [151.2633947, -33.8942371], [151.2634606, -33.8939632]]}}, {"type": "Feature", "properties": {"kind": "road", "highway": "footway", "name": null, "osm_id": 1220960579}, "geometry": {"type": "LineString", "coordinates": [[151.2634606, -33.8939632], [151.2626157, -33.89383], [151.2625962, -33.8938213]]}}, {"type": "Feature", "properties": {"kind": "road", "highway": "footway", "name": null, "osm_id": 1223343874}, "geometry": {"type": "LineString", "coordinates": [[151.2638179, -33.8904292], [151.2638522, -33.8905192], [151.2639147, -33.8905799], [151.263995, -33.8906285], [151.2644359, -33.8907015], [151.2645129, -33.8907517], [151.2645575, -33.8908094], [151.2646062, -33.8908589], [151.2646512, -33.8908673]]}}, {"type": "Feature", "properties": {"kind": "road", "highway": "footway", "name": null, "osm_id": 1223344479}, "geometry": {"type": "LineString", "coordinates": [[151.2682322, -33.8915044], [151.2682659, -33.8917415]]}}, {"type": "Feature", "properties": {"kind": "road", "highway": "footway", "name": null, "osm_id": 1223344483}, "geometry": {"type": "LineString", "coordinates": [[151.2682701, -33.8917712], [151.2682734, -33.8917943]]}}, {"type": "Feature", "properties": {"kind": "road", "highway": "footway", "name": null, "osm_id": 1223344484}, "geometry": {"type": "LineString", "coordinates": [[151.2681972, -33.891258], [151.2682242, -33.8914479]]}}, {"type": "Feature", "properties": {"kind": "road", "highway": "footway", "name": null, "osm_id": 1223345762}, "geometry": {"type": "LineString", "coordinates": [[151.2704967, -33.8920608], [151.2705023, -33.8919733]]}}, {"type": "Feature", "properties": {"kind": "road", "highway": "footway", "name": "Eastern Beaches Coastal Walk", "osm_id": 1223346985}, "geometry": {"type": "LineString", "coordinates": [[151.2736781, -33.8942255], [151.2736717, -33.8942215], [151.273589, -33.894169]]}}, {"type": "Feature", "properties": {"kind": "road", "highway": "footway", "name": null, "osm_id": 1226807498}, "geometry": {"type": "LineString", "coordinates": [[151.2632904, -33.8890198], [151.2633165, -33.8890526], [151.2633407, -33.8890996], [151.2633479, -33.8891457], [151.2633422, -33.8891916], [151.263334, -33.8892278], [151.2633134, -33.8892771], [151.2632847, -33.889309], [151.2632344, -33.8893379], [151.2631761, -33.8893572], [151.2631037, -33.8893674], [151.2631124, -33.8894067], [151.2631117, -33.8894157]]}}, {"type": "Feature", "properties": {"kind": "road", "highway": "footway", "name": null, "osm_id": 1226859170}, "geometry": {"type": "LineString", "coordinates": [[151.2766135, -33.8881828], [151.2767574, -33.8882715], [151.276464, -33.888594]]}}, {"type": "Feature", "properties": {"kind": "road", "highway": "footway", "name": null, "osm_id": 1226866208}, "geometry": {"type": "LineString", "coordinates": [[151.2768706, -33.8881624], [151.2769463, -33.8880807], [151.2769605, -33.888065]]}}, {"type": "Feature", "properties": {"kind": "road", "highway": "footway", "name": null, "osm_id": 1226866210}, "geometry": {"type": "LineString", "coordinates": [[151.2772064, -33.8883805], [151.2768706, -33.8881624], [151.276813, -33.8881256], [151.2766135, -33.8881828], [151.2762696, -33.8885578], [151.2764122, -33.8886489], [151.276464, -33.888594]]}}, {"type": "Feature", "properties": {"kind": "road", "highway": "footway", "name": null, "osm_id": 1226871563}, "geometry": {"type": "LineString", "coordinates": [[151.2729975, -33.895684], [151.2730303, -33.8956311], [151.2730003, -33.8955958]]}}, {"type": "Feature", "properties": {"kind": "road", "highway": "footway", "name": null, "osm_id": 1226871564}, "geometry": {"type": "LineString", "coordinates": [[151.2728033, -33.8957056], [151.2727266, -33.8957044], [151.272632, -33.8956994]]}}, {"type": "Feature", "properties": {"kind": "road", "highway": "footway", "name": null, "osm_id": 1226871565}, "geometry": {"type": "LineString", "coordinates": [[151.2730619, -33.8957489], [151.2729975, -33.895684], [151.2729157, -33.8957879]]}}, {"type": "Feature", "properties": {"kind": "road", "highway": "footway", "name": null, "osm_id": 1227258520}, "geometry": {"type": "LineString", "coordinates": [[151.273225, -33.8940522], [151.2732741, -33.8942464], [151.2733876, -33.8946949], [151.2734226, -33.8948432], [151.2734086, -33.8949372], [151.2733106, -33.8952308], [151.273209, -33.895411], [151.2731097, -33.8955225], [151.2730003, -33.8955958]]}}, {"type": "Feature", "properties": {"kind": "road", "highway": "footway", "name": null, "osm_id": 1227258521}, "geometry": {"type": "LineString", "coordinates": [[151.2716515, -33.8952134], [151.2721816, -33.8954324], [151.2723205, -33.8954818], [151.2724256, -33.8955031], [151.272484, -33.895508], [151.2725342, -33.8955051], [151.2726066, -33.8954895], [151.2726754, -33.8954692], [151.272756, -33.8954333], [151.2728401, -33.89538], [151.2729451, -33.8953112], [151.2730117, -33.8952482], [151.273028, -33.8952114], [151.2730199, -33.8950893], [151.2729823, -33.8950646], [151.2718395, -33.894314], [151.2708133, -33.8936512]]}}, {"type": "Feature", "properties": {"kind": "road", "highway": "footway", "name": null, "osm_id": 1227258522}, "geometry": {"type": "LineString", "coordinates": [[151.270923, -33.8935368], [151.2718395, -33.8941328], [151.2726346, -33.8946581], [151.2730194, -33.8949129], [151.2730444, -33.8949294]]}}, {"type": "Feature", "properties": {"kind": "road", "highway": "footway", "name": null, "osm_id": 1227258523}, "geometry": {"type": "LineString", "coordinates": [[151.2729823, -33.8950646], [151.2729981, -33.8949998], [151.2730194, -33.8949129]]}}, {"type": "Feature", "properties": {"kind": "road", "highway": "footway", "name": null, "osm_id": 1227258524}, "geometry": {"type": "LineString", "coordinates": [[151.2730444, -33.8949294], [151.2731588, -33.8947695], [151.273167, -33.8947327], [151.273056, -33.8942714], [151.2730266, -33.8940879], [151.2729545, -33.8938721], [151.272939, -33.8937967], [151.2729218, -33.8937132]]}}, {"type": "Feature", "properties": {"kind": "road", "highway": "footway", "name": null, "osm_id": 1227258525}, "geometry": {"type": "LineString", "coordinates": [[151.2729008, -33.8935775], [151.2729119, -33.8936492], [151.2729218, -33.8937132]]}}, {"type": "Feature", "properties": {"kind": "road", "highway": "footway", "name": null, "osm_id": 1227258526}, "geometry": {"type": "LineString", "coordinates": [[151.272939, -33.8937967], [151.2726626, -33.893626], [151.2715419, -33.8928726], [151.2714415, -33.8928043], [151.2702435, -33.8919891]]}}, {"type": "Feature", "properties": {"kind": "road", "highway": "footway", "name": null, "osm_id": 1227258527}, "geometry": {"type": "LineString", "coordinates": [[151.2707121, -33.8935185], [151.2708331, -33.8934011], [151.2714415, -33.8928043]]}}, {"type": "Feature", "properties": {"kind": "road", "highway": "footway", "name": null, "osm_id": 1227258528}, "geometry": {"type": "LineString", "coordinates": [[151.2700874, -33.8917761], [151.2702417, -33.8917981], [151.2705023, -33.8919733], [151.2720427, -33.8930077], [151.2723229, -33.8931983], [151.2725797, -33.893373], [151.2728295, -33.8935494], [151.2729008, -33.8935775]]}}, {"type": "Feature", "properties": {"kind": "road", "highway": "footway", "name": null, "osm_id": 1228814297}, "geometry": {"type": "LineString", "coordinates": [[151.27111, -33.8951933], [151.271214, -33.8952305], [151.2712932, -33.8952589]]}}, {"type": "Feature", "properties": {"kind": "road", "highway": "footway", "name": null, "osm_id": 1228814298}, "geometry": {"type": "LineString", "coordinates": [[151.2711996, -33.8950305], [151.2711467, -33.8951265], [151.27111, -33.8951933]]}}, {"type": "Feature", "properties": {"kind": "road", "highway": "footway", "name": null, "osm_id": 1228814299}, "geometry": {"type": "LineString", "coordinates": [[151.2687839, -33.8930886], [151.2685506, -33.8941997], [151.2685417, -33.8942333], [151.268481, -33.8945272], [151.2684628, -33.8945642]]}}, {"type": "Feature", "properties": {"kind": "road", "highway": "footway", "name": null, "osm_id": 1228814300}, "geometry": {"type": "LineString", "coordinates": [[151.2690997, -33.8931959], [151.2690015, -33.8932064], [151.2689542, -33.8932267], [151.2689329, -33.8932568], [151.2688816, -33.8935366], [151.2687452, -33.8941446]]}}, {"type": "Feature", "properties": {"kind": "road", "highway": "footway", "name": null, "osm_id": 1228814301}, "geometry": {"type": "LineString", "coordinates": [[151.2702523, -33.8940807], [151.2707353, -33.8944011], [151.2712462, -33.894733], [151.2715225, -33.8949206]]}}, {"type": "Feature", "properties": {"kind": "road", "highway": "footway", "name": null, "osm_id": 1231582251}, "geometry": {"type": "LineString", "coordinates": [[151.2649527, -33.8876968], [151.2649283, -33.8877113], [151.2647133, -33.8878386], [151.2644446, -33.8880019], [151.2643676, -33.8880456], [151.2642807, -33.888081], [151.2641794, -33.8881099], [151.2640761, -33.8881371], [151.2639837, -33.8881524], [151.2638674, -33.8881664], [151.2635947, -33.8881516], [151.2634939, -33.8881379], [151.2631492, -33.8880782], [151.2630502, -33.8880639], [151.2629575, -33.8880505], [151.2628537, -33.8880386], [151.2626863, -33.8880225], [151.2626058, -33.8880237], [151.2625025, -33.8880328], [151.2623907, -33.8880398], [151.2623162, -33.8880509], [151.2622725, -33.8880691], [151.2622248, -33.8880909], [151.2621966, -33.8881154], [151.2621791, -33.8881305], [151.2621573, -33.8881755], [151.2621483, -33.8882212], [151.2620396, -33.8889721], [151.2619433, -33.8896162]]}}, {"type": "Feature", "properties": {"kind": "road", "highway": "footway", "name": null, "osm_id": 1231582252}, "geometry": {"type": "LineString", "coordinates": [[151.2621354, -33.8880798], [151.26217, -33.8880999], [151.2621966, -33.8881154]]}}, {"type": "Feature", "properties": {"kind": "road", "highway": "footway", "name": null, "osm_id": 1231582253}, "geometry": {"type": "LineString", "coordinates": [[151.2620912, -33.8879277], [151.2621637, -33.8879207], [151.2624742, -33.8878761]]}}, {"type": "Feature", "properties": {"kind": "road", "highway": "footway", "name": null, "osm_id": 1231582254}, "geometry": {"type": "LineString", "coordinates": [[151.2618667, -33.8879285], [151.2619036, -33.8879495], [151.2619303, -33.8879648]]}}, {"type": "Feature", "properties": {"kind": "road", "highway": "footway", "name": null, "osm_id": 1231582255}, "geometry": {"type": "LineString", "coordinates": [[151.2619303, -33.8879648], [151.2620195, -33.8879442], [151.2620912, -33.8879277]]}}, {"type": "Feature", "properties": {"kind": "road", "highway": "footway", "name": null, "osm_id": 1231582256}, "geometry": {"type": "LineString", "coordinates": [[151.2619303, -33.8879648], [151.2619263, -33.8880152], [151.2619212, -33.8880801], [151.2619166, -33.8881382]]}}, {"type": "Feature", "properties": {"kind": "road", "highway": "footway", "name": null, "osm_id": 1231582257}, "geometry": {"type": "LineString", "coordinates": [[151.2619561, -33.8881723], [151.2620513, -33.8881232], [151.2621354, -33.8880798]]}}, {"type": "Feature", "properties": {"kind": "road", "highway": "footway", "name": null, "osm_id": 1231582258}, "geometry": {"type": "LineString", "coordinates": [[151.2624742, -33.8878761], [151.2626237, -33.8878666], [151.2627325, -33.8878621], [151.2628591, -33.8878782], [151.2631929, -33.887931], [151.2636524, -33.8879928], [151.2637984, -33.8880122], [151.263856, -33.8880134], [151.2639524, -33.8880031], [151.2641545, -33.8879512], [151.2643035, -33.8878901], [151.2644799, -33.8877883], [151.264748, -33.8876296], [151.2648469, -33.887571], [151.2650082, -33.8874803], [151.2655798, -33.887159], [151.2656469, -33.8871112], [151.2661237, -33.8867372]]}}, {"type": "Feature", "properties": {"kind": "road", "highway": "footway", "name": null, "osm_id": 1235135722}, "geometry": {"type": "LineString", "coordinates": [[151.2632928, -33.8889639], [151.2632904, -33.8890198]]}}, {"type": "Feature", "properties": {"kind": "road", "highway": "footway", "name": null, "osm_id": 1235135723}, "geometry": {"type": "LineString", "coordinates": [[151.2633486, -33.8886857], [151.2633365, -33.888722]]}}, {"type": "Feature", "properties": {"kind": "road", "highway": "footway", "name": null, "osm_id": 1235135726}, "geometry": {"type": "LineString", "coordinates": [[151.2629921, -33.8899113], [151.2629941, -33.8899037], [151.2630107, -33.8899043]]}}, {"type": "Feature", "properties": {"kind": "road", "highway": "footway", "name": null, "osm_id": 1235135729}, "geometry": {"type": "LineString", "coordinates": [[151.2631023, -33.8894544], [151.263106, -33.8894394]]}}, {"type": "Feature", "properties": {"kind": "road", "highway": "footway", "name": null, "osm_id": 1235135731}, "geometry": {"type": "LineString", "coordinates": [[151.2630975, -33.8894941], [151.2630943, -33.8894877], [151.2630962, -33.8894799]]}}, {"type": "Feature", "properties": {"kind": "road", "highway": "footway", "name": null, "osm_id": 1235135733}, "geometry": {"type": "LineString", "coordinates": [[151.2631073, -33.8895335], [151.263115, -33.8895282], [151.2631119, -33.8895221]]}}, {"type": "Feature", "properties": {"kind": "road", "highway": "footway", "name": null, "osm_id": 1235135735}, "geometry": {"type": "LineString", "coordinates": [[151.2630701, -33.8895649], [151.2630673, -33.8895608], [151.2630797, -33.8895523]]}}, {"type": "Feature", "properties": {"kind": "road", "highway": "footway", "name": null, "osm_id": 1235135737}, "geometry": {"type": "LineString", "coordinates": [[151.2631282, -33.8896171], [151.2631301, -33.8896091], [151.2630994, -33.8896093], [151.2630966, -33.8896051]]}}, {"type": "Feature", "properties": {"kind": "road", "highway": "footway", "name": null, "osm_id": 1235135739}, "geometry": {"type": "LineString", "coordinates": [[151.2630787, -33.8896573], [151.2630825, -33.8896504], [151.2631198, -33.889652], [151.2631212, -33.8896459]]}}, {"type": "Feature", "properties": {"kind": "road", "highway": "footway", "name": null, "osm_id": 1235135741}, "geometry": {"type": "LineString", "coordinates": [[151.2630072, -33.8897598], [151.2630093, -33.88975], [151.2630537, -33.8897035], [151.2630573, -33.8896967]]}}, {"type": "Feature", "properties": {"kind": "road", "highway": "footway", "name": null, "osm_id": 1235135743}, "geometry": {"type": "LineString", "coordinates": [[151.2630066, -33.8898036], [151.2630001, -33.889794], [151.2630022, -33.8897839]]}}, {"type": "Feature", "properties": {"kind": "road", "highway": "footway", "name": null, "osm_id": 1235135745}, "geometry": {"type": "LineString", "coordinates": [[151.2630385, -33.8898395], [151.2630292, -33.8898365], [151.2630243, -33.8898293]]}}, {"type": "Feature", "properties": {"kind": "road", "highway": "footway", "name": null, "osm_id": 1235135747}, "geometry": {"type": "LineString", "coordinates": [[151.2630678, -33.8898541], [151.263068, -33.889849], [151.2630559, -33.8898451]]}}, {"type": "Feature", "properties": {"kind": "road", "highway": "footway", "name": null, "osm_id": 1235135749}, "geometry": {"type": "LineString", "coordinates": [[151.263059, -33.8898924], [151.2630665, -33.8898896], [151.2630668, -33.8898831]]}}, {"type": "Feature", "properties": {"kind": "road", "highway": "footway", "name": null, "osm_id": 1235135750}, "geometry": {"type": "LineString", "coordinates": [[151.2630167, -33.8899045], [151.2630254, -33.8899049], [151.2630271, -33.8899042]]}}, {"type": "Feature", "properties": {"kind": "road", "highway": "footway", "name": null, "osm_id": 1235135752}, "geometry": {"type": "LineString", "coordinates": [[151.2630435, -33.8899601], [151.2630485, -33.8899349], [151.2630384, -33.8899332]]}}, {"type": "Feature", "properties": {"kind": "road", "highway": "footway", "name": null, "osm_id": 1239565754}, "geometry": {"type": "LineString", "coordinates": [[151.2573102, -33.8888139], [151.2572723, -33.8888057], [151.2572256, -33.8887961]]}}, {"type": "Feature", "properties": {"kind": "road", "highway": "footway", "name": null, "osm_id": 1239565755}, "geometry": {"type": "LineString", "coordinates": [[151.2573536, -33.8888079], [151.2573331, -33.8888107], [151.2573102, -33.8888139]]}}, {"type": "Feature", "properties": {"kind": "road", "highway": "footway", "name": null, "osm_id": 1242158824}, "geometry": {"type": "LineString", "coordinates": [[151.2543228, -33.9045632], [151.2543061, -33.904533], [151.2542978, -33.9045015], [151.2542968, -33.9044516], [151.2543171, -33.9043961], [151.2543883, -33.9043234], [151.2546255, -33.9040929], [151.2547902, -33.9039327], [151.2548578, -33.9038395], [151.2550856, -33.9034412], [151.2551092, -33.9033766], [151.2551079, -33.9032908], [151.2550929, -33.9032326], [151.2550809, -33.9031859], [151.2549396, -33.902681], [151.2549362, -33.9026171]]}}, {"type": "Feature", "properties": {"kind": "road", "highway": "footway", "name": null, "osm_id": 1246017753}, "geometry": {"type": "LineString", "coordinates": [[151.2689421, -33.8980111], [151.2690184, -33.8980117]]}}, {"type": "Feature", "properties": {"kind": "road", "highway": "footway", "name": null, "osm_id": 1246017755}, "geometry": {"type": "LineString", "coordinates": [[151.2689913, -33.8981698], [151.269073, -33.898125], [151.2690996, -33.8981151], [151.2691463, -33.8981119], [151.2691628, -33.8980842]]}}, {"type": "Feature", "properties": {"kind": "road", "highway": "footway", "name": null, "osm_id": 1246029335}, "geometry": {"type": "LineString", "coordinates": [[151.2696709, -33.9009486], [151.2696152, -33.9009405], [151.269586, -33.9009251]]}}, {"type": "Feature", "properties": {"kind": "road", "highway": "footway", "name": null, "osm_id": 1246029337}, "geometry": {"type": "LineString", "coordinates": [[151.2694775, -33.9009106], [151.269459, -33.9009015]]}}, {"type": "Feature", "properties": {"kind": "road", "highway": "footway", "name": null, "osm_id": 1246168303}, "geometry": {"type": "LineString", "coordinates": [[151.2675867, -33.8988383], [151.2678556, -33.8988819]]}}, {"type": "Feature", "properties": {"kind": "road", "highway": "footway", "name": null, "osm_id": 1252824211}, "geometry": {"type": "LineString", "coordinates": [[151.2642214, -33.8926083], [151.2641765, -33.8928207], [151.2640762, -33.8932955], [151.2639438, -33.8938783]]}}, {"type": "Feature", "properties": {"kind": "road", "highway": "footway", "name": null, "osm_id": 1252824212}, "geometry": {"type": "LineString", "coordinates": [[151.2641765, -33.8928207], [151.2642687, -33.8928349], [151.2643656, -33.8928499]]}}, {"type": "Feature", "properties": {"kind": "road", "highway": "footway", "name": null, "osm_id": 1257277694}, "geometry": {"type": "LineString", "coordinates": [[151.2601374, -33.8874153], [151.2603366, -33.8875259], [151.2606055, -33.8875937], [151.2607776, -33.8876664]]}}, {"type": "Feature", "properties": {"kind": "road", "highway": "footway", "name": null, "osm_id": 1257277695}, "geometry": {"type": "LineString", "coordinates": [[151.2600053, -33.8873683], [151.2599888, -33.8872954], [151.2599889, -33.8872835], [151.259989, -33.8872741], [151.2599955, -33.8872522], [151.2601493, -33.8869635], [151.2601962, -33.8868825], [151.2602299, -33.8868428], [151.2602752, -33.8868001], [151.2603242, -33.8867669], [151.2603856, -33.8867382], [151.2604891, -33.8866987], [151.2605692, -33.8866787], [151.2606531, -33.8866812], [151.2607513, -33.8867088], [151.2608466, -33.8867553], [151.2609178, -33.8868262], [151.260955, -33.8868925], [151.2609674, -33.8869268], [151.2609953, -33.8870107], [151.2610081, -33.8870917], [151.2609987, -33.887191], [151.2609463, -33.8872926], [151.2608392, -33.8873674], [151.2607181, -33.8874104], [151.2605999, -33.887428], [151.2604497, -33.8874238], [151.2603264, -33.8873979], [151.2602519, -33.8873818], [151.260199, -33.8873908], [151.2601374, -33.8874153], [151.2600863, -33.8874219], [151.2600479, -33.8874085], [151.2600053, -33.8873683]]}}, {"type": "Feature", "properties": {"kind": "road", "highway": "footway", "name": null, "osm_id": 1265432794}, "geometry": {"type": "LineString", "coordinates": [[151.2767046, -33.8892385], [151.2767318, -33.8892709], [151.2767684, -33.8892577], [151.2768063, -33.8892742], [151.2768156, -33.8892969], [151.2768313, -33.8893527]]}}, {"type": "Feature", "properties": {"kind": "road", "highway": "footway", "name": null, "osm_id": 1265432795}, "geometry": {"type": "LineString", "coordinates": [[151.2768313, -33.8893527], [151.2767074, -33.889404], [151.276709, -33.8894559]]}}, {"type": "Feature", "properties": {"kind": "road", "highway": "footway", "name": null, "osm_id": 1266745559}, "geometry": {"type": "LineString", "coordinates": [[151.2649283, -33.8877113], [151.2649828, -33.8877167], [151.2650156, -33.8877274], [151.2653578, -33.8879645], [151.2655274, -33.8880739], [151.2655783, -33.8881068]]}}, {"type": "Feature", "properties": {"kind": "road", "highway": "footway", "name": null, "osm_id": 1266745560}, "geometry": {"type": "LineString", "coordinates": [[151.2655609, -33.8881243], [151.2655783, -33.8881068]]}}, {"type": "Feature", "properties": {"kind": "road", "highway": "footway", "name": null, "osm_id": 1266745561}, "geometry": {"type": "LineString", "coordinates": [[151.2655783, -33.8881068], [151.2656184, -33.8881332], [151.2656484, -33.888153]]}}, {"type": "Feature", "properties": {"kind": "road", "highway": "footway", "name": null, "osm_id": 1266745562}, "geometry": {"type": "LineString", "coordinates": [[151.2656484, -33.888153], [151.2656616, -33.8881619], [151.2656875, -33.8881794], [151.265776, -33.8882391]]}}, {"type": "Feature", "properties": {"kind": "road", "highway": "footway", "name": null, "osm_id": 1266745563}, "geometry": {"type": "LineString", "coordinates": [[151.2657035, -33.888162], [151.2656875, -33.8881794]]}}, {"type": "Feature", "properties": {"kind": "road", "highway": "footway", "name": null, "osm_id": 1266745564}, "geometry": {"type": "LineString", "coordinates": [[151.2656616, -33.8881619], [151.2647697, -33.8891034], [151.2645417, -33.8893487]]}}, {"type": "Feature", "properties": {"kind": "road", "highway": "footway", "name": null, "osm_id": 1266745565}, "geometry": {"type": "LineString", "coordinates": [[151.2656345, -33.8879559], [151.2655808, -33.8880106], [151.2655274, -33.8880739]]}}, {"type": "Feature", "properties": {"kind": "road", "highway": "footway", "name": null, "osm_id": 1266745566}, "geometry": {"type": "LineString", "coordinates": [[151.2657035, -33.888162], [151.2657438, -33.8881178], [151.2657954, -33.8880612]]}}, {"type": "Feature", "properties": {"kind": "road", "highway": "footway", "name": null, "osm_id": 1266745567}, "geometry": {"type": "LineString", "coordinates": [[151.2656633, -33.887956], [151.265711, -33.8879883], [151.2657542, -33.8880175]]}}, {"type": "Feature", "properties": {"kind": "road", "highway": "footway", "name": null, "osm_id": 1266745568}, "geometry": {"type": "LineString", "coordinates": [[151.2657542, -33.8880175], [151.2657813, -33.8880462], [151.2657954, -33.8880612]]}}, {"type": "Feature", "properties": {"kind": "road", "highway": "footway", "name": null, "osm_id": 1266745570}, "geometry": {"type": "LineString", "coordinates": [[151.2655197, -33.8878699], [151.265625, -33.8879354], [151.2656436, -33.8879454], [151.2656633, -33.887956]]}}, {"type": "Feature", "properties": {"kind": "road", "highway": "footway", "name": null, "osm_id": 1266745571}, "geometry": {"type": "LineString", "coordinates": [[151.2657358, -33.8878422], [151.2656548, -33.8879264], [151.2656436, -33.8879454], [151.2656345, -33.8879559]]}}, {"type": "Feature", "properties": {"kind": "road", "highway": "footway", "name": null, "osm_id": 1266745572}, "geometry": {"type": "LineString", "coordinates": [[151.2658024, -33.8871953], [151.2657161, -33.8872573], [151.2651679, -33.8875783], [151.2651251, -33.8875969]]}}, {"type": "Feature", "properties": {"kind": "road", "highway": "footway", "name": null, "osm_id": 1266745573}, "geometry": {"type": "LineString", "coordinates": [[151.2649527, -33.8876968], [151.265033, -33.8876504], [151.2651251, -33.8875969]]}}, {"type": "Feature", "properties": {"kind": "road", "highway": "footway", "name": null, "osm_id": 1266745574}, "geometry": {"type": "LineString", "coordinates": [[151.2651251, -33.8875969], [151.2650683, -33.8875414], [151.2650082, -33.8874803]]}}, {"type": "Feature", "properties": {"kind": "road", "highway": "tertiary", "name": "Campbell Parade", "osm_id": 1271437752}, "geometry": {"type": "LineString", "coordinates": [[151.2832937, -33.8893568], [151.2834512, -33.8891903], [151.2834997, -33.8891289], [151.2835422, -33.8890597]]}}, {"type": "Feature", "properties": {"kind": "road", "highway": "footway", "name": null, "osm_id": 1271437753}, "geometry": {"type": "LineString", "coordinates": [[151.2833655, -33.8890353], [151.2797552, -33.8867871], [151.2797333, -33.8867838], [151.2797144, -33.886797], [151.2792148, -33.8873495], [151.2792159, -33.8873746]]}}, {"type": "Feature", "properties": {"kind": "road", "highway": "footway", "name": null, "osm_id": 1271437754}, "geometry": {"type": "LineString", "coordinates": [[151.2832478, -33.8876946], [151.283262, -33.8876699], [151.2832637, -33.8876669], [151.2834032, -33.8875494], [151.283544, -33.8874286], [151.2836312, -33.8873561]]}}, {"type": "Feature", "properties": {"kind": "road", "highway": "footway", "name": null, "osm_id": 1271437755}, "geometry": {"type": "LineString", "coordinates": [[151.2831987, -33.8877957], [151.2832196, -33.8877435], [151.2832478, -33.8876946]]}}, {"type": "Feature", "properties": {"kind": "road", "highway": "footway", "name": null, "osm_id": 1271437756}, "geometry": {"type": "LineString", "coordinates": [[151.2838901, -33.8857953], [151.2839736, -33.8858012], [151.2839886, -33.8858041], [151.2840063, -33.8858114], [151.2840222, -33.8858225], [151.2840443, -33.8858313], [151.2840709, -33.8858349], [151.2840957, -33.885832], [151.2841142, -33.8858217], [151.2841249, -33.88581], [151.2841275, -33.885799], [151.2841249, -33.8857865], [151.2840532, -33.8856212], [151.2839585, -33.8854053], [151.2839284, -33.885356], [151.2838948, -33.8853186], [151.2837748, -33.8852059], [151.283721, -33.8851554]]}}, {"type": "Feature", "properties": {"kind": "road", "highway": "footway", "name": null, "osm_id": 1271437757}, "geometry": {"type": "LineString", "coordinates": [[151.283721, -33.8851554], [151.2836296, -33.8850711], [151.2835415, -33.8849924]]}}, {"type": "Feature", "properties": {"kind": "road", "highway": "footway", "name": null, "osm_id": 1271437758}, "geometry": {"type": "LineString", "coordinates": [[151.2818759, -33.8807602], [151.2818415, -33.8807322], [151.2818079, -33.8807035]]}}, {"type": "Feature", "properties": {"kind": "road", "highway": "footway", "name": null, "osm_id": 1271437759}, "geometry": {"type": "LineString", "coordinates": [[151.2818079, -33.8807035], [151.2817645, -33.8806671], [151.2817135, -33.8806324], [151.2816563, -33.8806094], [151.2816032, -33.8805779], [151.2815616, -33.8805529], [151.2815076, -33.8805088], [151.2814652, -33.8804787], [151.281443, -33.8804713], [151.2812979, -33.8804368], [151.2812271, -33.8804229], [151.281168, -33.8804145], [151.2811342, -33.8804082], [151.2807016, -33.8803501], [151.2805246, -33.8803266], [151.280476, -33.8803252], [151.2801141, -33.8802759], [151.2797814, -33.8802275], [151.2797469, -33.8802172], [151.2797186, -33.8801996], [151.2796805, -33.8801614], [151.2795973, -33.8800387], [151.2795779, -33.8800005], [151.2795779, -33.879974], [151.2796009, -33.8798411], [151.2796761, -33.8794437], [151.2795723, -33.8794339], [151.2794903, -33.8794158], [151.2795089, -33.8793732], [151.2795478, -33.8791484], [151.2796044, -33.8788685], [151.2796557, -33.8785468], [151.279731, -33.8781479], [151.2797833, -33.8778646]]}}, {"type": "Feature", "properties": {"kind": "road", "highway": "footway", "name": null, "osm_id": 1271437761}, "geometry": {"type": "LineString", "coordinates": [[151.2834546, -33.8830915], [151.2834849, -33.8829141], [151.2834949, -33.8826796], [151.2835059, -33.8824402], [151.2832935, -33.8820908], [151.2832753, -33.8819914], [151.2832485, -33.8818446], [151.2831837, -33.8814821], [151.2831279, -33.8811682], [151.2831008, -33.8810159], [151.2829298, -33.8810386], [151.2828043, -33.8810537], [151.2827073, -33.8810428], [151.2824828, -33.8810511], [151.2824458, -33.8810516], [151.2824126, -33.8810304], [151.2822129, -33.8808676], [151.2819006, -33.8806126], [151.2814949, -33.8802826], [151.2814447, -33.8802322], [151.2814144, -33.8801779], [151.2814056, -33.8801295], [151.2814074, -33.8800922], [151.2814401, -33.8799167], [151.2814652, -33.879766], [151.2814761, -33.8797159], [151.2814862, -33.8796698], [151.2814698, -33.8796565], [151.2814482, -33.8796351], [151.2814225, -33.8796129], [151.2813837, -33.8795673], [151.2813373, -33.8795174], [151.2811435, -33.8794917], [151.2809007, -33.8794587], [151.2806078, -33.8794073]]}}, {"type": "Feature", "properties": {"kind": "road", "highway": "footway", "name": null, "osm_id": 1271632060}, "geometry": {"type": "LineString", "coordinates": [[151.2824458, -33.8810516], [151.2824952, -33.8810903]]}}, {"type": "Feature", "properties": {"kind": "road", "highway": "footway", "name": null, "osm_id": 1271632061}, "geometry": {"type": "LineString", "coordinates": [[151.2824952, -33.8810903], [151.2825188, -33.8811273], [151.2825379, -33.8811719]]}}, {"type": "Feature", "properties": {"kind": "road", "highway": "footway", "name": null, "osm_id": 1271632062}, "geometry": {"type": "LineString", "coordinates": [[151.2825861, -33.8828962], [151.2825676, -33.8830462], [151.2825607, -33.8830743], [151.2825607, -33.8833128], [151.2825738, -33.8834043], [151.2825961, -33.8834817], [151.2826346, -33.883561], [151.282724, -33.8836965], [151.2828934, -33.8839389], [151.2832963, -33.8844945]]}}, {"type": "Feature", "properties": {"kind": "road", "highway": "footway", "name": null, "osm_id": 1271632063}, "geometry": {"type": "LineString", "coordinates": [[151.2832963, -33.8844945], [151.28337, -33.8845958], [151.2833987, -33.8846352]]}}, {"type": "Feature", "properties": {"kind": "road", "highway": "footway", "name": null, "osm_id": 1271632064}, "geometry": {"type": "LineString", "coordinates": [[151.2833987, -33.8846352], [151.283485, -33.884751]]}}, {"type": "Feature", "properties": {"kind": "road", "highway": "footway", "name": null, "osm_id": 1271632067}, "geometry": {"type": "LineString", "coordinates": [[151.283567, -33.8875891], [151.2834325, -33.8877037], [151.2833821, -33.8877676], [151.283344, -33.8878521], [151.2833273, -33.8879424]]}}, {"type": "Feature", "properties": {"kind": "road", "highway": "footway", "name": null, "osm_id": 1271632069}, "geometry": {"type": "LineString", "coordinates": [[151.2833273, -33.8879424], [151.2833237, -33.8880115], [151.2833299, -33.8880592], [151.2833431, -33.8880967], [151.2834459, -33.8883289]]}}, {"type": "Feature", "properties": {"kind": "road", "highway": "footway", "name": null, "osm_id": 1271632070}, "geometry": {"type": "LineString", "coordinates": [[151.2834459, -33.8883289], [151.2837059, -33.8889391], [151.2837192, -33.8889825], [151.2837245, -33.889061], [151.2837413, -33.8891125], [151.2837696, -33.8891396]]}}, {"type": "Feature", "properties": {"kind": "road", "highway": "footway", "name": null, "osm_id": 1271632071}, "geometry": {"type": "LineString", "coordinates": [[151.2837289, -33.8892645], [151.2837509, -33.889197], [151.2837696, -33.8891396]]}}, {"type": "Feature", "properties": {"kind": "road", "highway": "footway", "name": null, "osm_id": 1274058558}, "geometry": {"type": "LineString", "coordinates": [[151.2592254, -33.8825988], [151.2589902, -33.8828778], [151.2589597, -33.8829365], [151.2589455, -33.883024], [151.2589519, -33.8830656], [151.2591651, -33.8834293], [151.2593042, -33.8836746], [151.259416, -33.8838738], [151.2595337, -33.8841325], [151.2595754, -33.8842393], [151.2596519, -33.8846015], [151.2596778, -33.8847156]]}}, {"type": "Feature", "properties": {"kind": "road", "highway": "footway", "name": null, "osm_id": 1274058559}, "geometry": {"type": "LineString", "coordinates": [[151.2596778, -33.8847156], [151.2596942, -33.8847877], [151.2596576, -33.8850191], [151.2595534, -33.8858425], [151.259551, -33.8858959], [151.2595661, -33.885932], [151.259602, -33.8859613], [151.259653, -33.885983], [151.2597173, -33.8859936], [151.2597724, -33.8860133], [151.2600401, -33.886136], [151.2601351, -33.8861619], [151.2601913, -33.8861682], [151.2605165, -33.8861874], [151.2606803, -33.886197], [151.2612041, -33.8862317], [151.2614278, -33.8862514], [151.2617314, -33.8862942], [151.2618901, -33.8863314], [151.2620964, -33.8863846], [151.2622262, -33.8864308], [151.2626648, -33.8865958], [151.2626951, -33.8866051], [151.2629563, -33.8866848], [151.2631458, -33.8867362], [151.2634314, -33.8867944], [151.263574, -33.8868161], [151.2638231, -33.8868459], [151.2639147, -33.8868478], [151.2639824, -33.8868491], [151.2640636, -33.8868507], [151.2640737, -33.8868423], [151.2640821, -33.8868353], [151.2642339, -33.8866237]]}}, {"type": "Feature", "properties": {"kind": "road", "highway": "footway", "name": null, "osm_id": 1274058560}, "geometry": {"type": "LineString", "coordinates": [[151.2605032, -33.8863572], [151.2604992, -33.8864097]]}}, {"type": "Feature", "properties": {"kind": "road", "highway": "footway", "name": null, "osm_id": 1274058561}, "geometry": {"type": "LineString", "coordinates": [[151.2605111, -33.8862519], [151.2605165, -33.8861874]]}}, {"type": "Feature", "properties": {"kind": "road", "highway": "footway", "name": null, "osm_id": 1274058562}, "geometry": {"type": "LineString", "coordinates": [[151.2639807, -33.8869152], [151.2639811, -33.8869007], [151.2639824, -33.8868491]]}}, {"type": "Feature", "properties": {"kind": "road", "highway": "footway", "name": null, "osm_id": 1274058563}, "geometry": {"type": "LineString", "coordinates": [[151.2639811, -33.8869007], [151.2640636, -33.8868507]]}}, {"type": "Feature", "properties": {"kind": "road", "highway": "footway", "name": null, "osm_id": 1274058564}, "geometry": {"type": "LineString", "coordinates": [[151.2640737, -33.8868423], [151.2641215, -33.8868474]]}}, {"type": "Feature", "properties": {"kind": "road", "highway": "footway", "name": null, "osm_id": 1274058565}, "geometry": {"type": "LineString", "coordinates": [[151.2641215, -33.8868474], [151.2641859, -33.8868525], [151.264242, -33.886857]]}}, {"type": "Feature", "properties": {"kind": "road", "highway": "footway", "name": null, "osm_id": 1274058566}, "geometry": {"type": "LineString", "coordinates": [[151.2639807, -33.8869152], [151.2639798, -33.8869421], [151.2639799, -33.8869819], [151.2639772, -33.887022]]}}, {"type": "Feature", "properties": {"kind": "road", "highway": "footway", "name": null, "osm_id": 1274058567}, "geometry": {"type": "LineString", "coordinates": [[151.2639772, -33.887022], [151.2639743, -33.8871023]]}}, {"type": "Feature", "properties": {"kind": "road", "highway": "footway", "name": null, "osm_id": 1274058568}, "geometry": {"type": "LineString", "coordinates": [[151.2624683, -33.8867838], [151.2625035, -33.8867994], [151.2625768, -33.8868319], [151.2626032, -33.8868403], [151.2628721, -33.8869265], [151.263194, -33.8870014], [151.2636217, -33.8870716], [151.2639367, -33.8871004], [151.2639743, -33.8871023], [151.264198, -33.8870975]]}}, {"type": "Feature", "properties": {"kind": "road", "highway": "footway", "name": null, "osm_id": 1274058569}, "geometry": {"type": "LineString", "coordinates": [[151.26268, -33.8849589], [151.2629717, -33.8848516], [151.2632453, -33.8848313], [151.263701, -33.8849262], [151.2637617, -33.8849452], [151.2640866, -33.8851003], [151.2644658, -33.8852872], [151.2645873, -33.8853471], [151.2651628, -33.8856298], [151.2652685, -33.8857064], [151.2653474, -33.8857771], [151.2654152, -33.8858687], [151.2654499, -33.8859591], [151.2654569, -33.8860487], [151.2654278, -33.8861652], [151.2653142, -33.8863328], [151.2652291, -33.8864343], [151.2651202, -33.8865473], [151.2649676, -33.8866642], [151.2648037, -33.8867203], [151.2645333, -33.8867972], [151.2643781, -33.8868492], [151.2643068, -33.8868689], [151.264242, -33.886857]]}}, {"type": "Feature", "properties": {"kind": "road", "highway": "footway", "name": null, "osm_id": 1274058570}, "geometry": {"type": "LineString", "coordinates": [[151.2605042, -33.88092], [151.2604208, -33.881212], [151.2603663, -33.8814029], [151.2603698, -33.8814587], [151.260436, -33.8821181], [151.2604573, -33.8823393], [151.2605653, -33.8824932], [151.260574, -33.8825311], [151.2605676, -33.8829088], [151.260559, -33.882954], [151.2604423, -33.8832904], [151.2604478, -33.8833382], [151.2604691, -33.8833729], [151.2608665, -33.8835804], [151.2610076, -33.8836491], [151.2610494, -33.8836917], [151.2611879, -33.8838793], [151.2613041, -33.8840451], [151.2613269, -33.884072], [151.2614074, -33.8841355], [151.2622061, -33.8847697], [151.2622313, -33.88479], [151.2622597, -33.8847979], [151.2623046, -33.8847985], [151.262598, -33.8848116], [151.2626319, -33.8848005], [151.2628905, -33.8846997], [151.2629315, -33.8846892], [151.2632729, -33.8846788], [151.2633099, -33.884686], [151.2635709, -33.8847364], [151.2635846, -33.8847353], [151.2635954, -33.8847344]]}}, {"type": "Feature", "properties": {"kind": "road", "highway": "footway", "name": null, "osm_id": 1274058571}, "geometry": {"type": "LineString", "coordinates": [[151.2619885, -33.8830954], [151.2624844, -33.8838226], [151.2625301, -33.883875], [151.2625664, -33.8839051], [151.2635433, -33.884684], [151.2635846, -33.8847353]]}}, {"type": "Feature", "properties": {"kind": "road", "highway": "footway", "name": null, "osm_id": 1274058572}, "geometry": {"type": "LineString", "coordinates": [[151.2635954, -33.8847344], [151.2636713, -33.8847374], [151.2637941, -33.8847422]]}}, {"type": "Feature", "properties": {"kind": "road", "highway": "footway", "name": null, "osm_id": 1274058573}, "geometry": {"type": "LineString", "coordinates": [[151.2604208, -33.881212], [151.2605483, -33.8812442], [151.2612795, -33.8821149], [151.2614383, -33.8822813], [151.261451, -33.8823265], [151.2615344, -33.882744], [151.2615495, -33.8829374], [151.2615576, -33.8830384], [151.2615727, -33.8831115], [151.2616074, -33.8831308], [151.2616723, -33.883151], [151.2617448, -33.8831778], [151.2617866, -33.8831785], [151.2618095, -33.8831691], [151.2619885, -33.8830954]]}}, {"type": "Feature", "properties": {"kind": "road", "highway": "footway", "name": null, "osm_id": 1274058574}, "geometry": {"type": "LineString", "coordinates": [[151.2604718, -33.8807785], [151.2604898, -33.8808569], [151.2605042, -33.88092]]}}, {"type": "Feature", "properties": {"kind": "road", "highway": "footway", "name": null, "osm_id": 1274058575}, "geometry": {"type": "LineString", "coordinates": [[151.2594532, -33.879039], [151.2595041, -33.8795038], [151.2600314, -33.8801542], [151.2602783, -33.8803697], [151.2604022, -33.8804976], [151.2604185, -33.8805342], [151.2604266, -33.8806102], [151.260415, -33.8806718], [151.2603898, -33.8807538], [151.2603571, -33.8808603], [151.2601937, -33.8813327]]}}, {"type": "Feature", "properties": {"kind": "road", "highway": "footway", "name": null, "osm_id": 1274058576}, "geometry": {"type": "LineString", "coordinates": [[151.2604718, -33.8807785], [151.2603898, -33.8807538]]}}, {"type": "Feature", "properties": {"kind": "road", "highway": "footway", "name": null, "osm_id": 1274058585}, "geometry": {"type": "LineString", "coordinates": [[151.2540124, -33.878661], [151.2538189, -33.8784869], [151.2538026, -33.8784551], [151.2559141, -33.878102], [151.2559836, -33.8781068], [151.2564506, -33.878255], [151.2565595, -33.878305], [151.2569732, -33.8786879], [151.2571795, -33.8788765], [151.2572351, -33.8789362], [151.2573371, -33.8790747], [151.2573777, -33.8791411], [151.2574275, -33.8793681], [151.2574611, -33.8794441], [151.2575642, -33.8796645], [151.2576141, -33.8797866], [151.2576407, -33.8799136], [151.257657, -33.8799887], [151.2576917, -33.8800214], [151.2579849, -33.8801744], [151.2580428, -33.8802013], [151.2580637, -33.8802302], [151.2581854, -33.8803793]]}}, {"type": "Feature", "properties": {"kind": "road", "highway": "footway", "name": null, "osm_id": 1274073320}, "geometry": {"type": "LineString", "coordinates": [[151.2592058, -33.8756269], [151.2593668, -33.876599], [151.2593972, -33.8768365], [151.2593916, -33.8768762], [151.2593705, -33.8769449], [151.2592969, -33.8771458], [151.2591304, -33.877549], [151.2591028, -33.8776292], [151.2590909, -33.8777147], [151.2590918, -33.8777834], [151.2591148, -33.8778666], [151.25917, -33.8779904], [151.2592104, -33.878056], [151.259353, -33.8781782], [151.2594717, -33.8782767], [151.2595278, -33.8783424], [151.2595563, -33.8784058], [151.2595829, -33.8785096], [151.2595912, -33.8786226], [151.2596593, -33.879232], [151.2596768, -33.879413], [151.2596933, -33.8794534], [151.2597982, -33.8795748], [151.2600934, -33.8799452], [151.2601762, -33.8800681], [151.2602627, -33.8801544], [151.260431, -33.880301]]}}, {"type": "Feature", "properties": {"kind": "road", "highway": "footway", "name": null, "osm_id": 1274073321}, "geometry": {"type": "LineString", "coordinates": [[151.260431, -33.880301], [151.2604659, -33.8802913], [151.2605046, -33.8802804]]}}, {"type": "Feature", "properties": {"kind": "road", "highway": "footway", "name": null, "osm_id": 1274073322}, "geometry": {"type": "LineString", "coordinates": [[151.2610481, -33.8795855], [151.2610196, -33.8796611], [151.2609985, -33.8797925], [151.2606011, -33.8804728], [151.2606039, -33.8805026], [151.2607179, -33.8811059], [151.2607391, -33.8812006], [151.2607593, -33.8812334], [151.2612762, -33.8818435], [151.2616, -33.8822024], [151.261623, -33.8822474], [151.2616405, -33.8823322], [151.2617233, -33.8827407], [151.2617398, -33.8829919], [151.2617545, -33.8830095], [151.2617794, -33.8830095], [151.2623331, -33.8827476], [151.2623505, -33.8827247], [151.262414, -33.8824376], [151.2624388, -33.8824055], [151.2627625, -33.8821798], [151.2627893, -33.8821611]]}}, {"type": "Feature", "properties": {"kind": "road", "highway": "footway", "name": null, "osm_id": 1274073323}, "geometry": {"type": "LineString", "coordinates": [[151.2627625, -33.8821798], [151.2628013, -33.8822409], [151.2628472, -33.8823131]]}}, {"type": "Feature", "properties": {"kind": "road", "highway": "footway", "name": null, "osm_id": 1274073324}, "geometry": {"type": "LineString", "coordinates": [[151.2628472, -33.8823131], [151.262586, -33.8825124], [151.2625189, -33.8828285], [151.2624931, -33.8828537], [151.2621585, -33.883012], [151.2621234, -33.8830286]]}}, {"type": "Feature", "properties": {"kind": "road", "highway": "footway", "name": null, "osm_id": 1274073325}, "geometry": {"type": "LineString", "coordinates": [[151.2621234, -33.8830286], [151.2620669, -33.8830566], [151.2619885, -33.8830954]]}}, {"type": "Feature", "properties": {"kind": "road", "highway": "footway", "name": null, "osm_id": 1274073326}, "geometry": {"type": "LineString", "coordinates": [[151.2621585, -33.883012], [151.2626614, -33.8837685], [151.2627672, -33.8838425], [151.2636999, -33.8845695], [151.2637366, -33.8846145], [151.263767, -33.8846764], [151.2637941, -33.8847422], [151.2638029, -33.8847695], [151.2638268, -33.8847924], [151.2643676, -33.8850673], [151.2644256, -33.8850955], [151.2644697, -33.8851024]]}}, {"type": "Feature", "properties": {"kind": "road", "highway": "footway", "name": null, "osm_id": 1274073327}, "geometry": {"type": "LineString", "coordinates": [[151.2644697, -33.8851024], [151.2644729, -33.8851746], [151.2644761, -33.8852467]]}}, {"type": "Feature", "properties": {"kind": "road", "highway": "footway", "name": null, "osm_id": 1274073328}, "geometry": {"type": "LineString", "coordinates": [[151.2644761, -33.8852467], [151.2644658, -33.8852872]]}}, {"type": "Feature", "properties": {"kind": "road", "highway": "footway", "name": null, "osm_id": 1274073329}, "geometry": {"type": "LineString", "coordinates": [[151.2675548, -33.8853518], [151.267447, -33.8854431], [151.2673088, -33.8855602], [151.2672205, -33.885593], [151.2671307, -33.8856136], [151.2670088, -33.8856202], [151.2668876, -33.8856154], [151.2668036, -33.8856087], [151.2667233, -33.8855924], [151.2666525, -33.8855699], [151.2665934, -33.8855433], [151.266435, -33.8854596], [151.2661999, -33.8853409], [151.2655049, -33.88497], [151.265221, -33.8848203], [151.2651421, -33.8847845], [151.2650881, -33.8847645], [151.2650428, -33.8847536], [151.2649888, -33.8847494], [151.2649333, -33.8847518], [151.2648669, -33.8847694], [151.2648165, -33.8848008], [151.2647447, -33.8848734], [151.2647226, -33.8849321], [151.2647199, -33.8849864], [151.2647328, -33.8850719], [151.2647659, -33.8851269], [151.2648395, -33.8851826], [151.2650326, -33.8852796], [151.265383, -33.8854705], [151.2655026, -33.8855575], [151.265601, -33.8856507], [151.26567, -33.8857522], [151.265693, -33.8857919], [151.2657362, -33.8859309], [151.2657473, -33.8860607], [151.2657298, -33.8861783], [151.2656672, -33.8863073], [151.2654759, -33.8865738], [151.2653738, -33.8866685], [151.265246, -33.8867738], [151.2650832, -33.8868693], [151.2649544, -33.8869273], [151.2647843, -33.8869861], [151.2645663, -33.8870357], [151.2644165, -33.8870719], [151.264198, -33.8870975]]}}, {"type": "Feature", "properties": {"kind": "road", "highway": "footway", "name": null, "osm_id": 1274073330}, "geometry": {"type": "LineString", "coordinates": [[151.2624144, -33.886759], [151.2624683, -33.8867838]]}}, {"type": "Feature", "properties": {"kind": "road", "highway": "footway", "name": null, "osm_id": 1274073331}, "geometry": {"type": "LineString", "coordinates": [[151.2625035, -33.8867994], [151.2623984, -33.8873175], [151.2621859, -33.8877878], [151.2621289, -33.8878535], [151.2621022, -33.8878947], [151.2620912, -33.8879277]]}}, {"type": "Feature", "properties": {"kind": "road", "highway": "footway", "name": null, "osm_id": 1274073332}, "geometry": {"type": "LineString", "coordinates": [[151.2626311, -33.8867746], [151.2626032, -33.8868403]]}}, {"type": "Feature", "properties": {"kind": "road", "highway": "footway", "name": null, "osm_id": 1274073333}, "geometry": {"type": "LineString", "coordinates": [[151.2626688, -33.8866669], [151.2626951, -33.8866051]]}}, {"type": "Feature", "properties": {"kind": "road", "highway": "footway", "name": null, "osm_id": 1274073334}, "geometry": {"type": "LineString", "coordinates": [[151.2626688, -33.8866669], [151.2626512, -33.8867172], [151.2626311, -33.8867746]]}}, {"type": "Feature", "properties": {"kind": "road", "highway": "tertiary", "name": "Victoria Road", "osm_id": 1274073335}, "geometry": {"type": "LineString", "coordinates": [[151.2590049, -33.8870488], [151.2589638, -33.8872293]]}}, {"type": "Feature", "properties": {"kind": "road", "highway": "footway", "name": null, "osm_id": 1274073337}, "geometry": {"type": "LineString", "coordinates": [[151.2627893, -33.8821611], [151.2628319, -33.8821304], [151.2628901, -33.8820884]]}}, {"type": "Feature", "properties": {"kind": "road", "highway": "footway", "name": null, "osm_id": 1275867734}, "geometry": {"type": "LineString", "coordinates": [[151.2567298, -33.8876043], [151.2564016, -33.887612], [151.2563601, -33.8875982], [151.2563233, -33.8875757], [151.2562964, -33.8875321], [151.2561386, -33.8874486]]}}, {"type": "Feature", "properties": {"kind": "road", "highway": "footway", "name": null, "osm_id": 1279821413}, "geometry": {"type": "LineString", "coordinates": [[151.2569345, -33.8859355], [151.256691, -33.8858322], [151.2565803, -33.8857714], [151.2558811, -33.8853713], [151.2557389, -33.8852667], [151.2554414, -33.8849763]]}}, {"type": "Feature", "properties": {"kind": "road", "highway": "footway", "name": null, "osm_id": 1279821414}, "geometry": {"type": "LineString", "coordinates": [[151.2569345, -33.8859355], [151.2569922, -33.8859597], [151.2570469, -33.8859828]]}}, {"type": "Feature", "properties": {"kind": "road", "highway": "footway", "name": null, "osm_id": 1279821415}, "geometry": {"type": "LineString", "coordinates": [[151.2553737, -33.8849103], [151.2552875, -33.8848262], [151.2551905, -33.8847683], [151.2550355, -33.8846658], [151.2550312, -33.8846403], [151.2550414, -33.8846071], [151.2550423, -33.8845201], [151.2550304, -33.88433]]}}, {"type": "Feature", "properties": {"kind": "road", "highway": "footway", "name": null, "osm_id": 1279821416}, "geometry": {"type": "LineString", "coordinates": [[151.2554414, -33.8849763], [151.2554061, -33.8849419], [151.2553737, -33.8849103]]}}, {"type": "Feature", "properties": {"kind": "road", "highway": "footway", "name": null, "osm_id": 1279821417}, "geometry": {"type": "LineString", "coordinates": [[151.2569977, -33.8861366], [151.25704, -33.8860658], [151.2570733, -33.8860125]]}}, {"type": "Feature", "properties": {"kind": "road", "highway": "footway", "name": null, "osm_id": 1279821418}, "geometry": {"type": "LineString", "coordinates": [[151.2570469, -33.8859828], [151.2570733, -33.8860125], [151.258022, -33.886321], [151.2580965, -33.886335]]}}, {"type": "Feature", "properties": {"kind": "road", "highway": "footway", "name": null, "osm_id": 1279821419}, "geometry": {"type": "LineString", "coordinates": [[151.258022, -33.886321], [151.2579846, -33.8863959], [151.2579562, -33.8864608]]}}, {"type": "Feature", "properties": {"kind": "road", "highway": "footway", "name": null, "osm_id": 1279821420}, "geometry": {"type": "LineString", "coordinates": [[151.2580965, -33.886335], [151.2581393, -33.8863496], [151.258176, -33.8863622]]}}, {"type": "Feature", "properties": {"kind": "road", "highway": "footway", "name": null, "osm_id": 1279821421}, "geometry": {"type": "LineString", "coordinates": [[151.258176, -33.8863622], [151.2582068, -33.8863886], [151.2583796, -33.8864636], [151.2584909, -33.8865197], [151.2585932, -33.8866013], [151.2587363, -33.8867391], [151.2587951, -33.8868082], [151.2588406, -33.8868718], [151.2588575, -33.8868901]]}}, {"type": "Feature", "properties": {"kind": "road", "highway": "tertiary", "name": "Victoria Road", "osm_id": 1279824086}, "geometry": {"type": "LineString", "coordinates": [[151.2588678, -33.8874623], [151.2588258, -33.8873186]]}}, {"type": "Feature", "properties": {"kind": "road", "highway": "footway", "name": null, "osm_id": 1283202380}, "geometry": {"type": "LineString", "coordinates": [[151.2706801, -33.8885862], [151.2706032, -33.8885358]]}}, {"type": "Feature", "properties": {"kind": "road", "highway": "footway", "name": null, "osm_id": 1287983536}, "geometry": {"type": "LineString", "coordinates": [[151.2754556, -33.8979923], [151.2757504, -33.8983189], [151.2759186, -33.8985053]]}}, {"type": "Feature", "properties": {"kind": "road", "highway": "footway", "name": null, "osm_id": 1290366552}, "geometry": {"type": "LineString", "coordinates": [[151.2732146, -33.8940038], [151.2732262, -33.8939261], [151.2732388, -33.8938408]]}}, {"type": "Feature", "properties": {"kind": "road", "highway": "footway", "name": null, "osm_id": 1290366553}, "geometry": {"type": "LineString", "coordinates": [[151.2712932, -33.8952589], [151.2714165, -33.8953201], [151.2719801, -33.8955322], [151.2721195, -33.8955855], [151.2722758, -33.8956321], [151.2724035, -33.89566], [151.2725809, -33.8956849], [151.2726948, -33.8963557], [151.2726855, -33.896381]]}}, {"type": "Feature", "properties": {"kind": "road", "highway": "footway", "name": null, "osm_id": 1290366554}, "geometry": {"type": "LineString", "coordinates": [[151.2725809, -33.8956849], [151.272632, -33.8956994]]}}, {"type": "Feature", "properties": {"kind": "road", "highway": "footway", "name": null, "osm_id": 1290405097}, "geometry": {"type": "LineString", "coordinates": [[151.2625556, -33.8936675], [151.2634943, -33.8938116], [151.2636845, -33.8938408], [151.2637982, -33.8938582], [151.263934, -33.8938798], [151.2639438, -33.8938783], [151.2639746, -33.8938736]]}}, {"type": "Feature", "properties": {"kind": "road", "highway": "footway", "name": null, "osm_id": 1290405098}, "geometry": {"type": "LineString", "coordinates": [[151.2639746, -33.8938736], [151.2640416, -33.8938852], [151.2641166, -33.8938958]]}}, {"type": "Feature", "properties": {"kind": "road", "highway": "footway", "name": null, "osm_id": 1290405099}, "geometry": {"type": "LineString", "coordinates": [[151.2675491, -33.8944174], [151.2679903, -33.894493], [151.2682952, -33.8945362], [151.2684628, -33.8945642], [151.2684893, -33.8945616]]}}, {"type": "Feature", "properties": {"kind": "road", "highway": "footway", "name": null, "osm_id": 1290405100}, "geometry": {"type": "LineString", "coordinates": [[151.267401, -33.8943962], [151.267474, -33.8944067], [151.2675491, -33.8944174]]}}, {"type": "Feature", "properties": {"kind": "road", "highway": "footway", "name": null, "osm_id": 1290405101}, "geometry": {"type": "LineString", "coordinates": [[151.2828816, -33.8896771], [151.2828398, -33.8897212], [151.2827972, -33.8897661]]}}, {"type": "Feature", "properties": {"kind": "road", "highway": "footway", "name": null, "osm_id": 1290405102}, "geometry": {"type": "LineString", "coordinates": [[151.2828816, -33.8896771], [151.2828868, -33.8896688]]}}, {"type": "Feature", "properties": {"kind": "road", "highway": "footway", "name": null, "osm_id": 1290405103}, "geometry": {"type": "LineString", "coordinates": [[151.2811134, -33.8896771], [151.2811509, -33.8896733], [151.2812471, -33.8896637], [151.2816756, -33.889609], [151.2817178, -33.889609], [151.2817557, -33.8896146], [151.2818933, -33.8896408], [151.2820474, -33.8896748], [151.2820805, -33.8896817], [151.2821041, -33.8896905], [151.2821302, -33.8897089], [151.282399, -33.8898928], [151.282442, -33.889917], [151.2824728, -33.8899209], [151.2825051, -33.8899144], [151.2825402, -33.889901], [151.2827684, -33.889788], [151.2827972, -33.8897661]]}}, {"type": "Feature", "properties": {"kind": "road", "highway": "footway", "name": null, "osm_id": 1290405104}, "geometry": {"type": "LineString", "coordinates": [[151.2811134, -33.8896771], [151.281025, -33.8896856], [151.2808978, -33.8896977]]}}, {"type": "Feature", "properties": {"kind": "road", "highway": "footway", "name": null, "osm_id": 1290405105}, "geometry": {"type": "LineString", "coordinates": [[151.2807716, -33.8895832], [151.2808737, -33.8896454], [151.2808923, -33.8896601], [151.280899, -33.8896745], [151.2808994, -33.8896879], [151.2808978, -33.8896977], [151.2808828, -33.8897115], [151.2808631, -33.8897164], [151.2808397, -33.8897201]]}}, {"type": "Feature", "properties": {"kind": "road", "highway": "footway", "name": null, "osm_id": 1290405106}, "geometry": {"type": "LineString", "coordinates": [[151.2809344, -33.8895354], [151.2811174, -33.8896526], [151.2811509, -33.8896733]]}}, {"type": "Feature", "properties": {"kind": "road", "highway": "footway", "name": null, "osm_id": 1292583737}, "geometry": {"type": "LineString", "coordinates": [[151.2627284, -33.900482], [151.2623347, -33.9004223], [151.2623536, -33.900339]]}}, {"type": "Feature", "properties": {"kind": "road", "highway": "footway", "name": null, "osm_id": 1292583738}, "geometry": {"type": "LineString", "coordinates": [[151.2621401, -33.900229], [151.2627628, -33.9003251]]}}, {"type": "Feature", "properties": {"kind": "road", "highway": "footway", "name": null, "osm_id": 1292583739}, "geometry": {"type": "LineString", "coordinates": [[151.2623967, -33.9008872], [151.2626145, -33.900922], [151.2626395, -33.900923], [151.2626533, -33.9009168], [151.2626633, -33.9009012], [151.2627328, -33.900591], [151.262753, -33.9005008], [151.2627284, -33.900482], [151.2627555, -33.9003583], [151.2627628, -33.9003251], [151.2628375, -33.8999918], [151.2629233, -33.8996088]]}}, {"type": "Feature", "properties": {"kind": "road", "highway": "footway", "name": null, "osm_id": 1292583740}, "geometry": {"type": "LineString", "coordinates": [[151.2627284, -33.900482], [151.2626414, -33.9008939], [151.2626301, -33.9009053], [151.2624468, -33.9008809], [151.2623967, -33.9008872], [151.2622284, -33.9008627]]}}, {"type": "Feature", "properties": {"kind": "road", "highway": "footway", "name": null, "osm_id": 1292583741}, "geometry": {"type": "LineString", "coordinates": [[151.2626395, -33.900923], [151.2626051, -33.9010404], [151.2625819, -33.9010793], [151.2625544, -33.9011064], [151.2624937, -33.9011386], [151.2624036, -33.9011674], [151.2615265, -33.901431], [151.2610472, -33.9016454], [151.26095, -33.901689], [151.2607141, -33.9017512], [151.2600967, -33.9019051], [151.2597952, -33.9019858], [151.2597424, -33.902065], [151.259544, -33.9020374]]}}, {"type": "Feature", "properties": {"kind": "road", "highway": "footway", "name": null, "osm_id": 1292583742}, "geometry": {"type": "LineString", "coordinates": [[151.262753, -33.9005008], [151.2628237, -33.9005139], [151.2629165, -33.9005311]]}}, {"type": "Feature", "properties": {"kind": "road", "highway": "footway", "name": null, "osm_id": 1292583743}, "geometry": {"type": "LineString", "coordinates": [[151.2627555, -33.9003583], [151.2628545, -33.9003739], [151.2629459, -33.9003882]]}}, {"type": "Feature", "properties": {"kind": "road", "highway": "footway", "name": null, "osm_id": 1292583744}, "geometry": {"type": "LineString", "coordinates": [[151.2629165, -33.9005311], [151.2629997, -33.9005488], [151.2638402, -33.9006724], [151.2647989, -33.9008085], [151.265303, -33.9008875], [151.2655974, -33.9009336], [151.2661463, -33.9010157], [151.2661594, -33.901023], [151.26616, -33.9010464], [151.2661632, -33.9011663], [151.2661838, -33.9012214], [151.2662232, -33.9012837], [151.2662914, -33.9013528], [151.2663766, -33.9014042], [151.2664654, -33.9014302], [151.267488, -33.9015653], [151.2681013, -33.9016489], [151.2681201, -33.9016608], [151.2681232, -33.9016769], [151.2681019, -33.9016993], [151.2676657, -33.9021387], [151.2675249, -33.9022795], [151.2675068, -33.9022826], [151.2662871, -33.9021034], [151.2655747, -33.901701]]}}, {"type": "Feature", "properties": {"kind": "road", "highway": "footway", "name": null, "osm_id": 1292583746}, "geometry": {"type": "LineString", "coordinates": [[151.2651212, -33.9006963], [151.2651787, -33.9007048], [151.2664454, -33.9008916], [151.2665042, -33.9008999], [151.2665524, -33.9009586], [151.2665599, -33.9009882], [151.2665192, -33.9011913], [151.2665105, -33.9012562], [151.2674568, -33.901396]]}}, {"type": "Feature", "properties": {"kind": "road", "highway": "footway", "name": null, "osm_id": 1292583747}, "geometry": {"type": "LineString", "coordinates": [[151.264986, -33.900675], [151.2650682, -33.9006879], [151.2651212, -33.9006963]]}}, {"type": "Feature", "properties": {"kind": "road", "highway": "footway", "name": null, "osm_id": 1292583748}, "geometry": {"type": "LineString", "coordinates": [[151.2651253, -33.8999905], [151.2650549, -33.9003521], [151.264986, -33.900675]]}}, {"type": "Feature", "properties": {"kind": "road", "highway": "footway", "name": null, "osm_id": 1292583749}, "geometry": {"type": "LineString", "coordinates": [[151.2631186, -33.8996387], [151.2630268, -33.9000369], [151.2629459, -33.9003882], [151.2630078, -33.9003992], [151.2644365, -33.9006059], [151.2649553, -33.9006848], [151.2649716, -33.9006848], [151.264986, -33.900675]]}}, {"type": "Feature", "properties": {"kind": "road", "highway": "footway", "name": null, "osm_id": 1292583750}, "geometry": {"type": "LineString", "coordinates": [[151.2631336, -33.8995624], [151.2631253, -33.8996048], [151.2631186, -33.8996387]]}}, {"type": "Feature", "properties": {"kind": "road", "highway": "footway", "name": null, "osm_id": 1292583751}, "geometry": {"type": "LineString", "coordinates": [[151.2629407, -33.899533], [151.2629319, -33.8995717], [151.2629233, -33.8996088]]}}, {"type": "Feature", "properties": {"kind": "road", "highway": "footway", "name": null, "osm_id": 1292583752}, "geometry": {"type": "LineString", "coordinates": [[151.2631191, -33.8987527], [151.2630313, -33.8991368], [151.2629407, -33.899533]]}}, {"type": "Feature", "properties": {"kind": "road", "highway": "footway", "name": null, "osm_id": 1292583753}, "geometry": {"type": "LineString", "coordinates": [[151.2633283, -33.898793], [151.2632999, -33.8988054], [151.2632193, -33.8991689], [151.2631336, -33.8995624]]}}, {"type": "Feature", "properties": {"kind": "road", "highway": "footway", "name": null, "osm_id": 1292583754}, "geometry": {"type": "LineString", "coordinates": [[151.2633283, -33.898793], [151.2633426, -33.8987349], [151.2633522, -33.8986965]]}}, {"type": "Feature", "properties": {"kind": "road", "highway": "footway", "name": null, "osm_id": 1292583755}, "geometry": {"type": "LineString", "coordinates": [[151.2631936, -33.8986126], [151.2631614, -33.8986583]]}}, {"type": "Feature", "properties": {"kind": "road", "highway": "footway", "name": null, "osm_id": 1292583756}, "geometry": {"type": "LineString", "coordinates": [[151.2631614, -33.8986583], [151.2631446, -33.8986959], [151.2631191, -33.8987527]]}}, {"type": "Feature", "properties": {"kind": "road", "highway": "footway", "name": "Cooper Creek Path", "osm_id": 1298211062}, "geometry": {"type": "LineString", "coordinates": [[151.2571167, -33.8872796], [151.2570446, -33.8872987], [151.2569973, -33.8873306], [151.2569271, -33.8873259], [151.2568389, -33.8873112], [151.2567067, -33.8873314], [151.2566111, -33.8873295], [151.2564996, -33.8873184], [151.2564214, -33.8873515], [151.2563335, -33.8873614], [151.2562058, -33.8873961], [151.2561386, -33.8874486], [151.2560882, -33.8874546]]}}, {"type": "Feature", "properties": {"kind": "road", "highway": "footway", "name": null, "osm_id": 1299897456}, "geometry": {"type": "LineString", "coordinates": [[151.2665462, -33.898411], [151.2662511, -33.8998736]]}}, {"type": "Feature", "properties": {"kind": "road", "highway": "footway", "name": null, "osm_id": 1299897532}, "geometry": {"type": "LineString", "coordinates": [[151.2662843, -33.9000013], [151.2653596, -33.899841], [151.2656915, -33.8982686]]}}, {"type": "Feature", "properties": {"kind": "road", "highway": "footway", "name": null, "osm_id": 1299960944}, "geometry": {"type": "LineString", "coordinates": [[151.2559236, -33.8957859], [151.2561346, -33.8958142], [151.2562637, -33.8958336], [151.2562578, -33.8958898], [151.2562496, -33.8959292], [151.2561, -33.8966306]]}}, {"type": "Feature", "properties": {"kind": "road", "highway": "footway", "name": null, "osm_id": 1299960946}, "geometry": {"type": "LineString", "coordinates": [[151.2559974, -33.8966176], [151.2560444, -33.8966236], [151.2561, -33.8966306]]}}, {"type": "Feature", "properties": {"kind": "road", "highway": "footway", "name": null, "osm_id": 1299960947}, "geometry": {"type": "LineString", "coordinates": [[151.2561, -33.8966306], [151.2562008, -33.8966436], [151.2568903, -33.8967374]]}}, {"type": "Feature", "properties": {"kind": "road", "highway": "footway", "name": null, "osm_id": 1299960948}, "geometry": {"type": "LineString", "coordinates": [[151.2568903, -33.8967374], [151.2569426, -33.8967447], [151.2569691, -33.8967484]]}}, {"type": "Feature", "properties": {"kind": "road", "highway": "footway", "name": null, "osm_id": 1299960949}, "geometry": {"type": "LineString", "coordinates": [[151.2569691, -33.8967484], [151.2570722, -33.8967623], [151.2577615, -33.896855], [151.2588404, -33.8969872], [151.2588674, -33.8969866], [151.2588971, -33.8969793], [151.2589225, -33.8969661], [151.2589418, -33.8969468], [151.2589519, -33.8969221], [151.2589634, -33.8968643]]}}, {"type": "Feature", "properties": {"kind": "road", "highway": "footway", "name": null, "osm_id": 1299960950}, "geometry": {"type": "LineString", "coordinates": [[151.2590567, -33.8970186], [151.2589833, -33.8970078], [151.2588998, -33.8969956]]}}, {"type": "Feature", "properties": {"kind": "road", "highway": "footway", "name": null, "osm_id": 1299960951}, "geometry": {"type": "LineString", "coordinates": [[151.2588674, -33.8969866], [151.2588998, -33.8969956]]}}, {"type": "Feature", "properties": {"kind": "road", "highway": "footway", "name": null, "osm_id": 1299960952}, "geometry": {"type": "LineString", "coordinates": [[151.257884, -33.8970285], [151.2585333, -33.897112], [151.2592789, -33.897214]]}}, {"type": "Feature", "properties": {"kind": "road", "highway": "footway", "name": null, "osm_id": 1299960953}, "geometry": {"type": "LineString", "coordinates": [[151.2592789, -33.897214], [151.2593186, -33.8972194], [151.2593687, -33.8972263]]}}, {"type": "Feature", "properties": {"kind": "road", "highway": "footway", "name": null, "osm_id": 1299960954}, "geometry": {"type": "LineString", "coordinates": [[151.2557775, -33.8965868], [151.2557615, -33.8966608], [151.2557453, -33.8967356]]}}, {"type": "Feature", "properties": {"kind": "road", "highway": "footway", "name": "Cadigal Track", "osm_id": 1304172899}, "geometry": {"type": "LineString", "coordinates": [[151.2550311, -33.886597], [151.2550601, -33.8866412]]}}, {"type": "Feature", "properties": {"kind": "road", "highway": "footway", "name": null, "osm_id": 1304172902}, "geometry": {"type": "LineString", "coordinates": [[151.2551605, -33.8864184], [151.2551204, -33.8863598]]}}, {"type": "Feature", "properties": {"kind": "road", "highway": "footway", "name": "MacPherson Street", "osm_id": 1305485036}, "geometry": {"type": "LineString", "coordinates": [[151.2543228, -33.9045632], [151.2543508, -33.9045963], [151.2543826, -33.9046247], [151.2544235, -33.904644], [151.254466, -33.9046568], [151.2545197, -33.9046679], [151.2551923, -33.9047686], [151.2558507, -33.9048702], [151.2565676, -33.9049809], [151.2568429, -33.9050234], [151.2572959, -33.9050933]]}}, {"type": "Feature", "properties": {"kind": "road", "highway": "footway", "name": null, "osm_id": 1305485037}, "geometry": {"type": "LineString", "coordinates": [[151.2568182, -33.9042251], [151.2568992, -33.9041971], [151.2569949, -33.904164]]}}, {"type": "Feature", "properties": {"kind": "road", "highway": "footway", "name": null, "osm_id": 1305485038}, "geometry": {"type": "LineString", "coordinates": [[151.2568111, -33.9037675], [151.256968, -33.9040997], [151.2569949, -33.904164], [151.2570415, -33.9042499], [151.2575174, -33.905085], [151.2575412, -33.905113], [151.2575691, -33.9051337], [151.2575959, -33.9051526]]}}, {"type": "Feature", "properties": {"kind": "road", "highway": "footway", "name": null, "osm_id": 1305485039}, "geometry": {"type": "LineString", "coordinates": [[151.2567167, -33.9035762], [151.2566341, -33.9036207], [151.2565371, -33.903647]]}}, {"type": "Feature", "properties": {"kind": "road", "highway": "footway", "name": null, "osm_id": 1305485040}, "geometry": {"type": "LineString", "coordinates": [[151.2568478, -33.9036124], [151.256831, -33.9036956], [151.2568111, -33.9037675]]}}, {"type": "Feature", "properties": {"kind": "road", "highway": "footway", "name": null, "osm_id": 1305485041}, "geometry": {"type": "LineString", "coordinates": [[151.2566144, -33.9032983], [151.2565925, -33.9032439], [151.2565776, -33.9032043], [151.2565538, -33.9031779], [151.2565846, -33.903107], [151.2566879, -33.9026057], [151.2595261, -33.9030172], [151.259539, -33.9030328], [151.2589519, -33.9034236], [151.25879, -33.9035102], [151.2586886, -33.9035465], [151.2585654, -33.9035729], [151.2579466, -33.9036347], [151.2578234, -33.903643], [151.2568478, -33.9036124], [151.2567336, -33.903605], [151.2567167, -33.9035762], [151.2566144, -33.9032983]]}}, {"type": "Feature", "properties": {"kind": "road", "highway": "footway", "name": null, "osm_id": 1305485042}, "geometry": {"type": "LineString", "coordinates": [[151.2568111, -33.9037675], [151.2575661, -33.9037914], [151.2578075, -33.9037963], [151.2580002, -33.9037782], [151.2587512, -33.9037023]]}}, {"type": "Feature", "properties": {"kind": "road", "highway": "footway", "name": null, "osm_id": 1305485043}, "geometry": {"type": "LineString", "coordinates": [[151.2586886, -33.9035465], [151.2587283, -33.9036176], [151.2587512, -33.9037023]]}}, {"type": "Feature", "properties": {"kind": "road", "highway": "footway", "name": null, "osm_id": 1305485044}, "geometry": {"type": "LineString", "coordinates": [[151.2596455, -33.9030723], [151.259693, -33.9031375]]}}, {"type": "Feature", "properties": {"kind": "road", "highway": "footway", "name": null, "osm_id": 1305485045}, "geometry": {"type": "LineString", "coordinates": [[151.259539, -33.9030328], [151.2596066, -33.9030579], [151.2596455, -33.9030723]]}}, {"type": "Feature", "properties": {"kind": "road", "highway": "footway", "name": null, "osm_id": 1305485046}, "geometry": {"type": "LineString", "coordinates": [[151.2600297, -33.9029866], [151.2600102, -33.9029018], [151.2600059, -33.9028193]]}}, {"type": "Feature", "properties": {"kind": "road", "highway": "footway", "name": null, "osm_id": 1305485047}, "geometry": {"type": "LineString", "coordinates": [[151.2596542, -33.9027954], [151.2597479, -33.9027887], [151.25984, -33.9027665]]}}, {"type": "Feature", "properties": {"kind": "road", "highway": "footway", "name": null, "osm_id": 1305485048}, "geometry": {"type": "LineString", "coordinates": [[151.2598251, -33.902703], [151.25984, -33.9027665], [151.2598499, -33.9027838], [151.2598758, -33.9027937], [151.2600059, -33.9028193], [151.2606295, -33.9029016], [151.260749, -33.9029174], [151.2608642, -33.902919], [151.2610251, -33.9028992]]}}, {"type": "Feature", "properties": {"kind": "road", "highway": "footway", "name": null, "osm_id": 1305485049}, "geometry": {"type": "LineString", "coordinates": [[151.2606295, -33.9029016], [151.2606144, -33.9029707], [151.260598, -33.903046]]}}, {"type": "Feature", "properties": {"kind": "road", "highway": "footway", "name": null, "osm_id": 1305485050}, "geometry": {"type": "LineString", "coordinates": [[151.2600297, -33.9029866], [151.2600854, -33.9029743], [151.260143, -33.9029784], [151.2603268, -33.9030048], [151.260598, -33.903046], [151.2613063, -33.903145], [151.2610212, -33.9045483]]}}, {"type": "Feature", "properties": {"kind": "road", "highway": "footway", "name": null, "osm_id": 1305485051}, "geometry": {"type": "LineString", "coordinates": [[151.2595916, -33.9028704], [151.259596, -33.9029183], [151.2595982, -33.902951]]}}, {"type": "Feature", "properties": {"kind": "road", "highway": "footway", "name": null, "osm_id": 1305485052}, "geometry": {"type": "LineString", "coordinates": [[151.2595261, -33.9030172], [151.2595592, -33.902979]]}}, {"type": "Feature", "properties": {"kind": "road", "highway": "footway", "name": null, "osm_id": 1305485053}, "geometry": {"type": "LineString", "coordinates": [[151.2588953, -33.9021028], [151.2596592, -33.9022207], [151.2595807, -33.9023592], [151.2595767, -33.9023814], [151.2595767, -33.9024153], [151.2596542, -33.9027954], [151.2596592, -33.9028671], [151.2596473, -33.9028786], [151.2595916, -33.9028704], [151.2588515, -33.902755]]}}, {"type": "Feature", "properties": {"kind": "road", "highway": "footway", "name": null, "osm_id": 1305485901}, "geometry": {"type": "LineString", "coordinates": [[151.2651432, -33.8999071], [151.2651335, -33.8999522], [151.2651253, -33.8999905]]}}, {"type": "Feature", "properties": {"kind": "road", "highway": "footway", "name": null, "osm_id": 1305485902}, "geometry": {"type": "LineString", "coordinates": [[151.265305, -33.8991253], [151.2652261, -33.8995072], [151.2651543, -33.8998668], [151.2651432, -33.8999071]]}}, {"type": "Feature", "properties": {"kind": "road", "highway": "footway", "name": null, "osm_id": 1305485903}, "geometry": {"type": "LineString", "coordinates": [[151.2653272, -33.8990235], [151.2653148, -33.8990803], [151.265305, -33.8991253]]}}, {"type": "Feature", "properties": {"kind": "road", "highway": "footway", "name": null, "osm_id": 1305485904}, "geometry": {"type": "LineString", "coordinates": [[151.2653272, -33.8990235], [151.2654906, -33.8982348]]}}, {"type": "Feature", "properties": {"kind": "road", "highway": "footway", "name": null, "osm_id": 1305485905}, "geometry": {"type": "LineString", "coordinates": [[151.2666984, -33.8984335], [151.2666122, -33.8984207], [151.2665462, -33.898411], [151.2664779, -33.8984009], [151.2656915, -33.8982686], [151.2656304, -33.8982583]]}}, {"type": "Feature", "properties": {"kind": "road", "highway": "footway", "name": null, "osm_id": 1305485906}, "geometry": {"type": "LineString", "coordinates": [[151.2656304, -33.8982583], [151.2655693, -33.898248], [151.2655175, -33.8982393]]}}, {"type": "Feature", "properties": {"kind": "road", "highway": "footway", "name": null, "osm_id": 1305485907}, "geometry": {"type": "LineString", "coordinates": [[151.2593687, -33.8972263], [151.2594188, -33.8972331], [151.2601066, -33.897322], [151.2601579, -33.8973333], [151.261035, -33.8974807]]}}, {"type": "Feature", "properties": {"kind": "road", "highway": "footway", "name": null, "osm_id": 1305485908}, "geometry": {"type": "LineString", "coordinates": [[151.261035, -33.8974807], [151.2611165, -33.8974941], [151.2611592, -33.8975016]]}}, {"type": "Feature", "properties": {"kind": "road", "highway": "footway", "name": null, "osm_id": 1306352416}, "geometry": {"type": "LineString", "coordinates": [[151.2616622, -33.8974187], [151.2616294, -33.8974131], [151.2614226, -33.897378], [151.2601422, -33.8971614]]}}, {"type": "Feature", "properties": {"kind": "road", "highway": "footway", "name": null, "osm_id": 1306352417}, "geometry": {"type": "LineString", "coordinates": [[151.2617845, -33.8974395], [151.2617371, -33.8974314], [151.2616622, -33.8974187]]}}, {"type": "Feature", "properties": {"kind": "road", "highway": "footway", "name": null, "osm_id": 1306352418}, "geometry": {"type": "LineString", "coordinates": [[151.262763, -33.8976078], [151.2627312, -33.8976003], [151.2618318, -33.8974475], [151.2617845, -33.8974395]]}}, {"type": "Feature", "properties": {"kind": "road", "highway": "footway", "name": null, "osm_id": 1306352419}, "geometry": {"type": "LineString", "coordinates": [[151.2629017, -33.8976307], [151.2628334, -33.8976245], [151.262763, -33.8976078]]}}, {"type": "Feature", "properties": {"kind": "road", "highway": "footway", "name": null, "osm_id": 1306352420}, "geometry": {"type": "LineString", "coordinates": [[151.2639056, -33.897796], [151.2638574, -33.8977908], [151.2638489, -33.8977899], [151.2637043, -33.8977665], [151.2629264, -33.897633], [151.2629017, -33.8976307]]}}, {"type": "Feature", "properties": {"kind": "road", "highway": "footway", "name": null, "osm_id": 1306352421}, "geometry": {"type": "LineString", "coordinates": [[151.2640366, -33.8978216], [151.2639537, -33.8978013], [151.2639056, -33.897796]]}}, {"type": "Feature", "properties": {"kind": "road", "highway": "footway", "name": null, "osm_id": 1306352422}, "geometry": {"type": "LineString", "coordinates": [[151.2649649, -33.8979883], [151.2645905, -33.8979172], [151.2640366, -33.8978216]]}}, {"type": "Feature", "properties": {"kind": "road", "highway": "footway", "name": null, "osm_id": 1306352423}, "geometry": {"type": "LineString", "coordinates": [[151.2650903, -33.8980102], [151.2650291, -33.8980005], [151.2649649, -33.8979883]]}}, {"type": "Feature", "properties": {"kind": "road", "highway": "footway", "name": null, "osm_id": 1306352424}, "geometry": {"type": "LineString", "coordinates": [[151.2651787, -33.9007048], [151.2653397, -33.8999262]]}}, {"type": "Feature", "properties": {"kind": "road", "highway": "footway", "name": null, "osm_id": 1306352425}, "geometry": {"type": "LineString", "coordinates": [[151.2653546, -33.8998622], [151.2653461, -33.8998987], [151.2653397, -33.8999262]]}}, {"type": "Feature", "properties": {"kind": "road", "highway": "footway", "name": null, "osm_id": 1306352426}, "geometry": {"type": "LineString", "coordinates": [[151.2653596, -33.899841], [151.2653546, -33.8998622]]}}, {"type": "Feature", "properties": {"kind": "road", "highway": "footway", "name": null, "osm_id": 1306352427}, "geometry": {"type": "LineString", "coordinates": [[151.2598251, -33.902703], [151.2597636, -33.9024007], [151.2599326, -33.9021015], [151.2610265, -33.901821], [151.2611241, -33.9017785], [151.2615434, -33.9015717], [151.2616836, -33.9015281], [151.2625159, -33.9012944], [151.2625835, -33.9012673], [151.262646, -33.9012338], [151.2626937, -33.9012029], [151.26275, -33.9011479], [151.2627838, -33.9010752], [151.2628308, -33.9009007], [151.2629165, -33.9005311]]}}, {"type": "Feature", "properties": {"kind": "road", "highway": "footway", "name": null, "osm_id": 1306352428}, "geometry": {"type": "LineString", "coordinates": [[151.2600297, -33.9029866], [151.259693, -33.9031375], [151.2596147, -33.9031871], [151.2590615, -33.9035497], [151.2589576, -33.9036328]]}}, {"type": "Feature", "properties": {"kind": "road", "highway": "footway", "name": null, "osm_id": 1306352429}, "geometry": {"type": "LineString", "coordinates": [[151.2589576, -33.9036328], [151.2589184, -33.9036581], [151.2588787, -33.9036837]]}}, {"type": "Feature", "properties": {"kind": "road", "highway": "footway", "name": null, "osm_id": 1306352430}, "geometry": {"type": "LineString", "coordinates": [[151.2588787, -33.9036837], [151.2587512, -33.9037023]]}}, {"type": "Feature", "properties": {"kind": "road", "highway": "footway", "name": null, "osm_id": 1306352432}, "geometry": {"type": "LineString", "coordinates": [[151.2588787, -33.9036837], [151.258895, -33.9037298], [151.2589268, -33.9039778], [151.2589275, -33.9040383], [151.2589052, -33.9041505], [151.2586307, -33.9054733], [151.2586186, -33.9054795], [151.2585903, -33.9054784]]}}, {"type": "Feature", "properties": {"kind": "road", "highway": "footway", "name": null, "osm_id": 1306352433}, "geometry": {"type": "LineString", "coordinates": [[151.2589897, -33.9044035], [151.2587639, -33.905493]]}}, {"type": "Feature", "properties": {"kind": "road", "highway": "footway", "name": null, "osm_id": 1306996250}, "geometry": {"type": "LineString", "coordinates": [[151.2683485, -33.9016251], [151.2684126, -33.9015801], [151.2684742, -33.901537]]}}, {"type": "Feature", "properties": {"kind": "road", "highway": "footway", "name": null, "osm_id": 1306996251}, "geometry": {"type": "LineString", "coordinates": [[151.2683485, -33.9016251], [151.2683363, -33.9016417]]}}, {"type": "Feature", "properties": {"kind": "road", "highway": "footway", "name": null, "osm_id": 1306996252}, "geometry": {"type": "LineString", "coordinates": [[151.26861, -33.9014506], [151.2685539, -33.901491], [151.2684742, -33.901537], [151.2685046, -33.9015499], [151.2685979, -33.9015634], [151.2694205, -33.9016812], [151.2694847, -33.9016778], [151.2698591, -33.9017278], [151.2699037, -33.9017233], [151.2699368, -33.9017014], [151.2699632, -33.9016677], [151.2699713, -33.9016257], [151.2699706, -33.9014933], [151.2699524, -33.9011353]]}}, {"type": "Feature", "properties": {"kind": "road", "highway": "footway", "name": null, "osm_id": 1306996257}, "geometry": {"type": "LineString", "coordinates": [[151.2691946, -33.8988235], [151.2695119, -33.89908], [151.2696186, -33.8991884], [151.269763, -33.8993358], [151.2698076, -33.899373]]}}, {"type": "Feature", "properties": {"kind": "road", "highway": "footway", "name": null, "osm_id": 1306996258}, "geometry": {"type": "LineString", "coordinates": [[151.2698076, -33.899373], [151.2698725, -33.8994121], [151.2699525, -33.8994495], [151.2700628, -33.89949], [151.2702551, -33.8995396], [151.2704675, -33.8995816], [151.2706248, -33.8996045], [151.2707904, -33.8996114], [151.2708585, -33.8995885], [151.2708796, -33.899564], [151.2708916, -33.899532], [151.2709661, -33.8992007], [151.2710958, -33.8984991]]}}, {"type": "Feature", "properties": {"kind": "road", "highway": "footway", "name": null, "osm_id": 1306996259}, "geometry": {"type": "LineString", "coordinates": [[151.2698076, -33.899373], [151.2698192, -33.899355]]}}, {"type": "Feature", "properties": {"kind": "road", "highway": "footway", "name": null, "osm_id": 1306996260}, "geometry": {"type": "LineString", "coordinates": [[151.2710958, -33.8984991], [151.2711014, -33.8984683], [151.2711088, -33.898434]]}}, {"type": "Feature", "properties": {"kind": "road", "highway": "footway", "name": null, "osm_id": 1306996261}, "geometry": {"type": "LineString", "coordinates": [[151.2711251, -33.8983507], [151.2715584, -33.8984105], [151.2716489, -33.897962], [151.2717424, -33.8974936]]}}, {"type": "Feature", "properties": {"kind": "road", "highway": "footway", "name": null, "osm_id": 1306996262}, "geometry": {"type": "LineString", "coordinates": [[151.2717608, -33.8974928], [151.2718122, -33.8975], [151.2718868, -33.8975104]]}}, {"type": "Feature", "properties": {"kind": "road", "highway": "footway", "name": null, "osm_id": 1306996263}, "geometry": {"type": "LineString", "coordinates": [[151.2706129, -33.8973287], [151.2717424, -33.8974936], [151.2717608, -33.8974928]]}}, {"type": "Feature", "properties": {"kind": "road", "highway": "footway", "name": null, "osm_id": 1306996264}, "geometry": {"type": "LineString", "coordinates": [[151.270485, -33.8973088], [151.2705494, -33.8973188], [151.2706129, -33.8973287]]}}, {"type": "Feature", "properties": {"kind": "road", "highway": "footway", "name": null, "osm_id": 1306996265}, "geometry": {"type": "LineString", "coordinates": [[151.2695379, -33.8968464], [151.2695379, -33.8968654], [151.2697413, -33.8970002], [151.2698217, -33.8970447], [151.2698844, -33.8970668], [151.2707345, -33.8971895], [151.2707472, -33.8971913]]}}, {"type": "Feature", "properties": {"kind": "road", "highway": "footway", "name": null, "osm_id": 1306996266}, "geometry": {"type": "LineString", "coordinates": [[151.2707472, -33.8971913], [151.2708266, -33.8972033], [151.270898, -33.8972142]]}}, {"type": "Feature", "properties": {"kind": "road", "highway": "footway", "name": null, "osm_id": 1306996267}, "geometry": {"type": "LineString", "coordinates": [[151.270898, -33.8972142], [151.2709166, -33.8972168], [151.2715906, -33.8973127]]}}, {"type": "Feature", "properties": {"kind": "road", "highway": "footway", "name": null, "osm_id": 1306996268}, "geometry": {"type": "LineString", "coordinates": [[151.2715906, -33.8973127], [151.2716659, -33.8973235], [151.2717387, -33.897334]]}}, {"type": "Feature", "properties": {"kind": "road", "highway": "footway", "name": null, "osm_id": 1306996269}, "geometry": {"type": "LineString", "coordinates": [[151.27111, -33.8951933], [151.2711086, -33.8952551], [151.2708207, -33.8967454], [151.2707345, -33.8971895]]}}, {"type": "Feature", "properties": {"kind": "road", "highway": "footway", "name": null, "osm_id": 1306996270}, "geometry": {"type": "LineString", "coordinates": [[151.2747684, -33.8893595], [151.274815, -33.8893911], [151.274854, -33.8894175]]}}, {"type": "Feature", "properties": {"kind": "road", "highway": "footway", "name": null, "osm_id": 1306996271}, "geometry": {"type": "LineString", "coordinates": [[151.274854, -33.8894175], [151.2753046, -33.8897175], [151.2753727, -33.8897733], [151.2754031, -33.8898168], [151.2754216, -33.8898585]]}}, {"type": "Feature", "properties": {"kind": "road", "highway": "footway", "name": null, "osm_id": 1306996272}, "geometry": {"type": "LineString", "coordinates": [[151.2733783, -33.8882574], [151.2748474, -33.8892268], [151.274876, -33.8892457]]}}, {"type": "Feature", "properties": {"kind": "road", "highway": "footway", "name": null, "osm_id": 1306996273}, "geometry": {"type": "LineString", "coordinates": [[151.274876, -33.8892457], [151.2749224, -33.8892763], [151.274957, -33.8892991]]}}, {"type": "Feature", "properties": {"kind": "road", "highway": "footway", "name": null, "osm_id": 1306996274}, "geometry": {"type": "LineString", "coordinates": [[151.2748474, -33.8892268], [151.2748243, -33.8892513], [151.2747943, -33.8892832], [151.27474, -33.8893408]]}}, {"type": "Feature", "properties": {"kind": "road", "highway": "footway", "name": null, "osm_id": 1306996275}, "geometry": {"type": "LineString", "coordinates": [[151.274957, -33.8892991], [151.2751821, -33.8894451], [151.2755774, -33.8897014]]}}, {"type": "Feature", "properties": {"kind": "road", "highway": "footway", "name": null, "osm_id": 1306996276}, "geometry": {"type": "LineString", "coordinates": [[151.2692053, -33.8857107], [151.2692339, -33.8857311], [151.2692621, -33.8857511]]}}, {"type": "Feature", "properties": {"kind": "road", "highway": "footway", "name": null, "osm_id": 1306996277}, "geometry": {"type": "LineString", "coordinates": [[151.26867, -33.8853505], [151.2691641, -33.8856754], [151.2692053, -33.8857107]]}}, {"type": "Feature", "properties": {"kind": "road", "highway": "primary", "name": "Old South Head Road", "osm_id": 1306996278}, "geometry": {"type": "LineString", "coordinates": [[151.2704617, -33.8802213], [151.2704883, -33.8802961], [151.2704815, -33.8803813], [151.2704647, -33.8805047], [151.2704346, -33.880669], [151.2704105, -33.8807923], [151.2703841, -33.8809159], [151.2703751, -33.880966]]}}, {"type": "Feature", "properties": {"kind": "road", "highway": "footway", "name": null, "osm_id": 1308519817}, "geometry": {"type": "LineString", "coordinates": [[151.2730003, -33.8955958], [151.2728354, -33.895662], [151.2728033, -33.8957056], [151.272794, -33.895759], [151.2728029, -33.8958403]]}}, {"type": "Feature", "properties": {"kind": "road", "highway": "footway", "name": null, "osm_id": 1308519818}, "geometry": {"type": "LineString", "coordinates": [[151.2728029, -33.8958403], [151.2729026, -33.8964138]]}}, {"type": "Feature", "properties": {"kind": "road", "highway": "footway", "name": null, "osm_id": 1308519819}, "geometry": {"type": "LineString", "coordinates": [[151.2726855, -33.896381], [151.2726956, -33.8964216], [151.2727104, -33.896481]]}}, {"type": "Feature", "properties": {"kind": "road", "highway": "footway", "name": null, "osm_id": 1308519820}, "geometry": {"type": "LineString", "coordinates": [[151.2729026, -33.8964138], [151.2729107, -33.8964631], [151.2729201, -33.8965199]]}}, {"type": "Feature", "properties": {"kind": "road", "highway": "footway", "name": null, "osm_id": 1308519821}, "geometry": {"type": "LineString", "coordinates": [[151.2727104, -33.896481], [151.2727352, -33.8965039], [151.2727444, -33.8965314], [151.2728235, -33.8970131], [151.2728492, -33.8971536], [151.2728419, -33.897207], [151.2728722, -33.8974628], [151.2728741, -33.8974964]]}}, {"type": "Feature", "properties": {"kind": "road", "highway": "footway", "name": null, "osm_id": 1308519822}, "geometry": {"type": "LineString", "coordinates": [[151.2729201, -33.8965199], [151.2730065, -33.8970177], [151.2730865, -33.89752]]}}, {"type": "Feature", "properties": {"kind": "road", "highway": "footway", "name": null, "osm_id": 1308519823}, "geometry": {"type": "LineString", "coordinates": [[151.2717387, -33.897334], [151.2728741, -33.8974964]]}}, {"type": "Feature", "properties": {"kind": "road", "highway": "tertiary", "name": "Fletcher Street", "osm_id": 1308519824}, "geometry": {"type": "LineString", "coordinates": [[151.2729707, -33.8975788], [151.2728577, -33.8975662]]}}, {"type": "Feature", "properties": {"kind": "road", "highway": "footway", "name": null, "osm_id": 1308519825}, "geometry": {"type": "LineString", "coordinates": [[151.2727554, -33.8976376], [151.2728411, -33.8976499], [151.2729155, -33.8976605]]}}, {"type": "Feature", "properties": {"kind": "road", "highway": "footway", "name": null, "osm_id": 1308519826}, "geometry": {"type": "LineString", "coordinates": [[151.2729155, -33.8976605], [151.2744211, -33.8978689], [151.2744248, -33.8978888], [151.2743043, -33.8985285], [151.2742924, -33.89854], [151.2742767, -33.898543], [151.2727849, -33.8983346], [151.2729155, -33.8976605]]}}, {"type": "Feature", "properties": {"kind": "road", "highway": "footway", "name": null, "osm_id": 1308519827}, "geometry": {"type": "LineString", "coordinates": [[151.2727554, -33.8976376], [151.2727378, -33.8976321], [151.2727159, -33.8976254], [151.2718975, -33.8975119], [151.2718868, -33.8975104]]}}, {"type": "Feature", "properties": {"kind": "road", "highway": "footway", "name": null, "osm_id": 1308519828}, "geometry": {"type": "LineString", "coordinates": [[151.2727378, -33.8976321], [151.2725963, -33.8983835], [151.2726478, -33.8984705], [151.2726671, -33.8984865], [151.2726966, -33.8985782], [151.2726892, -33.8986064], [151.2726524, -33.8986957]]}}, {"type": "Feature", "properties": {"kind": "road", "highway": "footway", "name": null, "osm_id": 1308519829}, "geometry": {"type": "LineString", "coordinates": [[151.2715255, -33.8994978], [151.2717032, -33.8992141], [151.2717354, -33.8991706], [151.2717628, -33.8991409], [151.2717915, -33.8991202], [151.2718347, -33.899095], [151.2718862, -33.8990744], [151.2720012, -33.8990507], [151.2723047, -33.8989864], [151.2723746, -33.8989683], [151.2724133, -33.8989507], [151.2726874, -33.8988309], [151.2727076, -33.8988179], [151.272726, -33.8987866], [151.2728364, -33.8985324], [151.2728437, -33.8984934]]}}, {"type": "Feature", "properties": {"kind": "road", "highway": "footway", "name": null, "osm_id": 1308519830}, "geometry": {"type": "LineString", "coordinates": [[151.2728437, -33.8984934], [151.2728183, -33.8984247], [151.2727849, -33.8983346]]}}, {"type": "Feature", "properties": {"kind": "road", "highway": "footway", "name": null, "osm_id": 1308519831}, "geometry": {"type": "LineString", "coordinates": [[151.2710817, -33.8995162], [151.2710613, -33.8995459], [151.271041, -33.8995954], [151.271023, -33.8996286], [151.2710051, -33.8996551], [151.2709796, -33.8996801], [151.2709529, -33.8996998], [151.2708998, -33.8997203], [151.2708586, -33.8997343], [151.2708005, -33.8997439], [151.2707302, -33.8997439], [151.270666, -33.8997427], [151.2705781, -33.8997349], [151.2705227, -33.8997276], [151.2704323, -33.8997135], [151.2702307, -33.8996765], [151.2700394, -33.8996288], [151.2698995, -33.899584], [151.2698042, -33.8995458], [151.2697231, -33.899497], [151.2696305, -33.8994123], [151.269546, -33.8993248], [151.2694343, -33.8992113], [151.2693862, -33.8991609], [151.2693304, -33.8991289]]}}, {"type": "Feature", "properties": {"kind": "road", "highway": "footway", "name": null, "osm_id": 1308519833}, "geometry": {"type": "LineString", "coordinates": [[151.2710707, -33.8995833], [151.2710832, -33.8995399], [151.2710817, -33.8995162]]}}, {"type": "Feature", "properties": {"kind": "road", "highway": "footway", "name": null, "osm_id": 1308519834}, "geometry": {"type": "LineString", "coordinates": [[151.2710817, -33.8995162], [151.2711001, -33.8994704], [151.2711169, -33.8994617], [151.2711389, -33.8994617], [151.2711598, -33.8994675], [151.2716587, -33.8996912]]}}, {"type": "Feature", "properties": {"kind": "road", "highway": "footway", "name": null, "osm_id": 1308519835}, "geometry": {"type": "LineString", "coordinates": [[151.2676024, -33.9024206], [151.2676188, -33.9024277], [151.2678352, -33.9024945], [151.2680953, -33.9025288], [151.2681601, -33.9025338], [151.2682366, -33.9025351], [151.2682933, -33.902526], [151.2683872, -33.902505], [151.2690187, -33.9023244], [151.2690716, -33.9023261]]}}, {"type": "Feature", "properties": {"kind": "road", "highway": "tertiary", "name": "Hewlett Street", "osm_id": 1308519836}, "geometry": {"type": "LineString", "coordinates": [[151.2682729, -33.9015639], [151.2683026, -33.9015661], [151.2683323, -33.9015683], [151.2684126, -33.9015801], [151.2696463, -33.9017569], [151.269887, -33.9017919], [151.2699734, -33.9018125]]}}, {"type": "Feature", "properties": {"kind": "road", "highway": "footway", "name": null, "osm_id": 1315220724}, "geometry": {"type": "LineString", "coordinates": [[151.2563855, -33.9006913], [151.2564207, -33.9006963], [151.2564549, -33.9007011]]}}, {"type": "Feature", "properties": {"kind": "road", "highway": "footway", "name": null, "osm_id": 1315220725}, "geometry": {"type": "LineString", "coordinates": [[151.2564549, -33.9007011], [151.2569501, -33.9007751], [151.2569658, -33.9007902], [151.2569674, -33.9008111], [151.2569058, -33.9011083]]}}, {"type": "Feature", "properties": {"kind": "road", "highway": "footway", "name": null, "osm_id": 1315220726}, "geometry": {"type": "LineString", "coordinates": [[151.2569501, -33.9007751], [151.2569884, -33.9007391]]}}, {"type": "Feature", "properties": {"kind": "road", "highway": "footway", "name": null, "osm_id": 1315220727}, "geometry": {"type": "LineString", "coordinates": [[151.2563603, -33.9005316], [151.256943, -33.9006121], [151.2569792, -33.9006049], [151.2570068, -33.9005834], [151.257021, -33.9005539], [151.2570344, -33.9004747]]}}, {"type": "Feature", "properties": {"kind": "road", "highway": "footway", "name": null, "osm_id": 1315220728}, "geometry": {"type": "LineString", "coordinates": [[151.257021, -33.9005539], [151.2570696, -33.9005608], [151.2571172, -33.9005676]]}}, {"type": "Feature", "properties": {"kind": "road", "highway": "footway", "name": null, "osm_id": 1315220729}, "geometry": {"type": "LineString", "coordinates": [[151.2562617, -33.9005173], [151.2563161, -33.9005252], [151.2563603, -33.9005316]]}}, {"type": "Feature", "properties": {"kind": "road", "highway": "footway", "name": null, "osm_id": 1315220730}, "geometry": {"type": "LineString", "coordinates": [[151.2562617, -33.9005173], [151.2559132, -33.9004669]]}}, {"type": "Feature", "properties": {"kind": "road", "highway": "footway", "name": null, "osm_id": 1315220731}, "geometry": {"type": "LineString", "coordinates": [[151.2558407, -33.9004564], [151.2558776, -33.9004617], [151.2559132, -33.9004669]]}}, {"type": "Feature", "properties": {"kind": "road", "highway": "footway", "name": null, "osm_id": 1315220733}, "geometry": {"type": "LineString", "coordinates": [[151.2549939, -33.900332], [151.2558407, -33.9004564]]}}, {"type": "Feature", "properties": {"kind": "road", "highway": "footway", "name": null, "osm_id": 1315227497}, "geometry": {"type": "LineString", "coordinates": [[151.2547728, -33.8930324], [151.2548482, -33.8930316], [151.2549135, -33.8930148], [151.254965, -33.8930011], [151.2549925, -33.8930037], [151.2550181, -33.8930124]]}}, {"type": "Feature", "properties": {"kind": "road", "highway": "footway", "name": null, "osm_id": 1321509872}, "geometry": {"type": "LineString", "coordinates": [[151.2565374, -33.8878301], [151.2562531, -33.8879055], [151.2560633, -33.8879179], [151.2559245, -33.8879399], [151.2558057, -33.8879545], [151.2557725, -33.8879933]]}}, {"type": "Feature", "properties": {"kind": "road", "highway": "footway", "name": null, "osm_id": 1321511573}, "geometry": {"type": "LineString", "coordinates": [[151.2556591, -33.8879269], [151.2555719, -33.8878943], [151.2554358, -33.8878717]]}}, {"type": "Feature", "properties": {"kind": "road", "highway": "footway", "name": null, "osm_id": 1321511574}, "geometry": {"type": "LineString", "coordinates": [[151.2550742, -33.887644], [151.2549915, -33.8875928], [151.2549693, -33.8875839], [151.254871, -33.8875838], [151.2547167, -33.8875699], [151.2545949, -33.8875288], [151.2544881, -33.8875206], [151.2543799, -33.8875103], [151.2542764, -33.8874835], [151.2541746, -33.8874455], [151.2540764, -33.8874413], [151.2539855, -33.8874768], [151.2538637, -33.8875008], [151.2537406, -33.8875019], [151.2536735, -33.8874808], [151.2535363, -33.8874211], [151.2533139, -33.8874107]]}}, {"type": "Feature", "properties": {"kind": "road", "highway": "footway", "name": null, "osm_id": 1323306135}, "geometry": {"type": "LineString", "coordinates": [[151.2669528, -33.8962994], [151.2670085, -33.8963081], [151.2670636, -33.8963166]]}}, {"type": "Feature", "properties": {"kind": "road", "highway": "footway", "name": null, "osm_id": 1323306136}, "geometry": {"type": "LineString", "coordinates": [[151.2669528, -33.8962994], [151.2664912, -33.8962347], [151.2664698, -33.8962097], [151.2664612, -33.8961866], [151.2664322, -33.8961696], [151.2659387, -33.8960913], [151.2662571, -33.894386]]}}, {"type": "Feature", "properties": {"kind": "road", "highway": "footway", "name": null, "osm_id": 1323306137}, "geometry": {"type": "LineString", "coordinates": [[151.2682857, -33.8947194], [151.2682012, -33.8946701], [151.2677742, -33.8946102], [151.2674385, -33.894565], [151.2674072, -33.8945608], [151.2673411, -33.894556], [151.267259, -33.8945389], [151.266353, -33.8943994], [151.2662571, -33.894386], [151.2662458, -33.8943844], [151.266227, -33.8943826]]}}, {"type": "Feature", "properties": {"kind": "road", "highway": "footway", "name": null, "osm_id": 1323306138}, "geometry": {"type": "LineString", "coordinates": [[151.266227, -33.8943826], [151.2661728, -33.8943773], [151.2661227, -33.8943705]]}}, {"type": "Feature", "properties": {"kind": "road", "highway": "footway", "name": null, "osm_id": 1323306139}, "geometry": {"type": "LineString", "coordinates": [[151.2662799, -33.896671], [151.2660229, -33.8979603], [151.2659948, -33.8980995], [151.2659913, -33.8981182], [151.265971, -33.8981369], [151.2659447, -33.8981442], [151.2659116, -33.89814]]}}, {"type": "Feature", "properties": {"kind": "road", "highway": "footway", "name": null, "osm_id": 1323306140}, "geometry": {"type": "LineString", "coordinates": [[151.266296, -33.8965909], [151.2662875, -33.8966333], [151.2662799, -33.896671]]}}, {"type": "Feature", "properties": {"kind": "road", "highway": "footway", "name": null, "osm_id": 1323306141}, "geometry": {"type": "LineString", "coordinates": [[151.2660811, -33.8981748], [151.2664397, -33.8963745], [151.2664601, -33.896346], [151.2664945, -33.8963317], [151.2665395, -33.8963335], [151.2679923, -33.8965481]]}}, {"type": "Feature", "properties": {"kind": "road", "highway": "footway", "name": null, "osm_id": 1323306142}, "geometry": {"type": "LineString", "coordinates": [[151.2679923, -33.8965481], [151.2680153, -33.8965556], [151.2680248, -33.8965629], [151.2680181, -33.8965859], [151.2679106, -33.8967789], [151.2678883, -33.8968064], [151.2675632, -33.8970106]]}}, {"type": "Feature", "properties": {"kind": "road", "highway": "footway", "name": null, "osm_id": 1323306143}, "geometry": {"type": "LineString", "coordinates": [[151.2680248, -33.8965629], [151.2680864, -33.8965716], [151.2681526, -33.8965809]]}}, {"type": "Feature", "properties": {"kind": "road", "highway": "footway", "name": null, "osm_id": 1323306144}, "geometry": {"type": "LineString", "coordinates": [[151.2685088, -33.8963509], [151.2685696, -33.8963953], [151.2688359, -33.8965899], [151.2689386, -33.8966241], [151.2690076, -33.8966483]]}}, {"type": "Feature", "properties": {"kind": "road", "highway": "footway", "name": null, "osm_id": 1323306146}, "geometry": {"type": "LineString", "coordinates": [[151.2687338, -33.8963425], [151.2687906, -33.8963907], [151.2688298, -33.8964204], [151.2688778, -33.8964457], [151.2689542, -33.8964749], [151.2690427, -33.8964934], [151.269451, -33.8965551], [151.2696798, -33.8953156], [151.2697527, -33.8949167]]}}, {"type": "Feature", "properties": {"kind": "road", "highway": "footway", "name": null, "osm_id": 1323306147}, "geometry": {"type": "LineString", "coordinates": [[151.2698697, -33.8949333], [151.2698955, -33.894937], [151.2699128, -33.8949395], [151.270747, -33.8950638], [151.2708464, -33.8950926], [151.27111, -33.8951933]]}}, {"type": "Feature", "properties": {"kind": "road", "highway": "footway", "name": null, "osm_id": 1323306148}, "geometry": {"type": "LineString", "coordinates": [[151.2697722, -33.8949194], [151.2698266, -33.8949271], [151.2698697, -33.8949333]]}}, {"type": "Feature", "properties": {"kind": "road", "highway": "footway", "name": null, "osm_id": 1323306149}, "geometry": {"type": "LineString", "coordinates": [[151.2698955, -33.894937], [151.2698214, -33.8953327], [151.2697089, -33.8959335]]}}, {"type": "Feature", "properties": {"kind": "road", "highway": "footway", "name": null, "osm_id": 1323306150}, "geometry": {"type": "LineString", "coordinates": [[151.2696939, -33.8960136], [151.2695921, -33.8965571], [151.2695379, -33.8968464]]}}, {"type": "Feature", "properties": {"kind": "road", "highway": "footway", "name": null, "osm_id": 1323306151}, "geometry": {"type": "LineString", "coordinates": [[151.2697089, -33.8959335], [151.2697006, -33.8959778], [151.2696939, -33.8960136]]}}, {"type": "Feature", "properties": {"kind": "road", "highway": "footway", "name": null, "osm_id": 1323306152}, "geometry": {"type": "LineString", "coordinates": [[151.2692698, -33.8971317], [151.2697164, -33.8971968], [151.270485, -33.8973088]]}}, {"type": "Feature", "properties": {"kind": "road", "highway": "footway", "name": null, "osm_id": 1323306153}, "geometry": {"type": "LineString", "coordinates": [[151.2693423, -33.8968373], [151.2693846, -33.8968866], [151.2694196, -33.8969282]]}}, {"type": "Feature", "properties": {"kind": "road", "highway": "footway", "name": null, "osm_id": 1323306154}, "geometry": {"type": "LineString", "coordinates": [[151.2694196, -33.8969282], [151.2694992, -33.8970192], [151.2696144, -33.8971069], [151.2696861, -33.8971684], [151.2697164, -33.8971968]]}}, {"type": "Feature", "properties": {"kind": "road", "highway": "footway", "name": null, "osm_id": 1323306155}, "geometry": {"type": "LineString", "coordinates": [[151.2718975, -33.8975119], [151.2718465, -33.8977633], [151.2717566, -33.8982103], [151.2717866, -33.8982469], [151.2717133, -33.8986049], [151.2712733, -33.8985434]]}}, {"type": "Feature", "properties": {"kind": "road", "highway": "footway", "name": null, "osm_id": 1323306157}, "geometry": {"type": "LineString", "coordinates": [[151.2712733, -33.8985434], [151.2711211, -33.8993523], [151.2711337, -33.8993634], [151.2713987, -33.8994766], [151.2714318, -33.8994721]]}}, {"type": "Feature", "properties": {"kind": "road", "highway": "footway", "name": null, "osm_id": 1323306158}, "geometry": {"type": "LineString", "coordinates": [[151.2715619, -33.8995026], [151.2715255, -33.8994978]]}}, {"type": "Feature", "properties": {"kind": "road", "highway": "primary", "name": "Bondi Road", "osm_id": 1324665232}, "geometry": {"type": "LineString", "coordinates": [[151.2640246, -33.8939666], [151.2637012, -33.8939173], [151.2636687, -33.893913], [151.263567, -33.8938972], [151.2634787, -33.8938817], [151.2634434, -33.8938764], [151.2626092, -33.8937523], [151.2625767, -33.8937473], [151.2624598, -33.8937293], [151.262336, -33.8937103], [151.2622992, -33.8937046], [151.2611633, -33.8935241], [151.2611279, -33.8935181], [151.2610303, -33.8935039], [151.2608094, -33.8934734]]}}, {"type": "Feature", "properties": {"kind": "road", "highway": "footway", "name": null, "osm_id": 1326177664}, "geometry": {"type": "LineString", "coordinates": [[151.2684295, -33.8987166], [151.2683066, -33.8986827], [151.2680766, -33.8986443], [151.2679293, -33.8986182], [151.2677078, -33.8985551], [151.2675281, -33.8984627]]}}, {"type": "Feature", "properties": {"kind": "road", "highway": "footway", "name": null, "osm_id": 1326178368}, "geometry": {"type": "LineString", "coordinates": [[151.2682515, -33.8960883], [151.2681977, -33.8960228]]}}, {"type": "Feature", "properties": {"kind": "road", "highway": "footway", "name": null, "osm_id": 1326178369}, "geometry": {"type": "LineString", "coordinates": [[151.2682866, -33.896149], [151.2682682, -33.896128], [151.2682515, -33.8960883]]}}, {"type": "Feature", "properties": {"kind": "road", "highway": "footway", "name": null, "osm_id": 1326178370}, "geometry": {"type": "LineString", "coordinates": [[151.2684325, -33.8963872], [151.2683906, -33.8963591], [151.2683427, -33.8963182]]}}, {"type": "Feature", "properties": {"kind": "road", "highway": "footway", "name": null, "osm_id": 1326178371}, "geometry": {"type": "LineString", "coordinates": [[151.2685696, -33.8963953], [151.2684325, -33.8963872]]}}, {"type": "Feature", "properties": {"kind": "road", "highway": "footway", "name": null, "osm_id": 1326178372}, "geometry": {"type": "LineString", "coordinates": [[151.2683427, -33.8963182], [151.2683467, -33.8962175], [151.2682866, -33.896149]]}}, {"type": "Feature", "properties": {"kind": "road", "highway": "footway", "name": null, "osm_id": 1326179478}, "geometry": {"type": "LineString", "coordinates": [[151.2671119, -33.896324], [151.26738, -33.8948839], [151.2674385, -33.894565]]}}, {"type": "Feature", "properties": {"kind": "road", "highway": "footway", "name": null, "osm_id": 1328058553}, "geometry": {"type": "LineString", "coordinates": [[151.2702435, -33.8919891], [151.2701671, -33.8919805]]}}, {"type": "Feature", "properties": {"kind": "road", "highway": "footway", "name": null, "osm_id": 1328059144}, "geometry": {"type": "LineString", "coordinates": [[151.2733398, -33.8942039], [151.2733325, -33.8941652], [151.2733364, -33.8941272], [151.2733214, -33.8940748]]}}, {"type": "Feature", "properties": {"kind": "road", "highway": "footway", "name": null, "osm_id": 1328059145}, "geometry": {"type": "LineString", "coordinates": [[151.2732741, -33.8942464], [151.2732966, -33.8942406]]}}, {"type": "Feature", "properties": {"kind": "road", "highway": "footway", "name": null, "osm_id": 1328066111}, "geometry": {"type": "LineString", "coordinates": [[151.2671112, -33.8984646], [151.2671004, -33.8983907], [151.2670773, -33.8983873], [151.2670074, -33.898441]]}}, {"type": "Feature", "properties": {"kind": "road", "highway": "footway", "name": null, "osm_id": 1328066114}, "geometry": {"type": "LineString", "coordinates": [[151.2672347, -33.8984985], [151.2672079, -33.8984003], [151.2671876, -33.8983972], [151.2671412, -33.8984713]]}}, {"type": "Feature", "properties": {"kind": "road", "highway": "footway", "name": null, "osm_id": 1329027356}, "geometry": {"type": "LineString", "coordinates": [[151.2746547, -33.8955363], [151.2746724, -33.8955847], [151.274674, -33.895628], [151.2746869, -33.8956976], [151.2746697, -33.8957814], [151.2746436, -33.8958184]]}}, {"type": "Feature", "properties": {"kind": "road", "highway": "footway", "name": null, "osm_id": 1329027358}, "geometry": {"type": "LineString", "coordinates": [[151.2741052, -33.8946381], [151.2741252, -33.894634], [151.2741333, -33.8946616], [151.2741671, -33.8947631], [151.2742167, -33.8949229]]}}, {"type": "Feature", "properties": {"kind": "road", "highway": "footway", "name": null, "osm_id": 1329027376}, "geometry": {"type": "LineString", "coordinates": [[151.2742015, -33.8952662], [151.2742178, -33.8953021]]}}, {"type": "Feature", "properties": {"kind": "road", "highway": "footway", "name": null, "osm_id": 1329027377}, "geometry": {"type": "LineString", "coordinates": [[151.2742178, -33.8953021], [151.274221, -33.8953091], [151.2741927, -33.8953191]]}}, {"type": "Feature", "properties": {"kind": "road", "highway": "footway", "name": null, "osm_id": 1354094327}, "geometry": {"type": "LineString", "coordinates": [[151.2712932, -33.8952589], [151.2712624, -33.8953852], [151.2709166, -33.8972168]]}}, {"type": "Feature", "properties": {"kind": "road", "highway": "primary", "name": "Old South Head Road", "osm_id": 1369426200}, "geometry": {"type": "LineString", "coordinates": [[151.2703751, -33.880966], [151.2703598, -33.8810511], [151.2703368, -33.8811173], [151.2703043, -33.8811931], [151.2702644, -33.8812677], [151.2701865, -33.8813671]]}}, {"type": "Feature", "properties": {"kind": "road", "highway": "footway", "name": null, "osm_id": 1373213215}, "geometry": {"type": "LineString", "coordinates": [[151.2558507, -33.9048702], [151.2558326, -33.9049547], [151.2558163, -33.9050257]]}}, {"type": "Feature", "properties": {"kind": "road", "highway": "footway", "name": "MacPherson Street", "osm_id": 1373213216}, "geometry": {"type": "LineString", "coordinates": [[151.2567722, -33.9051714], [151.2558163, -33.9050257], [151.2542036, -33.9047856]]}}, {"type": "Feature", "properties": {"kind": "road", "highway": "footway", "name": null, "osm_id": 1373213220}, "geometry": {"type": "LineString", "coordinates": [[151.2572959, -33.9050933], [151.2569662, -33.9045467], [151.2568449, -33.9042786], [151.2568182, -33.9042251], [151.2565538, -33.9036932], [151.2565371, -33.903647], [151.2564793, -33.9034871], [151.2564157, -33.9033074]]}}, {"type": "Feature", "properties": {"kind": "road", "highway": "footway", "name": null, "osm_id": 1389439478}, "geometry": {"type": "LineString", "coordinates": [[151.2826818, -33.8819935], [151.282654, -33.8819895]]}}, {"type": "Feature", "properties": {"kind": "road", "highway": "footway", "name": null, "osm_id": 1389439479}, "geometry": {"type": "LineString", "coordinates": [[151.2831058, -33.8820424], [151.28305, -33.8820458], [151.2827565, -33.8820041]]}}, {"type": "Feature", "properties": {"kind": "road", "highway": "footway", "name": null, "osm_id": 1392240017}, "geometry": {"type": "LineString", "coordinates": [[151.2825851, -33.8901951], [151.2826203, -33.8902263]]}}, {"type": "Feature", "properties": {"kind": "road", "highway": "footway", "name": null, "osm_id": 1395444584}, "geometry": {"type": "LineString", "coordinates": [[151.2677089, -33.898094], [151.2676795, -33.8980742], [151.2675682, -33.8980586], [151.2675467, -33.8980397]]}}, {"type": "Feature", "properties": {"kind": "road", "highway": "footway", "name": null, "osm_id": 1395444587}, "geometry": {"type": "LineString", "coordinates": [[151.2653711, -33.9023536], [151.2655015, -33.9023197], [151.2655927, -33.9023186], [151.2656625, -33.9023375], [151.2657228, -33.9023687], [151.265818, -33.9024188], [151.2658891, -33.9024544], [151.2659575, -33.9025], [151.2659964, -33.9025167], [151.2660661, -33.9025045], [151.2661332, -33.9024789], [151.2661949, -33.9024755], [151.2662593, -33.9024789], [151.2662955, -33.9024755], [151.2663518, -33.9024867], [151.2664068, -33.9024856], [151.2664604, -33.9024711], [151.2665141, -33.9024433]]}}, {"type": "Feature", "properties": {"kind": "road", "highway": "footway", "name": null, "osm_id": 1395444588}, "geometry": {"type": "LineString", "coordinates": [[151.2667635, -33.9026436], [151.2667193, -33.9026136], [151.266671, -33.9025423], [151.2666213, -33.9024967], [151.2665141, -33.9024433], [151.2664443, -33.9023832], [151.2663746, -33.9023041], [151.2663196, -33.9022551], [151.2661721, -33.9021795], [151.2656189, -33.9018561]]}}, {"type": "Feature", "properties": {"kind": "road", "highway": "footway", "name": null, "osm_id": 1395444589}, "geometry": {"type": "LineString", "coordinates": [[151.265646, -33.9018076], [151.2656035, -33.9018427], [151.2656189, -33.9018561]]}}, {"type": "Feature", "properties": {"kind": "road", "highway": "footway", "name": null, "osm_id": 1395444590}, "geometry": {"type": "LineString", "coordinates": [[151.2652313, -33.901314], [151.2652502, -33.9013403], [151.2653655, -33.9013804], [151.265387, -33.901396], [151.2653172, -33.9014583], [151.2653333, -33.9014806], [151.2654433, -33.9014984], [151.2653843, -33.9015674], [151.2654057, -33.901603], [151.2655013, -33.90165], [151.2655372, -33.9016676], [151.2655518, -33.9016806], [151.2655747, -33.901701]]}}, {"type": "Feature", "properties": {"kind": "road", "highway": "footway", "name": null, "osm_id": 1395444593}, "geometry": {"type": "LineString", "coordinates": [[151.2655013, -33.90165], [151.265464, -33.9015066]]}}, {"type": "Feature", "properties": {"kind": "road", "highway": "footway", "name": null, "osm_id": 1395444594}, "geometry": {"type": "LineString", "coordinates": [[151.2653916, -33.9013146], [151.2654372, -33.9014203]]}}, {"type": "Feature", "properties": {"kind": "road", "highway": "footway", "name": null, "osm_id": 1395444595}, "geometry": {"type": "LineString", "coordinates": [[151.2653674, -33.9012712], [151.2652313, -33.901314]]}}, {"type": "Feature", "properties": {"kind": "road", "highway": "footway", "name": null, "osm_id": 1395444596}, "geometry": {"type": "LineString", "coordinates": [[151.265303, -33.9008875], [151.2653674, -33.9012712]]}}, {"type": "Feature", "properties": {"kind": "road", "highway": "secondary", "name": null, "osm_id": 1410903250}, "geometry": {"type": "LineString", "coordinates": [[151.2597742, -33.9028544], [151.2598037, -33.9028464]]}}, {"type": "Feature", "properties": {"kind": "road", "highway": "secondary", "name": null, "osm_id": 1410903251}, "geometry": {"type": "LineString", "coordinates": [[151.2599246, -33.902909], [151.2599288, -33.9029376], [151.2599218, -33.9029658], [151.2599043, -33.9029906], [151.2598782, -33.9030095], [151.2598462, -33.9030205], [151.2598117, -33.9030225], [151.2597781, -33.9030151], [151.2597492, -33.9029993]]}}, {"type": "Feature", "properties": {"kind": "road", "highway": "secondary", "name": null, "osm_id": 1410903252}, "geometry": {"type": "LineString", "coordinates": [[151.2597492, -33.9029993], [151.2597342, -33.9029851], [151.2597232, -33.9029686], [151.259716, -33.9029478], [151.2597151, -33.9029262]]}}, {"type": "Feature", "properties": {"kind": "road", "highway": "secondary", "name": null, "osm_id": 1410903253}, "geometry": {"type": "LineString", "coordinates": [[151.2597151, -33.9029262], [151.2597244, -33.9028971], [151.2597449, -33.9028722], [151.2597742, -33.9028544]]}}, {"type": "Feature", "properties": {"kind": "road", "highway": "secondary", "name": null, "osm_id": 1410903258}, "geometry": {"type": "LineString", "coordinates": [[151.2628272, -33.8976564], [151.2628476, -33.8976653], [151.2628617, -33.8976802], [151.2628672, -33.8976987], [151.2628631, -33.8977174]]}}, {"type": "Feature", "properties": {"kind": "road", "highway": "secondary", "name": null, "osm_id": 1410903259}, "geometry": {"type": "LineString", "coordinates": [[151.2628631, -33.8977174], [151.2628541, -33.8977296], [151.262841, -33.8977389], [151.262825, -33.8977443], [151.2628078, -33.8977453], [151.2627911, -33.8977418], [151.2627765, -33.8977341], [151.2627655, -33.8977231], [151.2627593, -33.8977097], [151.2627583, -33.8976954]]}}, {"type": "Feature", "properties": {"kind": "road", "highway": "secondary", "name": null, "osm_id": 1410903260}, "geometry": {"type": "LineString", "coordinates": [[151.2567592, -33.9037022], [151.2567575, -33.9037197], [151.2567485, -33.9037357], [151.2567335, -33.9037481], [151.2567142, -33.9037554], [151.256693, -33.9037566]]}}, {"type": "Feature", "properties": {"kind": "road", "highway": "secondary", "name": null, "osm_id": 1410903261}, "geometry": {"type": "LineString", "coordinates": [[151.256693, -33.9037566], [151.2566749, -33.9037526], [151.2566592, -33.9037441], [151.2566473, -33.903732], [151.2566406, -33.9037175], [151.2566395, -33.903702], [151.2566443, -33.9036869], [151.2566544, -33.9036738]]}}, {"type": "Feature", "properties": {"kind": "road", "highway": "secondary", "name": null, "osm_id": 1410903262}, "geometry": {"type": "LineString", "coordinates": [[151.2636896, -33.8978631], [151.2636829, -33.8978793], [151.2636701, -33.8978928], [151.2636528, -33.8979022], [151.2636327, -33.8979063], [151.2636121, -33.8979048]]}}, {"type": "Feature", "properties": {"kind": "road", "highway": "secondary", "name": null, "osm_id": 1410903263}, "geometry": {"type": "LineString", "coordinates": [[151.2636121, -33.8979048], [151.2635937, -33.897898], [151.2635789, -33.8978867], [151.2635691, -33.8978722], [151.2635654, -33.8978558], [151.2635681, -33.8978392]]}}, {"type": "Feature", "properties": {"kind": "road", "highway": "primary", "name": null, "osm_id": 1411302088}, "geometry": {"type": "LineString", "coordinates": [[151.273327, -33.8921696], [151.2733483, -33.8921985], [151.2733575, -33.8922315], [151.2733547, -33.8922619], [151.2733416, -33.8922904], [151.2733192, -33.8923146], [151.2732895, -33.8923326], [151.2732549, -33.8923428]]}}, {"type": "Feature", "properties": {"kind": "road", "highway": "primary", "name": null, "osm_id": 1411302089}, "geometry": {"type": "LineString", "coordinates": [[151.2731087, -33.8922731], [151.2731025, -33.8922495], [151.2731028, -33.8922254], [151.2731095, -33.8922024], [151.2731316, -33.8921705], [151.2731474, -33.8921573], [151.2731657, -33.8921467], [151.2732024, -33.8921349]]}}, {"type": "Feature", "properties": {"kind": "road", "highway": "primary", "name": null, "osm_id": 1411302090}, "geometry": {"type": "LineString", "coordinates": [[151.2732024, -33.8921349], [151.2732367, -33.8921326], [151.2732705, -33.8921379], [151.2733013, -33.8921506], [151.273327, -33.8921696]]}}, {"type": "Feature", "properties": {"kind": "road", "highway": "primary", "name": null, "osm_id": 1411302091}, "geometry": {"type": "LineString", "coordinates": [[151.2732549, -33.8923428], [151.2732183, -33.8923445], [151.2731826, -33.8923374], [151.2731508, -33.8923222]]}}, {"type": "Feature", "properties": {"kind": "road", "highway": "tertiary", "name": null, "osm_id": 1413418604}, "geometry": {"type": "LineString", "coordinates": [[151.2642547, -33.8869513], [151.2642457, -33.886988], [151.2642168, -33.8870168], [151.2641749, -33.8870309], [151.26413, -33.8870267], [151.2640928, -33.8870054]]}}, {"type": "Feature", "properties": {"kind": "road", "highway": "tertiary", "name": null, "osm_id": 1413418605}, "geometry": {"type": "LineString", "coordinates": [[151.2640788, -33.8869219], [151.2640952, -33.886902], [151.2641182, -33.8868873], [151.2641456, -33.8868793], [151.2641747, -33.8868787]]}}, {"type": "Feature", "properties": {"kind": "road", "highway": "tertiary", "name": null, "osm_id": 1413418606}, "geometry": {"type": "LineString", "coordinates": [[151.2641747, -33.8868787], [151.2642051, -33.8868868], [151.2642305, -33.886903], [151.2642477, -33.8869254], [151.2642547, -33.8869513]]}}, {"type": "Feature", "properties": {"kind": "road", "highway": "tertiary", "name": null, "osm_id": 1413418607}, "geometry": {"type": "LineString", "coordinates": [[151.2640928, -33.8870054], [151.2640783, -33.8869868], [151.2640707, -33.8869654]]}}, {"type": "Feature", "properties": {"kind": "road", "highway": "tertiary", "name": null, "osm_id": 1413418608}, "geometry": {"type": "LineString", "coordinates": [[151.2645209, -33.8851808], [151.2645144, -33.8851571], [151.2645161, -33.8851393], [151.2645284, -33.8851149], [151.2645487, -33.8850973], [151.2645724, -33.8850871]]}}, {"type": "Feature", "properties": {"kind": "road", "highway": "tertiary", "name": null, "osm_id": 1413418609}, "geometry": {"type": "LineString", "coordinates": [[151.2646814, -33.8851677], [151.2646707, -33.8851902], [151.2646432, -33.8852132]]}}, {"type": "Feature", "properties": {"kind": "road", "highway": "tertiary", "name": null, "osm_id": 1413418610}, "geometry": {"type": "LineString", "coordinates": [[151.2646432, -33.8852132], [151.264616, -33.8852223], [151.264596, -33.8852237], [151.2645673, -33.8852187], [151.264542, -33.8852056], [151.2645209, -33.8851808]]}}, {"type": "Feature", "properties": {"kind": "road", "highway": "secondary", "name": "Bronte Road", "osm_id": 1413436823}, "geometry": {"type": "LineString", "coordinates": [[151.2666565, -33.904551], [151.2673019, -33.9048067]]}}, {"type": "Feature", "properties": {"kind": "road", "highway": "secondary", "name": null, "osm_id": 1413592571}, "geometry": {"type": "LineString", "coordinates": [[151.2692981, -33.8856197], [151.2693224, -33.8856207], [151.2693445, -33.8856293]]}}, {"type": "Feature", "properties": {"kind": "road", "highway": "secondary", "name": null, "osm_id": 1413592572}, "geometry": {"type": "LineString", "coordinates": [[151.2693445, -33.8856293], [151.2693616, -33.8856448], [151.26937, -33.8856647], [151.2693684, -33.8856857], [151.2693572, -33.8857046]]}}, {"type": "Feature", "properties": {"kind": "road", "highway": "secondary", "name": null, "osm_id": 1413592573}, "geometry": {"type": "LineString", "coordinates": [[151.2692518, -33.8856977], [151.2692443, -33.8856784]]}}, {"type": "Feature", "properties": {"kind": "road", "highway": "secondary", "name": null, "osm_id": 1413592574}, "geometry": {"type": "LineString", "coordinates": [[151.2692443, -33.8856784], [151.269246, -33.8856581], [151.2692569, -33.8856399], [151.2692751, -33.8856264], [151.2692981, -33.8856197]]}}, {"type": "Feature", "properties": {"kind": "road", "highway": "secondary", "name": null, "osm_id": 1413592575}, "geometry": {"type": "LineString", "coordinates": [[151.2693572, -33.8857046], [151.2693382, -33.8857182], [151.2693145, -33.8857246], [151.2692896, -33.8857228], [151.2692675, -33.8857133]]}}, {"type": "Feature", "properties": {"kind": "road", "highway": "footway", "name": "Cooper Creek Path", "osm_id": 1414173984}, "geometry": {"type": "LineString", "coordinates": [[151.2572251, -33.8873186], [151.2572137, -33.8872978], [151.2571821, -33.887284], [151.2571167, -33.8872796]]}}, {"type": "Feature", "properties": {"kind": "road", "highway": "footway", "name": null, "osm_id": 1414175950}, "geometry": {"type": "LineString", "coordinates": [[151.2603242, -33.8867669], [151.260324, -33.8866875], [151.2603473, -33.8866407], [151.2603874, -33.8866072], [151.2604424, -33.8865886], [151.2604944, -33.8865796], [151.2605508, -33.8865859]]}}, {"type": "Feature", "properties": {"kind": "road", "highway": "footway", "name": null, "osm_id": 1414175952}, "geometry": {"type": "LineString", "coordinates": [[151.2599889, -33.8872835], [151.2599328, -33.8872804], [151.2598686, -33.8872918]]}}, {"type": "Feature", "properties": {"kind": "road", "highway": "footway", "name": null, "osm_id": 1414175953}, "geometry": {"type": "LineString", "coordinates": [[151.2605588, -33.8865565], [151.2604672, -33.8865459]]}}, {"type": "Feature", "properties": {"kind": "road", "highway": "footway", "name": null, "osm_id": 1425970368}, "geometry": {"type": "LineString", "coordinates": [[151.2652953, -33.8900109], [151.2671893, -33.8912629], [151.2685157, -33.8921398], [151.2697249, -33.8929391], [151.2697385, -33.8929539]]}}, {"type": "Feature", "properties": {"kind": "road", "highway": "secondary", "name": "Bronte Road", "osm_id": 1431442041}, "geometry": {"type": "LineString", "coordinates": [[151.2666122, -33.9045334], [151.2666565, -33.904551]]}}, {"type": "Feature", "properties": {"kind": "road", "highway": "footway", "name": null, "osm_id": 1434490587}, "geometry": {"type": "LineString", "coordinates": [[151.2554014, -33.8868934], [151.2553945, -33.886908], [151.2553898, -33.8869178]]}}, {"type": "Feature", "properties": {"kind": "road", "highway": "footway", "name": "Cooper Creek Path", "osm_id": 1436111585}, "geometry": {"type": "LineString", "coordinates": [[151.2556807, -33.8872489], [151.2556003, -33.8872232]]}}, {"type": "Feature", "properties": {"kind": "road", "highway": "footway", "name": "Cooper Creek Path", "osm_id": 1436111586}, "geometry": {"type": "LineString", "coordinates": [[151.2556003, -33.8872232], [151.2555456, -33.8872082], [151.2549896, -33.8872132], [151.2549039, -33.8871979], [151.254392, -33.8871061]]}}, {"type": "Feature", "properties": {"kind": "road", "highway": "footway", "name": null, "osm_id": 1442955400}, "geometry": {"type": "LineString", "coordinates": [[151.259279, -33.8894907], [151.2592677, -33.8894412], [151.2592506, -33.8893661], [151.2592395, -33.8893177]]}}, {"type": "Feature", "properties": {"kind": "road", "highway": "footway", "name": null, "osm_id": 1457752509}, "geometry": {"type": "LineString", "coordinates": [[151.2736276, -33.8936203], [151.2735131, -33.893551]]}}, {"type": "Feature", "properties": {"kind": "road", "highway": "footway", "name": null, "osm_id": 1457752510}, "geometry": {"type": "LineString", "coordinates": [[151.2736766, -33.8935341], [151.2736417, -33.8935981]]}}, {"type": "Feature", "properties": {"kind": "road", "highway": "footway", "name": null, "osm_id": 1457752512}, "geometry": {"type": "LineString", "coordinates": [[151.2737005, -33.8935094], [151.2736883, -33.8935179]]}}, {"type": "Feature", "properties": {"kind": "road", "highway": "footway", "name": null, "osm_id": 1457754543}, "geometry": {"type": "LineString", "coordinates": [[151.273733, -33.8942941], [151.2737623, -33.8942649]]}}, {"type": "Feature", "properties": {"kind": "road", "highway": "footway", "name": null, "osm_id": 1457759122}, "geometry": {"type": "LineString", "coordinates": [[151.2745538, -33.8955285], [151.2745477, -33.8955185]]}}, {"type": "Feature", "properties": {"kind": "road", "highway": "footway", "name": null, "osm_id": 1457759123}, "geometry": {"type": "LineString", "coordinates": [[151.2744117, -33.8955535], [151.2744486, -33.8955381], [151.2745749, -33.8954854], [151.2745915, -33.8955127]]}}, {"type": "Feature", "properties": {"kind": "road", "highway": "footway", "name": null, "osm_id": 1457759124}, "geometry": {"type": "LineString", "coordinates": [[151.274594, -33.8954991], [151.2746265, -33.8954856]]}}, {"type": "Feature", "properties": {"kind": "road", "highway": "footway", "name": "beach promenade", "osm_id": 1457764827}, "geometry": {"type": "LineString", "coordinates": [[151.2707798, -33.8998468], [151.2706384, -33.8998074]]}}, {"type": "Feature", "properties": {"kind": "road", "highway": "footway", "name": null, "osm_id": 1458440617}, "geometry": {"type": "LineString", "coordinates": [[151.2783553, -33.8894245], [151.2783139, -33.8894111], [151.2783054, -33.8894344], [151.2782937, -33.8894501], [151.2782758, -33.8894613], [151.278252, -33.8894693], [151.278225, -33.8894706], [151.2781991, -33.8896789], [151.2781618, -33.8899787], [151.278143, -33.8901295], [151.2781487, -33.8901534], [151.2781628, -33.8902017]]}}, {"type": "Feature", "properties": {"kind": "road", "highway": "footway", "name": null, "osm_id": 1458440618}, "geometry": {"type": "LineString", "coordinates": [[151.2795425, -33.8899267], [151.2791872, -33.8897401], [151.2789087, -33.8896063], [151.2786219, -33.8895077], [151.2783553, -33.8894245]]}}, {"type": "Feature", "properties": {"kind": "road", "highway": "footway", "name": null, "osm_id": 1458440619}, "geometry": {"type": "LineString", "coordinates": [[151.2796912, -33.88984], [151.2796544, -33.8898813], [151.2796162, -33.8899242]]}}, {"type": "Feature", "properties": {"kind": "road", "highway": "footway", "name": null, "osm_id": 1458442800}, "geometry": {"type": "LineString", "coordinates": [[151.277473, -33.8896524], [151.2774226, -33.8896319], [151.2771993, -33.8895843], [151.2769804, -33.8895367], [151.2767695, -33.8894905], [151.2767251, -33.8894886]]}}, {"type": "Feature", "properties": {"kind": "road", "highway": "footway", "name": null, "osm_id": 1458442802}, "geometry": {"type": "LineString", "coordinates": [[151.2782869, -33.8904413], [151.2782775, -33.8904033], [151.2782732, -33.890387]]}}, {"type": "Feature", "properties": {"kind": "road", "highway": "footway", "name": null, "osm_id": 1458442804}, "geometry": {"type": "LineString", "coordinates": [[151.2782391, -33.8903643], [151.2781493, -33.8903796]]}}, {"type": "Feature", "properties": {"kind": "road", "highway": "footway", "name": null, "osm_id": 1458442805}, "geometry": {"type": "LineString", "coordinates": [[151.2781493, -33.8903796], [151.2781074, -33.8904205]]}}, {"type": "Feature", "properties": {"kind": "road", "highway": "footway", "name": null, "osm_id": 1458442806}, "geometry": {"type": "LineString", "coordinates": [[151.278266, -33.8903598], [151.2782391, -33.8903643]]}}, {"type": "Feature", "properties": {"kind": "road", "highway": "footway", "name": null, "osm_id": 1458442807}, "geometry": {"type": "LineString", "coordinates": [[151.2783026, -33.8903532], [151.2783887, -33.890338], [151.2783928, -33.8903539], [151.2783186, -33.890367]]}}, {"type": "Feature", "properties": {"kind": "road", "highway": "footway", "name": null, "osm_id": 1458442808}, "geometry": {"type": "LineString", "coordinates": [[151.2783186, -33.890367], [151.2783259, -33.8903954]]}}, {"type": "Feature", "properties": {"kind": "road", "highway": "footway", "name": null, "osm_id": 1458442809}, "geometry": {"type": "LineString", "coordinates": [[151.278266, -33.8903598], [151.2783026, -33.8903532]]}}, {"type": "Feature", "properties": {"kind": "road", "highway": "footway", "name": null, "osm_id": 1458442812}, "geometry": {"type": "LineString", "coordinates": [[151.277252, -33.8905716], [151.2772446, -33.8905551], [151.2772297, -33.8905223], [151.2772016, -33.8904602], [151.2771804, -33.8904132]]}}, {"type": "Feature", "properties": {"kind": "road", "highway": "footway", "name": null, "osm_id": 1458442813}, "geometry": {"type": "LineString", "coordinates": [[151.2775013, -33.8905106], [151.2774389, -33.8905262], [151.2774361, -33.8905186]]}}, {"type": "Feature", "properties": {"kind": "road", "highway": "footway", "name": null, "osm_id": 1458442814}, "geometry": {"type": "LineString", "coordinates": [[151.2774361, -33.8905186], [151.2774299, -33.890502]]}}, {"type": "Feature", "properties": {"kind": "road", "highway": "footway", "name": null, "osm_id": 1458442815}, "geometry": {"type": "LineString", "coordinates": [[151.2770821, -33.8906309], [151.2770725, -33.8906131]]}}, {"type": "Feature", "properties": {"kind": "road", "highway": "footway", "name": null, "osm_id": 1458442816}, "geometry": {"type": "LineString", "coordinates": [[151.2770269, -33.8906609], [151.2770861, -33.8906382], [151.2770821, -33.8906309]]}}, {"type": "Feature", "properties": {"kind": "road", "highway": "footway", "name": null, "osm_id": 1458442817}, "geometry": {"type": "LineString", "coordinates": [[151.2770269, -33.8906609], [151.2770492, -33.8907017]]}}, {"type": "Feature", "properties": {"kind": "road", "highway": "footway", "name": null, "osm_id": 1458442818}, "geometry": {"type": "LineString", "coordinates": [[151.2775013, -33.8905106], [151.2775183, -33.8905538]]}}, {"type": "Feature", "properties": {"kind": "road", "highway": "footway", "name": null, "osm_id": 1458442819}, "geometry": {"type": "LineString", "coordinates": [[151.2774299, -33.890502], [151.2772446, -33.8905551], [151.2770725, -33.8906131]]}}, {"type": "Feature", "properties": {"kind": "road", "highway": "footway", "name": null, "osm_id": 1458442820}, "geometry": {"type": "LineString", "coordinates": [[151.2782139, -33.8903053], [151.2781016, -33.8903287], [151.2780095, -33.8903584], [151.2779244, -33.8903892], [151.2777544, -33.890426], [151.2774299, -33.890502]]}}, {"type": "Feature", "properties": {"kind": "road", "highway": "footway", "name": null, "osm_id": 1458442821}, "geometry": {"type": "LineString", "coordinates": [[151.2772016, -33.8904602], [151.2767038, -33.8906569], [151.2765407, -33.8906562]]}}, {"type": "Feature", "properties": {"kind": "road", "highway": "footway", "name": null, "osm_id": 1458442822}, "geometry": {"type": "LineString", "coordinates": [[151.2778944, -33.8902121], [151.277704, -33.8903345], [151.2772016, -33.8904602]]}}, {"type": "Feature", "properties": {"kind": "road", "highway": "footway", "name": null, "osm_id": 1458489601}, "geometry": {"type": "LineString", "coordinates": [[151.2783951, -33.8881081], [151.2786888, -33.888292], [151.2794703, -33.8887773], [151.2802376, -33.8892509], [151.2804476, -33.8893816], [151.2807716, -33.8895832]]}}, {"type": "Feature", "properties": {"kind": "road", "highway": "footway", "name": null, "osm_id": 1458489602}, "geometry": {"type": "LineString", "coordinates": [[151.2808716, -33.8898914], [151.28109, -33.8898657], [151.2811988, -33.8898529], [151.2812155, -33.8898533], [151.2812237, -33.8898582], [151.2812321, -33.8898631], [151.2813855, -33.8899566], [151.2816647, -33.8901364], [151.2817473, -33.8901876], [151.2817516, -33.8901953], [151.2817547, -33.8902147], [151.2818021, -33.8902812], [151.2818182, -33.890317], [151.2818271, -33.8903729]]}}, {"type": "Feature", "properties": {"kind": "road", "highway": "footway", "name": null, "osm_id": 1458489603}, "geometry": {"type": "LineString", "coordinates": [[151.2812321, -33.8898631], [151.2813347, -33.8898546], [151.2814623, -33.8898456]]}}, {"type": "Feature", "properties": {"kind": "road", "highway": "footway", "name": null, "osm_id": 1458489604}, "geometry": {"type": "LineString", "coordinates": [[151.2812237, -33.8898582], [151.2812187, -33.8899227]]}}, {"type": "Feature", "properties": {"kind": "road", "highway": "footway", "name": null, "osm_id": 1458489606}, "geometry": {"type": "LineString", "coordinates": [[151.2812233, -33.8899464], [151.2812255, -33.8899543]]}}, {"type": "Feature", "properties": {"kind": "road", "highway": "footway", "name": null, "osm_id": 1458489608}, "geometry": {"type": "LineString", "coordinates": [[151.281231, -33.889973], [151.2812315, -33.8899805]]}}, {"type": "Feature", "properties": {"kind": "road", "highway": "footway", "name": null, "osm_id": 1458489610}, "geometry": {"type": "LineString", "coordinates": [[151.2812315, -33.8899903], [151.2812254, -33.890036], [151.2812211, -33.8901307], [151.2812209, -33.8902091], [151.2812218, -33.8902526]]}}, {"type": "Feature", "properties": {"kind": "road", "highway": "footway", "name": null, "osm_id": 1458489611}, "geometry": {"type": "LineString", "coordinates": [[151.28109, -33.8898657], [151.2810869, -33.8899048], [151.2811462, -33.8899038], [151.2811625, -33.8899065], [151.2811717, -33.88991], [151.2811738, -33.8899145], [151.2811717, -33.8899197], [151.2811537, -33.8899224], [151.281071, -33.8899174], [151.2810615, -33.889926]]}}, {"type": "Feature", "properties": {"kind": "road", "highway": "footway", "name": null, "osm_id": 1458489612}, "geometry": {"type": "LineString", "coordinates": [[151.2825141, -33.890342], [151.2824459, -33.8902977]]}}, {"type": "Feature", "properties": {"kind": "road", "highway": "footway", "name": null, "osm_id": 1458489613}, "geometry": {"type": "LineString", "coordinates": [[151.2824515, -33.8914255], [151.282419, -33.8914212]]}}, {"type": "Feature", "properties": {"kind": "road", "highway": "footway", "name": null, "osm_id": 1458489615}, "geometry": {"type": "LineString", "coordinates": [[151.2823599, -33.8914115], [151.2823442, -33.8914099], [151.2823484, -33.8913866], [151.2824079, -33.8913973], [151.2824152, -33.8913561], [151.2824185, -33.8912998], [151.2824299, -33.8911219], [151.2824306, -33.8910549], [151.28242, -33.8910232], [151.2823966, -33.8910138], [151.2823705, -33.891015]]}}, {"type": "Feature", "properties": {"kind": "road", "highway": "footway", "name": null, "osm_id": 1458489616}, "geometry": {"type": "LineString", "coordinates": [[151.2781618, -33.8899787], [151.2780599, -33.8899961]]}}, {"type": "Feature", "properties": {"kind": "road", "highway": "footway", "name": null, "osm_id": 1458489617}, "geometry": {"type": "LineString", "coordinates": [[151.2777463, -33.8895605], [151.2781991, -33.8896789]]}}, {"type": "Feature", "properties": {"kind": "road", "highway": "footway", "name": null, "osm_id": 1458489618}, "geometry": {"type": "LineString", "coordinates": [[151.2761251, -33.8910949], [151.2762407, -33.8910371], [151.2762333, -33.891027], [151.2761179, -33.8910846]]}}, {"type": "Feature", "properties": {"kind": "road", "highway": "footway", "name": null, "osm_id": 1459672920}, "geometry": {"type": "LineString", "coordinates": [[151.2782374, -33.8893945], [151.2782179, -33.8893903]]}}, {"type": "Feature", "properties": {"kind": "road", "highway": "footway", "name": null, "osm_id": 1459672921}, "geometry": {"type": "LineString", "coordinates": [[151.2782374, -33.8893945], [151.2782545, -33.8893981]]}}, {"type": "Feature", "properties": {"kind": "road", "highway": "tertiary", "name": "Campbell Parade", "osm_id": 1463611624}, "geometry": {"type": "LineString", "coordinates": [[151.2831984, -33.8894617], [151.2832937, -33.8893568]]}}, {"type": "Feature", "properties": {"kind": "road", "highway": "tertiary", "name": "O'Brien Street", "osm_id": 1486431219}, "geometry": {"type": "LineString", "coordinates": [[151.2705173, -33.8891428], [151.2705629, -33.8891236], [151.2706388, -33.8891312], [151.2707148, -33.8891459], [151.2707247, -33.8891495], [151.2707748, -33.8891679], [151.2708166, -33.8891832], [151.2708645, -33.889205], [151.2708926, -33.8892526]]}}, {"type": "Feature", "properties": {"kind": "road", "highway": "footway", "name": null, "osm_id": 1489885171}, "geometry": {"type": "LineString", "coordinates": [[151.2675548, -33.8853518], [151.267632, -33.8854097], [151.2677003, -33.8854608]]}}, {"type": "Feature", "properties": {"kind": "road", "highway": "footway", "name": null, "osm_id": 1496051184}, "geometry": {"type": "LineString", "coordinates": [[151.2742042, -33.8851522], [151.2741481, -33.8852574], [151.274123, -33.8852621], [151.2740744, -33.8852595], [151.2739937, -33.8852553]]}}, {"type": "Feature", "properties": {"kind": "road", "highway": "footway", "name": null, "osm_id": 1496051185}, "geometry": {"type": "LineString", "coordinates": [[151.2747577, -33.8819387], [151.2748, -33.8819437], [151.2748286, -33.881947]]}}, {"type": "Feature", "properties": {"kind": "road", "highway": "footway", "name": null, "osm_id": 1496051186}, "geometry": {"type": "LineString", "coordinates": [[151.2749475, -33.8818365], [151.2749395, -33.881885], [151.2749334, -33.8819217]]}}, {"type": "Feature", "properties": {"kind": "road", "highway": "footway", "name": null, "osm_id": 1496051187}, "geometry": {"type": "LineString", "coordinates": [[151.275595, -33.8820349], [151.2756617, -33.8820415]]}}, {"type": "Feature", "properties": {"kind": "road", "highway": "footway", "name": null, "osm_id": 1496051188}, "geometry": {"type": "LineString", "coordinates": [[151.2756617, -33.8820415], [151.2757205, -33.8820483], [151.2757791, -33.8820552]]}}, {"type": "Feature", "properties": {"kind": "road", "highway": "footway", "name": null, "osm_id": 1496051189}, "geometry": {"type": "LineString", "coordinates": [[151.274123, -33.8852621], [151.2741158, -33.8852757], [151.2740993, -33.8853067]]}}, {"type": "Feature", "properties": {"kind": "road", "highway": "footway", "name": null, "osm_id": 1496051190}, "geometry": {"type": "LineString", "coordinates": [[151.2741907, -33.8852602], [151.2741481, -33.8852574]]}}, {"type": "Feature", "properties": {"kind": "road", "highway": "footway", "name": null, "osm_id": 1496051191}, "geometry": {"type": "LineString", "coordinates": [[151.2743306, -33.8852696], [151.2743751, -33.8852677]]}}, {"type": "Feature", "properties": {"kind": "road", "highway": "footway", "name": null, "osm_id": 1496051192}, "geometry": {"type": "LineString", "coordinates": [[151.2744156, -33.8851343], [151.2743753, -33.8852117], [151.27437, -33.8852432], [151.2743751, -33.8852677], [151.2743938, -33.8852803], [151.2744185, -33.8852894]]}}, {"type": "Feature", "properties": {"kind": "road", "highway": "footway", "name": null, "osm_id": 1496051193}, "geometry": {"type": "LineString", "coordinates": [[151.2737591, -33.885243], [151.2737581, -33.8852539], [151.2737568, -33.8852681]]}}, {"type": "Feature", "properties": {"kind": "road", "highway": "footway", "name": null, "osm_id": 1496051194}, "geometry": {"type": "LineString", "coordinates": [[151.2737413, -33.8854441], [151.2737405, -33.8854605], [151.2737395, -33.8854835]]}}, {"type": "Feature", "properties": {"kind": "road", "highway": "footway", "name": null, "osm_id": 1496051195}, "geometry": {"type": "LineString", "coordinates": [[151.2736098, -33.8852237], [151.2735847, -33.8852258]]}}, {"type": "Feature", "properties": {"kind": "road", "highway": "footway", "name": null, "osm_id": 1496051196}, "geometry": {"type": "LineString", "coordinates": [[151.274731, -33.8845071], [151.2747441, -33.8844806], [151.2747539, -33.8844427]]}}, {"type": "Feature", "properties": {"kind": "road", "highway": "footway", "name": null, "osm_id": 1496051197}, "geometry": {"type": "LineString", "coordinates": [[151.2746683, -33.8846495], [151.2746502, -33.8846843]]}}, {"type": "Feature", "properties": {"kind": "road", "highway": "footway", "name": null, "osm_id": 1496051198}, "geometry": {"type": "LineString", "coordinates": [[151.2754515, -33.8837515], [151.2754485, -33.883751], [151.2753973, -33.8837424], [151.2752852, -33.8837235]]}}, {"type": "Feature", "properties": {"kind": "road", "highway": "footway", "name": null, "osm_id": 1496051199}, "geometry": {"type": "LineString", "coordinates": [[151.2754485, -33.883751], [151.2754868, -33.8837393]]}}, {"type": "Feature", "properties": {"kind": "road", "highway": "footway", "name": null, "osm_id": 1496051200}, "geometry": {"type": "LineString", "coordinates": [[151.2752852, -33.8837235], [151.2752673, -33.88371]]}}, {"type": "Feature", "properties": {"kind": "road", "highway": "footway", "name": null, "osm_id": 1496051201}, "geometry": {"type": "LineString", "coordinates": [[151.2757791, -33.8820552], [151.2757919, -33.8820566]]}}, {"type": "Feature", "properties": {"kind": "road", "highway": "footway", "name": null, "osm_id": 1496051202}, "geometry": {"type": "LineString", "coordinates": [[151.2765277, -33.8821752], [151.2765471, -33.8821784]]}}, {"type": "Feature", "properties": {"kind": "road", "highway": "footway", "name": null, "osm_id": 1496051203}, "geometry": {"type": "LineString", "coordinates": [[151.2748286, -33.881947], [151.274871, -33.881952]]}}, {"type": "Feature", "properties": {"kind": "road", "highway": "footway", "name": null, "osm_id": 1496051204}, "geometry": {"type": "LineString", "coordinates": [[151.2749511, -33.8818147], [151.2749475, -33.8818365]]}}, {"type": "Feature", "properties": {"kind": "road", "highway": "footway", "name": null, "osm_id": 1496051205}, "geometry": {"type": "LineString", "coordinates": [[151.2749334, -33.8819217], [151.2749274, -33.8819584]]}}, {"type": "Feature", "properties": {"kind": "road", "highway": "footway", "name": null, "osm_id": 1511742905}, "geometry": {"type": "LineString", "coordinates": [[151.2707778, -33.8884338], [151.2707657, -33.8884257]]}}, {"type": "Feature", "properties": {"kind": "road", "highway": "footway", "name": null, "osm_id": 1511742906}, "geometry": {"type": "LineString", "coordinates": [[151.270817, -33.88846], [151.2708032, -33.8884508]]}}, {"type": "Feature", "properties": {"kind": "road", "highway": "footway", "name": null, "osm_id": 1531162121}, "geometry": {"type": "LineString", "coordinates": [[151.2593931, -33.8935882], [151.2592124, -33.8937161]]}}, {"type": "Feature", "properties": {"kind": "road", "highway": "footway", "name": null, "osm_id": 1566729646}, "geometry": {"type": "LineString", "coordinates": [[151.2762954, -33.8890845], [151.2762532, -33.8889993], [151.2758436, -33.888733], [151.2756309, -33.8885946], [151.2756436, -33.8885807]]}}, {"type": "Feature", "properties": {"kind": "road", "highway": "footway", "name": null, "osm_id": 1566729647}, "geometry": {"type": "LineString", "coordinates": [[151.2757358, -33.888471], [151.2756877, -33.888535], [151.2756436, -33.8885807]]}}, {"type": "Feature", "properties": {"kind": "road", "highway": "footway", "name": null, "osm_id": 1566729648}, "geometry": {"type": "LineString", "coordinates": [[151.2757358, -33.888471], [151.2764849, -33.8889595]]}}, {"type": "Feature", "properties": {"kind": "road", "highway": "footway", "name": null, "osm_id": 1566729649}, "geometry": {"type": "LineString", "coordinates": [[151.2755866, -33.888495], [151.2755457, -33.8885367]]}}, {"type": "Feature", "properties": {"kind": "road", "highway": "footway", "name": null, "osm_id": 1566729650}, "geometry": {"type": "LineString", "coordinates": [[151.2756511, -33.8884143], [151.2756312, -33.8884385]]}}, {"type": "Feature", "properties": {"kind": "road", "highway": "footway", "name": null, "osm_id": 1566729651}, "geometry": {"type": "LineString", "coordinates": [[151.2756312, -33.8884385], [151.275609, -33.8884736], [151.2755866, -33.888495]]}}, {"type": "Feature", "properties": {"kind": "road", "highway": "footway", "name": null, "osm_id": 1566729652}, "geometry": {"type": "LineString", "coordinates": [[151.2756647, -33.8884233], [151.2756965, -33.8884446], [151.2757358, -33.888471]]}}, {"type": "Feature", "properties": {"kind": "road", "highway": "footway", "name": null, "osm_id": 1567012713}, "geometry": {"type": "LineString", "coordinates": [[151.2734079, -33.885733], [151.2731707, -33.8855799], [151.2730295, -33.8854888], [151.2730085, -33.8854322]]}}], "_attribution": "\u00a9 OpenStreetMap contributors (ODbL 1.0) https://www.openstreetmap.org/copyright", "_bbox": "lat -33.915..-33.870, lon 151.245..151.300", "_retrieved": "2026-10-10"}