{"type": "FeatureCollection", "name": "un_partition_plan_1947", "metadata": {"source": "UN map No. 103.1(b), Feb 1956 reprint of A/516 Annex A map (Plan of Partition with Economic Union, GA res. 181 (II), 29 Nov 1947); Wikimedia Commons, PD-UN-map", "method": "Colour segmentation of the 1370x2838 raster, gaps assigned to nearest zone, georeferenced by affine fit to 8 graticule intersections (30-33N x 35-36E), max residual 0.37 km; simplified 0.0006 deg (~60 m). Pixel ~160 m. Coastline/lake edges follow the 1946 base map, not Natural Earth.", "accuracy": "Approximate: ~0.3-0.5 km typical, up to ~1 km along thin boundary lines; suitable for broadcast graphics, not for legal or survey use.", "crs": "EPSG:4326 (lon, lat)"}, "features": [{"type": "Feature", "properties": {"id": "arab_state", "label": "Proposed Arab state", "approx_area_km2": 11380.0, "note": "Excludes the Jaffa enclave, which is a separate feature."}, "geometry": {"type": "MultiPolygon", "coordinates": [[[[34.53337, 30.44142], [34.53509, 30.44286], [34.53509, 30.44431], [34.5368, 30.44576], [34.53679, 30.44865], [34.54022, 30.45298], [34.54021, 30.45587], [34.53674, 30.4602], [34.53846, 30.46021], [34.5419, 30.4631], [34.54189, 30.46454], [34.54361, 30.46599], [34.54532, 30.47033], [34.54874, 30.47467], [34.55045, 30.479], [34.55217, 30.48045], [34.55216, 30.48189], [34.55388, 30.48334], [34.55387, 30.48623], [34.5504, 30.49056], [34.55384, 30.49345], [34.55383, 30.4949], [34.55555, 30.49635], [34.55553, 30.50068], [34.55206, 30.50501], [34.54862, 30.50501], [34.54689, 30.50645], [34.54344, 30.50644], [34.54172, 30.505], [34.53998, 30.50933], [34.53825, 30.51077], [34.53653, 30.51077], [34.53824, 30.51222], [34.53823, 30.51655], [34.5365, 30.51799], [34.53649, 30.51944], [34.52784, 30.52665], [34.52784, 30.5281], [34.51919, 30.53531], [34.51918, 30.53675], [34.51745, 30.5382], [34.5174, 30.54975], [34.51912, 30.5512], [34.51903, 30.57143], [34.52075, 30.57287], [34.52074, 30.57576], [34.51901, 30.57721], [34.51895, 30.59165], [34.51548, 30.59598], [34.51545, 30.60465], [34.51372, 30.6061], [34.51543, 30.60754], [34.51542, 30.61043], [34.51369, 30.61187], [34.51367, 30.61765], [34.51194, 30.6191], [34.51193, 30.62199], [34.5102, 30.62343], [34.51017, 30.62921], [34.50671, 30.63354], [34.50666, 30.6451], [34.50493, 30.64654], [34.50491, 30.65087], [34.50318, 30.65231], [34.50316, 30.65809], [34.50143, 30.65954], [34.50314, 30.66098], [34.50314, 30.66243], [34.50313, 30.66532], [34.5014, 30.66676], [34.50138, 30.67109], [34.49965, 30.67254], [34.49964, 30.67543], [34.49791, 30.67687], [34.4979, 30.67831], [34.49444, 30.6812], [34.49443, 30.68409], [34.49096, 30.68842], [34.49095, 30.69131], [34.48749, 30.69564], [34.48747, 30.69853], [34.48574, 30.69997], [34.484, 30.7043], [34.48054, 30.70719], [34.48054, 30.70863], [34.47707, 30.71296], [34.47706, 30.71441], [34.4736, 30.71874], [34.47359, 30.72018], [34.47186, 30.72162], [34.47185, 30.72451], [34.47012, 30.72596], [34.46838, 30.73029], [34.46665, 30.73173], [34.46491, 30.73606], [34.46318, 30.7375], [34.46144, 30.74184], [34.45971, 30.74328], [34.45797, 30.74761], [34.4545, 30.75194], [34.45448, 30.75628], [34.45102, 30.76061], [34.44927, 30.76494], [34.44754, 30.76638], [34.44754, 30.76782], [34.44581, 30.76927], [34.4458, 30.77216], [34.44407, 30.7736], [34.44406, 30.77649], [34.44233, 30.77793], [34.44231, 30.78082], [34.43885, 30.78515], [34.43884, 30.7866], [34.43192, 30.79381], [34.4319, 30.7967], [34.43018, 30.79814], [34.43015, 30.80392], [34.42842, 30.80536], [34.42841, 30.80825], [34.42668, 30.8097], [34.42667, 30.81114], [34.42494, 30.81258], [34.42322, 30.81258], [34.42321, 30.81403], [34.41975, 30.81691], [34.41801, 30.82124], [34.41628, 30.82269], [34.41626, 30.82702], [34.41454, 30.82846], [34.41453, 30.82991], [34.41106, 30.83424], [34.40932, 30.83857], [34.40759, 30.84001], [34.40757, 30.84435], [34.40237, 30.85156], [34.40235, 30.85734], [34.39888, 30.86167], [34.39887, 30.86456], [34.39541, 30.86889], [34.39539, 30.87178], [34.39366, 30.87322], [34.39366, 30.87467], [34.3902, 30.87755], [34.39017, 30.88333], [34.38497, 30.89055], [34.38496, 30.89344], [34.38323, 30.89488], [34.38321, 30.89922], [34.37975, 30.90355], [34.38146, 30.90499], [34.38145, 30.90933], [34.37972, 30.91077], [34.3797, 30.91366], [34.37797, 30.9151], [34.37796, 30.91799], [34.37623, 30.91943], [34.37622, 30.92232], [34.37275, 30.92665], [34.37274, 30.92954], [34.37101, 30.93099], [34.371, 30.93388], [34.36754, 30.93821], [34.36752, 30.94109], [34.36579, 30.94254], [34.36578, 30.94543], [34.36405, 30.94687], [34.36405, 30.94831], [34.36059, 30.9512], [34.36057, 30.95409], [34.35884, 30.95553], [34.35883, 30.95987], [34.35536, 30.9642], [34.35534, 30.96853], [34.35188, 30.97286], [34.35186, 30.97719], [34.34839, 30.98152], [34.34837, 30.98586], [34.34491, 30.99019], [34.34489, 30.99452], [34.34316, 30.99596], [34.34314, 31.00174], [34.33967, 31.00607], [34.33966, 31.00896], [34.33619, 31.01329], [34.33618, 31.01618], [34.33445, 31.01763], [34.33445, 31.01907], [34.33272, 31.02051], [34.3327, 31.02485], [34.33097, 31.02629], [34.33096, 31.02773], [34.3275, 31.03062], [34.32922, 31.03207], [34.32921, 31.03496], [34.32574, 31.03929], [34.32573, 31.04218], [34.324, 31.04362], [34.32399, 31.04651], [34.31879, 31.05372], [34.31876, 31.06095], [34.31529, 31.06528], [34.31528, 31.06817], [34.31355, 31.06961], [34.31353, 31.07394], [34.3118, 31.07539], [34.31179, 31.07828], [34.30832, 31.08261], [34.30829, 31.08983], [34.30309, 31.09705], [34.30308, 31.09994], [34.30135, 31.10138], [34.30133, 31.10571], [34.29787, 31.11004], [34.29784, 31.11582], [34.29264, 31.12304], [34.29262, 31.12882], [34.28915, 31.13315], [34.28912, 31.14037], [34.28566, 31.1447], [34.28564, 31.14904], [34.28391, 31.15048], [34.28389, 31.15481], [34.27869, 31.16203], [34.27867, 31.16637], [34.2752, 31.1707], [34.27519, 31.17503], [34.27172, 31.17936], [34.2717, 31.18369], [34.26997, 31.18514], [34.26996, 31.18803], [34.26823, 31.18947], [34.26822, 31.19236], [34.26649, 31.1938], [34.26648, 31.19669], [34.26475, 31.19813], [34.26473, 31.20247], [34.263, 31.20391], [34.26298, 31.20824], [34.25952, 31.21257], [34.25948, 31.2198], [34.25775, 31.22124], [34.25772, 31.22846], [34.25599, 31.22991], [34.25598, 31.2328], [34.25425, 31.23424], [34.25424, 31.23713], [34.25251, 31.23857], [34.25423, 31.24002], [34.25422, 31.24291], [34.25249, 31.24435], [34.25247, 31.24724], [34.25074, 31.24868], [34.249, 31.25301], [34.24727, 31.25446], [34.24726, 31.25735], [34.24553, 31.25879], [34.24551, 31.26457], [34.24378, 31.26601], [34.24376, 31.2689], [34.24204, 31.27034], [34.24202, 31.27323], [34.24029, 31.27467], [34.24201, 31.27612], [34.242, 31.27901], [34.24027, 31.28045], [34.24026, 31.2819], [34.23853, 31.28334], [34.23681, 31.28334], [34.23507, 31.28767], [34.23334, 31.28911], [34.23333, 31.292], [34.2316, 31.29344], [34.23159, 31.29489], [34.22813, 31.29777], [34.22812, 31.29922], [34.22467, 31.3021], [34.22294, 31.3021], [34.22294, 31.30355], [34.21947, 31.30788], [34.21946, 31.30932], [34.216, 31.31365], [34.21599, 31.3151], [34.21426, 31.31654], [34.21426, 31.31798], [34.2108, 31.32087], [34.21079, 31.32231], [34.20906, 31.32376], [34.20906, 31.3252], [34.2228, 31.33678], [34.22452, 31.33678], [34.22967, 31.34112], [34.23312, 31.34112], [34.23484, 31.34257], [34.23656, 31.34257], [34.23828, 31.34402], [34.23827, 31.34546], [34.2417, 31.3498], [34.24169, 31.35125], [34.24856, 31.35704], [34.25027, 31.36137], [34.26401, 31.37295], [34.26573, 31.37295], [34.28462, 31.38887], [34.31897, 31.41781], [34.31896, 31.41925], [34.32069, 31.41925], [34.32584, 31.42359], [34.32756, 31.4236], [34.331, 31.42649], [34.33099, 31.42793], [34.33271, 31.42794], [34.33615, 31.43083], [34.33614, 31.43228], [34.33958, 31.43517], [34.33957, 31.43661], [34.34988, 31.4453], [34.35158, 31.44963], [34.36189, 31.45831], [34.36188, 31.45976], [34.37905, 31.47423], [34.37905, 31.47567], [34.38076, 31.47712], [34.38249, 31.47712], [34.38592, 31.48002], [34.38592, 31.48146], [34.41168, 31.50317], [34.41167, 31.50461], [34.42369, 31.51618], [34.42368, 31.51763], [34.42712, 31.52052], [34.42884, 31.52052], [34.43056, 31.52197], [34.43226, 31.52631], [34.44428, 31.53644], [34.44428, 31.53788], [34.44771, 31.54078], [34.44771, 31.54222], [34.45286, 31.54656], [34.45285, 31.54801], [34.45972, 31.55524], [34.45971, 31.55668], [34.46486, 31.56102], [34.46485, 31.56247], [34.46828, 31.56681], [34.46828, 31.56825], [34.47343, 31.57259], [34.47342, 31.57404], [34.47686, 31.57693], [34.47685, 31.57838], [34.48029, 31.58127], [34.48028, 31.58271], [34.48543, 31.58706], [34.48714, 31.59139], [34.49229, 31.59573], [34.494, 31.60007], [34.49743, 31.60296], [34.49914, 31.6073], [34.50257, 31.61019], [34.50256, 31.61164], [34.50428, 31.61309], [34.50428, 31.61453], [34.50771, 31.61742], [34.5077, 31.61887], [34.51114, 31.62176], [34.51113, 31.62321], [34.518, 31.63044], [34.5197, 31.63478], [34.52657, 31.64056], [34.52828, 31.6449], [34.53515, 31.65069], [34.53514, 31.65213], [34.53686, 31.65358], [34.53684, 31.65647], [34.54371, 31.66226], [34.54371, 31.6637], [34.54886, 31.66804], [34.54885, 31.66949], [34.55229, 31.67238], [34.55401, 31.67238], [34.55573, 31.67383], [34.55914, 31.6825], [34.56257, 31.6854], [34.56257, 31.68684], [34.566, 31.69118], [34.56599, 31.69263], [34.56771, 31.69407], [34.5677, 31.69552], [34.57114, 31.69841], [34.57284, 31.70275], [34.57456, 31.7042], [34.57455, 31.70708], [34.57626, 31.70853], [34.57626, 31.70998], [34.57969, 31.71287], [34.5814, 31.71721], [34.58312, 31.71865], [34.58311, 31.7201], [34.58654, 31.72299], [34.58825, 31.72733], [34.58997, 31.72878], [34.59167, 31.73311], [34.59681, 31.74034], [34.59681, 31.74179], [34.59852, 31.74323], [34.59852, 31.74468], [34.60195, 31.74757], [34.60366, 31.75191], [34.60537, 31.75336], [34.60536, 31.75625], [34.6088, 31.75914], [34.60879, 31.76058], [34.61051, 31.76203], [34.6105, 31.76492], [34.61393, 31.76782], [34.61564, 31.77215], [34.61906, 31.77649], [34.61906, 31.77794], [34.62078, 31.77938], [34.62248, 31.78372], [34.62591, 31.78806], [34.6259, 31.7895], [34.62934, 31.7924], [34.62933, 31.79384], [34.63277, 31.79673], [34.63276, 31.79818], [34.63449, 31.79674], [34.63794, 31.79674], [34.63967, 31.7953], [34.64311, 31.7953], [34.65175, 31.79098], [34.6552, 31.79098], [34.66038, 31.7881], [34.66555, 31.78811], [34.66901, 31.78522], [34.67246, 31.78523], [34.67764, 31.78234], [34.68281, 31.78235], [34.68454, 31.78091], [34.68799, 31.78091], [34.68972, 31.77947], [34.69316, 31.77947], [34.69835, 31.77659], [34.70007, 31.77659], [34.70353, 31.77371], [34.70871, 31.77227], [34.72081, 31.76362], [34.72253, 31.76362], [34.72945, 31.75785], [34.73117, 31.75785], [34.73118, 31.75496], [34.73291, 31.75352], [34.73292, 31.75207], [34.72776, 31.74918], [34.72604, 31.74918], [34.71574, 31.73905], [34.71575, 31.7376], [34.71231, 31.73471], [34.70715, 31.73326], [34.702, 31.72892], [34.70029, 31.72458], [34.69857, 31.72314], [34.69685, 31.72313], [34.6917, 31.71879], [34.6917, 31.71735], [34.68999, 31.7159], [34.69001, 31.71012], [34.68829, 31.70867], [34.6883, 31.70723], [34.68486, 31.70434], [34.6797, 31.70288], [34.6694, 31.6942], [34.6694, 31.69276], [34.66597, 31.68986], [34.66597, 31.68842], [34.6591, 31.68263], [34.6574, 31.6783], [34.65397, 31.67396], [34.65398, 31.67251], [34.65226, 31.67106], [34.64365, 31.66816], [34.64022, 31.66527], [34.63849, 31.66527], [34.62819, 31.65659], [34.62647, 31.65658], [34.62303, 31.65369], [34.62131, 31.65224], [34.62132, 31.6508], [34.61789, 31.6479], [34.6179, 31.64357], [34.61619, 31.64212], [34.61627, 31.6219], [34.61113, 31.61467], [34.60597, 31.61322], [34.60082, 31.60887], [34.60089, 31.59154], [34.59917, 31.59009], [34.59401, 31.58864], [34.58541, 31.58285], [34.58542, 31.5814], [34.58027, 31.57706], [34.57856, 31.57273], [34.57685, 31.57128], [34.57686, 31.56839], [34.57514, 31.56694], [34.57515, 31.56405], [34.57344, 31.56261], [34.57345, 31.55972], [34.57691, 31.55683], [34.57863, 31.55683], [34.58036, 31.55539], [34.58039, 31.54817], [34.57867, 31.54672], [34.57871, 31.53805], [34.57528, 31.53516], [34.57355, 31.53516], [34.57183, 31.53371], [34.56839, 31.5337], [34.56667, 31.53226], [34.5615, 31.53225], [34.55978, 31.5308], [34.55806, 31.5308], [34.55291, 31.52646], [34.55293, 31.52068], [34.55466, 31.51924], [34.55467, 31.51635], [34.5564, 31.51491], [34.55641, 31.51346], [34.56679, 31.50481], [34.56507, 31.50336], [34.56336, 31.49902], [34.55134, 31.4889], [34.55135, 31.48745], [34.54276, 31.48022], [34.53758, 31.48165], [34.5324, 31.48598], [34.52722, 31.48742], [34.52549, 31.48886], [34.52204, 31.48886], [34.52031, 31.4903], [34.5186, 31.48885], [34.51687, 31.48885], [34.51, 31.48306], [34.50484, 31.48161], [34.49969, 31.47727], [34.4911, 31.47004], [34.48939, 31.4657], [34.46535, 31.44544], [34.46536, 31.444], [34.45677, 31.43676], [34.45678, 31.43532], [34.45334, 31.43242], [34.45335, 31.43098], [34.44648, 31.42519], [34.44648, 31.42375], [34.44305, 31.42085], [34.44134, 31.41652], [34.43447, 31.41073], [34.43448, 31.40928], [34.43105, 31.40639], [34.43105, 31.40495], [34.42418, 31.39916], [34.42419, 31.39771], [34.42247, 31.39627], [34.42077, 31.39193], [34.4139, 31.38614], [34.4139, 31.3847], [34.41047, 31.3818], [34.41047, 31.38036], [34.40704, 31.37746], [34.40705, 31.37602], [34.40189, 31.37168], [34.4019, 31.37023], [34.39846, 31.36734], [34.39676, 31.363], [34.39332, 31.36011], [34.39334, 31.35578], [34.39163, 31.35433], [34.39166, 31.3471], [34.38307, 31.33987], [34.38135, 31.33987], [34.37275, 31.33408], [34.37103, 31.33408], [34.36759, 31.33118], [34.3676, 31.32974], [34.36245, 31.3254], [34.36764, 31.32107], [34.36936, 31.32107], [34.37109, 31.31963], [34.37626, 31.31963], [34.37799, 31.31819], [34.38144, 31.3182], [34.38662, 31.31531], [34.38834, 31.31532], [34.39007, 31.31387], [34.39009, 31.31098], [34.38836, 31.31098], [34.38493, 31.30809], [34.37976, 31.30664], [34.37633, 31.30374], [34.3746, 31.30374], [34.37117, 31.30085], [34.37118, 31.2994], [34.36431, 31.29361], [34.36431, 31.29217], [34.36259, 31.29217], [34.36087, 31.29072], [34.35742, 31.29072], [34.35569, 31.29216], [34.35397, 31.29216], [34.35051, 31.29504], [34.34879, 31.29504], [34.34706, 31.29648], [34.33327, 31.29646], [34.32984, 31.29357], [34.32985, 31.29068], [34.32813, 31.28923], [34.32814, 31.28634], [34.32643, 31.2849], [34.32644, 31.28201], [34.32472, 31.28056], [34.32474, 31.27623], [34.32302, 31.27478], [34.32307, 31.26322], [34.32135, 31.26177], [34.32138, 31.25455], [34.32311, 31.25311], [34.32314, 31.24733], [34.32487, 31.24589], [34.32488, 31.243], [34.32835, 31.23867], [34.32836, 31.23578], [34.33009, 31.23433], [34.33009, 31.23289], [34.33356, 31.22856], [34.33356, 31.22712], [34.33703, 31.22279], [34.33704, 31.22134], [34.3405, 31.21701], [34.34051, 31.21412], [34.34397, 31.21124], [34.34398, 31.20979], [34.34571, 31.20835], [34.34572, 31.2069], [34.34917, 31.20402], [34.35092, 31.19969], [34.35438, 31.1968], [34.35782, 31.19681], [34.35955, 31.19536], [34.35956, 31.19392], [34.36302, 31.18959], [34.36477, 31.18526], [34.36822, 31.18237], [34.36823, 31.18093], [34.36996, 31.17948], [34.36997, 31.17659], [34.3769, 31.16938], [34.37692, 31.16505], [34.3752, 31.1636], [34.37694, 31.15927], [34.3804, 31.15638], [34.38214, 31.15205], [34.38907, 31.14483], [34.38907, 31.14339], [34.39254, 31.13906], [34.39254, 31.13761], [34.39947, 31.1304], [34.39947, 31.12896], [34.40293, 31.12607], [34.40294, 31.12463], [34.4064, 31.12174], [34.4064, 31.1203], [34.40986, 31.11741], [34.40987, 31.11597], [34.41506, 31.11164], [34.41507, 31.11019], [34.41852, 31.10731], [34.41853, 31.10586], [34.42026, 31.10442], [34.42198, 31.10442], [34.42373, 31.10009], [34.43064, 31.09432], [34.43065, 31.09288], [34.43238, 31.09143], [34.4341, 31.09144], [34.43412, 31.08855], [34.44103, 31.08278], [34.44276, 31.08278], [34.44449, 31.08134], [34.44793, 31.08134], [34.44966, 31.0799], [34.44967, 31.07845], [34.44795, 31.07701], [34.44796, 31.07556], [34.45142, 31.07268], [34.45314, 31.07268], [34.45832, 31.06979], [34.47384, 31.06981], [34.47557, 31.06837], [34.47728, 31.06982], [34.47901, 31.06838], [34.4928, 31.06839], [34.49453, 31.06695], [34.4997, 31.06696], [34.50834, 31.06119], [34.50835, 31.05975], [34.51527, 31.05253], [34.51528, 31.05109], [34.51874, 31.0482], [34.51874, 31.04676], [34.52047, 31.04531], [34.52222, 31.04098], [34.52568, 31.03665], [34.52569, 31.03521], [34.52742, 31.03376], [34.52744, 31.02943], [34.5309, 31.0251], [34.53091, 31.02221], [34.53264, 31.02077], [34.53265, 31.01932], [34.53438, 31.01788], [34.53439, 31.01499], [34.53785, 31.01211], [34.53787, 31.00777], [34.54307, 31.00055], [34.54308, 30.99766], [34.54481, 30.99622], [34.54482, 30.99333], [34.54655, 30.99189], [34.54657, 30.98756], [34.5483, 30.98611], [34.54833, 30.97889], [34.55006, 30.97745], [34.55007, 30.97456], [34.5518, 30.97311], [34.55182, 30.97022], [34.55528, 30.9659], [34.55531, 30.95867], [34.55704, 30.95723], [34.55706, 30.95289], [34.55879, 30.95145], [34.55882, 30.94423], [34.56055, 30.94279], [34.56057, 30.93845], [34.5623, 30.93701], [34.56231, 30.93412], [34.56578, 30.92979], [34.56579, 30.92546], [34.56926, 30.92113], [34.56928, 30.91679], [34.57101, 30.91535], [34.57103, 30.91101], [34.57276, 30.90957], [34.57277, 30.90668], [34.57623, 30.9038], [34.57624, 30.90091], [34.5797, 30.89658], [34.57972, 30.89369], [34.58318, 30.88936], [34.58319, 30.88647], [34.58492, 30.88503], [34.58494, 30.88214], [34.59012, 30.87781], [34.59013, 30.87636], [34.5936, 30.87203], [34.59361, 30.8677], [34.59534, 30.86626], [34.59535, 30.86481], [34.59881, 30.86193], [34.59882, 30.86048], [34.60055, 30.85904], [34.60056, 30.85615], [34.60402, 30.85327], [34.60576, 30.84893], [34.60922, 30.84605], [34.60922, 30.8446], [34.61615, 30.83739], [34.61615, 30.83594], [34.62134, 30.83162], [34.62997, 30.82874], [34.6317, 30.82729], [34.64204, 30.82731], [34.64376, 30.82876], [34.64721, 30.82876], [34.64893, 30.83021], [34.65237, 30.83021], [34.67129, 30.8389], [34.67474, 30.83891], [34.6799, 30.8418], [34.68506, 30.84326], [34.69537, 30.85049], [34.70399, 30.85195], [34.7057, 30.85339], [34.71087, 30.8534], [34.71259, 30.85485], [34.71432, 30.85341], [34.71604, 30.85341], [34.71776, 30.85486], [34.71949, 30.85341], [34.72121, 30.85486], [34.72294, 30.85342], [34.72811, 30.85342], [34.73329, 30.85054], [34.73674, 30.85054], [34.7402, 30.84766], [34.74192, 30.84766], [34.75403, 30.83756], [34.75575, 30.83757], [34.76439, 30.8318], [34.7644, 30.83035], [34.77133, 30.82314], [34.77307, 30.81881], [34.77653, 30.81592], [34.77653, 30.81448], [34.77826, 30.81303], [34.77827, 30.81159], [34.78173, 30.8087], [34.78173, 30.80726], [34.78865, 30.80149], [34.78866, 30.7986], [34.79212, 30.79571], [34.79387, 30.79138], [34.79732, 30.7885], [34.79907, 30.78417], [34.80253, 30.78128], [34.80253, 30.77984], [34.80599, 30.77695], [34.806, 30.77551], [34.80946, 30.77118], [34.80947, 30.76973], [34.81293, 30.76685], [34.81467, 30.76251], [34.81813, 30.75963], [34.81814, 30.75818], [34.8216, 30.75385], [34.82161, 30.75241], [34.82507, 30.74808], [34.82508, 30.74663], [34.82854, 30.74375], [34.82854, 30.7423], [34.83027, 30.74086], [34.83029, 30.73797], [34.83375, 30.73509], [34.83375, 30.73364], [34.83548, 30.7322], [34.8355, 30.72787], [34.83723, 30.72642], [34.83724, 30.72353], [34.83897, 30.72209], [34.839, 30.71631], [34.83728, 30.71487], [34.8373, 30.71053], [34.83558, 30.70908], [34.83559, 30.70619], [34.83216, 30.7033], [34.83043, 30.7033], [34.82183, 30.69895], [34.81494, 30.69894], [34.81322, 30.6975], [34.81149, 30.69894], [34.80115, 30.69893], [34.79255, 30.69458], [34.79083, 30.69458], [34.78911, 30.69313], [34.78912, 30.69169], [34.78225, 30.6859], [34.78054, 30.68156], [34.77711, 30.67722], [34.77713, 30.67289], [34.7737, 30.66855], [34.77372, 30.66566], [34.772, 30.66422], [34.77201, 30.66133], [34.76858, 30.65843], [34.76859, 30.6541], [34.76688, 30.65265], [34.76689, 30.64976], [34.76175, 30.64253], [34.76176, 30.63964], [34.76004, 30.63819], [34.75834, 30.63386], [34.7549, 30.63096], [34.75492, 30.62807], [34.7532, 30.62663], [34.75321, 30.62374], [34.74978, 30.6194], [34.74808, 30.61506], [34.74636, 30.61362], [34.74466, 30.60928], [34.7395, 30.60494], [34.73778, 30.60494], [34.73091, 30.59915], [34.72919, 30.59915], [34.72747, 30.5977], [34.7223, 30.59769], [34.72058, 30.59625], [34.71541, 30.59624], [34.71369, 30.59479], [34.7068, 30.59478], [34.70508, 30.59334], [34.69991, 30.59333], [34.69475, 30.59043], [34.68615, 30.58753], [34.67241, 30.57596], [34.67241, 30.57451], [34.66726, 30.57017], [34.66727, 30.56728], [34.66385, 30.56294], [34.66386, 30.56005], [34.66214, 30.55861], [34.66215, 30.55572], [34.66044, 30.55427], [34.66044, 30.55283], [34.65872, 30.55138], [34.65874, 30.54849], [34.65702, 30.54704], [34.65704, 30.54126], [34.65533, 30.53982], [34.65534, 30.53693], [34.65362, 30.53548], [34.65363, 30.53259], [34.65021, 30.52825], [34.65022, 30.52392], [34.64851, 30.52247], [34.64852, 30.51814], [34.64681, 30.51669], [34.64683, 30.51091], [34.64511, 30.50946], [34.64514, 30.50368], [34.64342, 30.50224], [34.64343, 30.50079], [34.63999, 30.4979], [34.64, 30.49501], [34.63829, 30.49356], [34.63829, 30.49212], [34.63314, 30.48778], [34.63144, 30.48344], [34.60739, 30.46463], [34.60222, 30.46318], [34.59879, 30.46028], [34.59706, 30.46028], [34.59363, 30.45739], [34.59191, 30.45738], [34.58847, 30.45449], [34.57987, 30.45159], [34.57643, 30.4487], [34.57471, 30.44869], [34.56955, 30.4458], [34.5661, 30.44579], [34.56267, 30.4429], [34.56094, 30.4429], [34.55923, 30.44145], [34.55061, 30.43999], [34.5489, 30.43855], [34.54545, 30.43854], [34.54029, 30.43565], [34.54029, 30.43709], [34.53856, 30.43853], [34.53683, 30.43853], [34.53337, 30.44142]]], [[[35.24109, 32.62825], [35.2411, 32.62681], [35.24283, 32.62536], [35.24285, 32.61958], [35.24458, 32.61814], [35.24462, 32.60947], [35.24808, 32.60514], [35.24809, 32.6037], [35.25155, 32.60081], [35.25157, 32.59648], [35.25849, 32.59071], [35.26021, 32.59071], [35.26194, 32.58927], [35.26368, 32.58494], [35.2706, 32.57917], [35.27577, 32.57917], [35.2775, 32.57773], [35.27922, 32.57773], [35.28441, 32.5734], [35.28959, 32.57197], [35.28963, 32.56185], [35.2931, 32.55752], [35.29311, 32.55463], [35.2983, 32.55031], [35.30002, 32.55031], [35.30174, 32.55175], [35.30863, 32.55176], [35.31035, 32.55321], [35.31552, 32.55322], [35.31724, 32.55466], [35.32586, 32.55468], [35.33278, 32.5489], [35.33449, 32.55035], [35.33966, 32.55036], [35.34139, 32.54892], [35.3414, 32.54747], [35.34659, 32.54314], [35.34831, 32.54315], [35.35004, 32.5417], [35.35521, 32.54171], [35.35522, 32.54026], [35.35695, 32.53882], [35.35867, 32.53882], [35.36213, 32.53594], [35.36558, 32.53594], [35.36731, 32.5345], [35.36732, 32.53161], [35.37078, 32.52873], [35.37251, 32.52728], [35.37423, 32.52729], [35.37769, 32.5244], [35.37941, 32.5244], [35.37942, 32.52296], [35.38115, 32.52152], [35.38116, 32.51863], [35.38635, 32.5143], [35.3898, 32.5143], [35.39326, 32.51142], [35.39328, 32.50708], [35.40019, 32.50131], [35.40364, 32.50132], [35.40537, 32.49988], [35.40709, 32.49988], [35.41055, 32.49699], [35.41056, 32.49555], [35.41575, 32.49122], [35.41749, 32.48689], [35.42268, 32.48256], [35.42269, 32.48112], [35.42441, 32.47967], [35.42443, 32.47534], [35.4348, 32.46813], [35.43481, 32.46668], [35.44001, 32.45947], [35.44003, 32.45513], [35.44695, 32.44936], [35.44696, 32.44792], [35.44868, 32.44647], [35.44871, 32.4407], [35.4539, 32.43637], [35.45391, 32.43348], [35.45564, 32.43204], [35.45738, 32.4277], [35.46084, 32.42482], [35.46256, 32.42482], [35.46428, 32.42627], [35.47118, 32.42628], [35.47289, 32.42772], [35.47979, 32.42773], [35.48325, 32.42485], [35.48497, 32.42485], [35.49362, 32.41764], [35.49369, 32.4003], [35.49716, 32.39597], [35.49373, 32.39163], [35.49719, 32.3873], [35.49721, 32.38441], [35.49549, 32.38296], [35.4955, 32.38007], [35.50069, 32.37575], [35.50243, 32.37141], [35.50762, 32.36709], [35.50934, 32.36709], [35.51799, 32.36132], [35.53007, 32.357], [35.5318, 32.35556], [35.53869, 32.35557], [35.54042, 32.35413], [35.55593, 32.35415], [35.5594, 32.34982], [35.56112, 32.34982], [35.56285, 32.34838], [35.56286, 32.34693], [35.56114, 32.34548], [35.56124, 32.32237], [35.5647, 32.31804], [35.56645, 32.31371], [35.56818, 32.31226], [35.56818, 32.31082], [35.5682, 32.30648], [35.56306, 32.29925], [35.56307, 32.29636], [35.5648, 32.29492], [35.56654, 32.29059], [35.57001, 32.28626], [35.57005, 32.27615], [35.56662, 32.27181], [35.56665, 32.26603], [35.56838, 32.26459], [35.56844, 32.25014], [35.57017, 32.2487], [35.57017, 32.24725], [35.57363, 32.24437], [35.57365, 32.24003], [35.57022, 32.23569], [35.57025, 32.22847], [35.57198, 32.22703], [35.572, 32.22414], [35.57373, 32.22269], [35.57373, 32.22125], [35.57719, 32.21836], [35.5772, 32.21548], [35.57893, 32.21403], [35.57894, 32.21259], [35.57722, 32.21114], [35.57552, 32.2068], [35.57208, 32.20391], [35.57209, 32.20247], [35.57037, 32.20102], [35.57039, 32.19668], [35.57212, 32.19524], [35.57216, 32.18657], [35.567, 32.18223], [35.56701, 32.18079], [35.56529, 32.17934], [35.56531, 32.17501], [35.56359, 32.17356], [35.56361, 32.17067], [35.56189, 32.16922], [35.56191, 32.16344], [35.56019, 32.162], [35.56024, 32.15188], [35.56197, 32.15044], [35.56197, 32.149], [35.56716, 32.14611], [35.56544, 32.14467], [35.56544, 32.14322], [35.562, 32.14322], [35.56028, 32.14177], [35.55856, 32.14177], [35.55512, 32.13887], [35.55513, 32.13743], [35.55341, 32.13598], [35.55342, 32.13309], [35.55515, 32.13165], [35.55518, 32.12443], [35.55691, 32.12298], [35.5552, 32.12154], [35.55522, 32.11576], [35.5535, 32.11431], [35.55351, 32.11287], [35.54836, 32.10853], [35.54836, 32.10708], [35.54665, 32.10563], [35.54667, 32.09986], [35.5484, 32.09841], [35.54844, 32.0883], [35.55017, 32.08686], [35.55019, 32.08252], [35.54676, 32.07818], [35.54677, 32.07529], [35.54334, 32.0724], [35.54335, 32.07096], [35.53992, 32.06662], [35.53992, 32.06517], [35.53649, 32.06083], [35.53652, 32.05361], [35.52795, 32.04349], [35.52798, 32.03626], [35.52971, 32.03482], [35.52973, 32.03048], [35.52801, 32.02904], [35.52802, 32.02615], [35.52975, 32.02471], [35.52978, 32.01748], [35.53325, 32.01315], [35.5333, 32.00159], [35.53503, 32.00015], [35.53503, 31.99871], [35.53849, 31.99582], [35.54022, 31.99582], [35.54541, 31.9915], [35.54713, 31.9915], [35.5437, 31.98716], [35.54371, 31.98427], [35.54544, 31.98283], [35.54545, 31.97994], [35.54718, 31.9785], [35.54893, 31.97416], [35.55066, 31.97272], [35.55067, 31.96839], [35.5524, 31.96694], [35.55241, 31.9655], [35.55069, 31.96405], [35.5507, 31.96116], [35.54899, 31.95972], [35.54908, 31.9366], [35.54737, 31.93515], [35.54739, 31.92937], [35.54567, 31.92793], [35.54568, 31.92648], [35.53709, 31.91925], [35.5371, 31.9178], [35.53367, 31.91346], [35.53368, 31.91057], [35.53541, 31.90913], [35.53543, 31.9048], [35.54063, 31.89758], [35.54065, 31.89325], [35.54238, 31.8918], [35.54241, 31.88602], [35.54413, 31.88458], [35.54415, 31.88169], [35.54761, 31.87736], [35.54762, 31.87592], [35.55108, 31.87303], [35.5511, 31.8687], [35.55283, 31.86726], [35.55284, 31.86437], [35.55457, 31.86292], [35.55457, 31.86148], [35.55115, 31.85714], [35.55115, 31.8557], [35.54943, 31.85425], [35.54945, 31.85136], [35.55291, 31.84703], [35.55293, 31.84269], [35.5564, 31.83836], [35.55646, 31.82392], [35.55132, 31.81669], [35.55132, 31.81524], [35.54961, 31.8138], [35.54962, 31.81091], [35.55135, 31.80946], [35.54963, 31.80802], [35.54965, 31.80368], [35.55138, 31.80224], [35.55312, 31.79791], [35.55658, 31.79502], [35.5566, 31.79069], [35.55833, 31.78925], [35.55661, 31.7878], [35.55663, 31.78202], [35.56183, 31.7748], [35.56184, 31.77336], [35.56012, 31.77191], [35.56014, 31.76758], [35.55841, 31.76902], [35.55497, 31.76901], [35.55324, 31.77046], [35.55152, 31.76901], [35.54634, 31.77189], [35.54289, 31.77189], [35.54116, 31.77333], [35.53944, 31.77188], [35.53771, 31.77333], [35.52909, 31.77332], [35.52738, 31.77187], [35.52221, 31.77186], [35.52049, 31.77041], [35.51704, 31.77041], [35.50846, 31.76318], [35.50846, 31.76173], [35.50331, 31.75739], [35.50332, 31.75595], [35.49988, 31.75305], [35.49989, 31.75161], [35.49645, 31.74871], [35.49646, 31.74727], [35.49473, 31.74727], [35.48958, 31.74292], [35.47754, 31.73858], [35.47411, 31.73424], [35.47412, 31.73135], [35.47067, 31.73134], [35.46896, 31.7299], [35.46723, 31.72989], [35.45522, 31.71832], [35.45351, 31.71398], [35.45179, 31.71254], [35.45184, 31.70098], [35.45013, 31.69953], [35.45013, 31.69809], [35.4467, 31.69375], [35.445, 31.68941], [35.44328, 31.68796], [35.4433, 31.68219], [35.44503, 31.68074], [35.44508, 31.66919], [35.44336, 31.66918], [35.43992, 31.66629], [35.4382, 31.66629], [35.43477, 31.66195], [35.4348, 31.65617], [35.43653, 31.65473], [35.43653, 31.65328], [35.43309, 31.65328], [35.43137, 31.65183], [35.43137, 31.65039], [35.42966, 31.64894], [35.42967, 31.64605], [35.42453, 31.63882], [35.42454, 31.63593], [35.42282, 31.63448], [35.42112, 31.63015], [35.41769, 31.62581], [35.4177, 31.62292], [35.41427, 31.61858], [35.41429, 31.61424], [35.41258, 31.6128], [35.41261, 31.60557], [35.41089, 31.60413], [35.41099, 31.57957], [35.41272, 31.57812], [35.41273, 31.57668], [35.41619, 31.57379], [35.4162, 31.5709], [35.41106, 31.56367], [35.41107, 31.56223], [35.40764, 31.55789], [35.40593, 31.55355], [35.40421, 31.55211], [35.40424, 31.54633], [35.40252, 31.54488], [35.40254, 31.54055], [35.40082, 31.5391], [35.40093, 31.51454], [35.40266, 31.5131], [35.40266, 31.51165], [35.4027, 31.50298], [35.40098, 31.50154], [35.40105, 31.48564], [35.40278, 31.4842], [35.40106, 31.48275], [35.40107, 31.48131], [35.39763, 31.47842], [35.39591, 31.47841], [35.39076, 31.47407], [35.38903, 31.47407], [35.38388, 31.46973], [35.38218, 31.46539], [35.37187, 31.45671], [35.37188, 31.45527], [35.36673, 31.45093], [35.36673, 31.44948], [35.35986, 31.44369], [35.35816, 31.43936], [35.35472, 31.43646], [35.35302, 31.43213], [35.34958, 31.42923], [35.3496, 31.42634], [35.34444, 31.422], [35.34445, 31.42056], [35.34101, 31.41766], [35.34103, 31.41477], [35.33931, 31.41333], [35.3376, 31.40899], [35.33075, 31.40031], [35.33076, 31.39742], [35.32733, 31.39308], [35.32734, 31.3902], [35.32391, 31.38586], [35.32393, 31.38297], [35.31706, 31.37718], [35.3188, 31.37285], [35.31708, 31.3714], [35.3171, 31.36707], [35.31195, 31.36273], [35.31196, 31.35984], [35.31369, 31.35839], [35.31371, 31.35406], [35.31199, 31.35261], [35.31201, 31.34828], [35.31029, 31.34683], [35.31031, 31.3425], [35.30859, 31.34105], [35.30862, 31.33527], [35.3069, 31.33382], [35.30692, 31.32949], [35.3052, 31.32804], [35.30522, 31.32371], [35.3035, 31.32226], [35.30351, 31.31937], [35.3018, 31.31792], [35.30183, 31.3107], [35.30011, 31.30925], [35.30013, 31.30347], [35.29842, 31.30203], [35.29846, 31.29191], [35.29674, 31.29047], [35.29684, 31.26735], [35.29512, 31.2659], [35.29516, 31.25724], [35.29172, 31.25434], [35.2814, 31.25144], [35.27796, 31.24855], [35.27624, 31.24854], [35.27108, 31.2442], [35.26936, 31.2442], [35.26764, 31.24275], [35.26247, 31.24275], [35.26076, 31.2413], [35.25731, 31.2413], [35.25559, 31.23985], [35.25042, 31.23984], [35.2487, 31.23839], [35.23319, 31.23837], [35.22801, 31.24126], [35.22456, 31.24125], [35.2211, 31.24414], [35.21593, 31.24558], [35.2142, 31.24702], [35.20041, 31.247], [35.19869, 31.24555], [35.19007, 31.24554], [35.18663, 31.24554], [35.1849, 31.24698], [35.17973, 31.24698], [35.16936, 31.25419], [35.16418, 31.25418], [35.16246, 31.25562], [35.14867, 31.2556], [35.14695, 31.25416], [35.14006, 31.25415], [35.13142, 31.25847], [35.11074, 31.25845], [35.10902, 31.257], [35.10213, 31.25699], [35.1004, 31.25843], [35.0935, 31.25842], [35.09177, 31.25987], [35.08833, 31.25986], [35.08661, 31.25841], [35.08488, 31.25986], [35.07798, 31.25985], [35.07626, 31.26129], [35.07108, 31.26128], [35.06936, 31.26273], [35.06418, 31.26272], [35.06247, 31.26127], [35.05213, 31.26126], [35.05041, 31.25981], [35.03662, 31.2598], [35.0349, 31.25835], [35.01422, 31.25832], [35.0125, 31.25688], [34.99872, 31.25686], [34.997, 31.25541], [34.98493, 31.2554], [34.9832, 31.25684], [34.98149, 31.25539], [34.91944, 31.25531], [34.91772, 31.25387], [34.91599, 31.25531], [34.91082, 31.2553], [34.90911, 31.25385], [34.85568, 31.25379], [34.85396, 31.25234], [34.835, 31.25232], [34.83328, 31.25087], [34.8195, 31.25085], [34.81778, 31.2494], [34.81088, 31.24939], [34.79886, 31.24071], [34.79369, 31.23926], [34.79197, 31.23781], [34.78853, 31.23781], [34.78681, 31.23636], [34.78164, 31.23635], [34.77992, 31.23491], [34.77303, 31.2349], [34.7713, 31.23634], [34.76958, 31.23634], [34.76612, 31.23922], [34.76439, 31.24067], [34.76438, 31.24211], [34.76092, 31.245], [34.7609, 31.25078], [34.76261, 31.25222], [34.76257, 31.26234], [34.76429, 31.26378], [34.76427, 31.26812], [34.76599, 31.26956], [34.76596, 31.27679], [34.76767, 31.27824], [34.76766, 31.28257], [34.76937, 31.28402], [34.76935, 31.28835], [34.77107, 31.2898], [34.77105, 31.29413], [34.77277, 31.29558], [34.77275, 31.30136], [34.77446, 31.3028], [34.77445, 31.30569], [34.77617, 31.30714], [34.77616, 31.31003], [34.77787, 31.31148], [34.77786, 31.31437], [34.77958, 31.31581], [34.77955, 31.32304], [34.78127, 31.32449], [34.78124, 31.33026], [34.78296, 31.33171], [34.78293, 31.33749], [34.78465, 31.33894], [34.78463, 31.34327], [34.78635, 31.34472], [34.78633, 31.34905], [34.78805, 31.3505], [34.78803, 31.35628], [34.78974, 31.35773], [34.78972, 31.36206], [34.79144, 31.36351], [34.79142, 31.36784], [34.79314, 31.36929], [34.79311, 31.37651], [34.79483, 31.37796], [34.79481, 31.38229], [34.79653, 31.38374], [34.7965, 31.38952], [34.79822, 31.39097], [34.7982, 31.3953], [34.79992, 31.39675], [34.79989, 31.40253], [34.80161, 31.40397], [34.8016, 31.40686], [34.80332, 31.40831], [34.80329, 31.41409], [34.80501, 31.41554], [34.80499, 31.41987], [34.80842, 31.42421], [34.80669, 31.42565], [34.80664, 31.43865], [34.80491, 31.4401], [34.80489, 31.44299], [34.80143, 31.44732], [34.80141, 31.45165], [34.79968, 31.45309], [34.79966, 31.45743], [34.7962, 31.46176], [34.79618, 31.46609], [34.79098, 31.47331], [34.79096, 31.47764], [34.7875, 31.48053], [34.78749, 31.48342], [34.78403, 31.4863], [34.78402, 31.48919], [34.78229, 31.49063], [34.78228, 31.49208], [34.77709, 31.49641], [34.77708, 31.49785], [34.77362, 31.50218], [34.77188, 31.50651], [34.77015, 31.50796], [34.77014, 31.5094], [34.76668, 31.51229], [34.76494, 31.51662], [34.76148, 31.5195], [34.76148, 31.52095], [34.75802, 31.52383], [34.75801, 31.52528], [34.7459, 31.53682], [34.74589, 31.53827], [34.74243, 31.54115], [34.74069, 31.54548], [34.73377, 31.55125], [34.73376, 31.5527], [34.73031, 31.55558], [34.7303, 31.55703], [34.71646, 31.56857], [34.71646, 31.57001], [34.69916, 31.58444], [34.69915, 31.58588], [34.69396, 31.59021], [34.69396, 31.59166], [34.68703, 31.59887], [34.68703, 31.60032], [34.68875, 31.60176], [34.68529, 31.60465], [34.68527, 31.60754], [34.68354, 31.60898], [34.68348, 31.62487], [34.68519, 31.62632], [34.68516, 31.63354], [34.68688, 31.63499], [34.68686, 31.63932], [34.68858, 31.64077], [34.68856, 31.64511], [34.69028, 31.64655], [34.69027, 31.64944], [34.69198, 31.65089], [34.69198, 31.65233], [34.69541, 31.65523], [34.6954, 31.65812], [34.69883, 31.66246], [34.69882, 31.6639], [34.70225, 31.66824], [34.70225, 31.66968], [34.71083, 31.67692], [34.71256, 31.67692], [34.71599, 31.67981], [34.71599, 31.68126], [34.7177, 31.68271], [34.71943, 31.68271], [34.72286, 31.6856], [34.72458, 31.6856], [34.73489, 31.69429], [34.73488, 31.69573], [34.73832, 31.69862], [34.74004, 31.69863], [34.74348, 31.70152], [34.7452, 31.70152], [34.74863, 31.70442], [34.75208, 31.70442], [34.7538, 31.70587], [34.75552, 31.70587], [34.75895, 31.71021], [34.75893, 31.71599], [34.7572, 31.71743], [34.75545, 31.72176], [34.752, 31.72465], [34.75025, 31.72898], [34.74506, 31.73331], [34.74506, 31.73475], [34.74333, 31.7362], [34.74331, 31.74053], [34.73985, 31.74341], [34.73811, 31.74775], [34.73638, 31.74919], [34.73637, 31.75208], [34.73981, 31.75208], [34.74841, 31.75643], [34.75014, 31.75643], [34.75185, 31.75788], [34.7553, 31.75788], [34.76734, 31.76368], [34.77079, 31.76368], [34.77251, 31.76513], [34.77768, 31.76513], [34.77939, 31.76658], [34.78284, 31.76659], [34.78456, 31.76803], [34.78801, 31.76804], [34.78972, 31.76948], [34.79145, 31.76949], [34.79488, 31.77238], [34.79487, 31.77527], [34.79659, 31.77672], [34.79658, 31.77816], [34.80001, 31.78106], [34.80001, 31.7825], [34.80344, 31.78684], [34.80342, 31.78973], [34.80514, 31.79118], [34.80514, 31.79262], [34.80685, 31.79407], [34.80856, 31.7984], [34.81199, 31.8013], [34.81716, 31.8013], [34.82062, 31.79842], [34.82924, 31.79843], [34.83096, 31.79988], [34.83268, 31.79988], [34.83612, 31.80277], [34.84301, 31.80278], [34.84474, 31.80134], [34.84646, 31.80279], [34.8499, 31.80279], [34.85162, 31.80424], [34.85162, 31.80568], [34.85505, 31.80858], [34.86022, 31.80858], [34.8654, 31.8057], [34.87574, 31.80571], [34.87746, 31.80716], [34.88091, 31.80716], [34.88263, 31.80861], [34.89297, 31.80862], [34.89468, 31.81007], [34.89641, 31.81007], [34.90155, 31.8173], [34.90154, 31.81875], [34.90498, 31.82164], [34.9067, 31.82164], [34.90842, 31.82309], [34.91186, 31.8231], [34.91358, 31.82454], [34.91875, 31.82455], [34.92391, 31.82889], [34.92218, 31.83033], [34.92216, 31.83322], [34.92043, 31.83466], [34.9204, 31.84333], [34.92211, 31.84478], [34.92727, 31.84912], [34.94278, 31.84914], [34.94793, 31.85348], [34.94791, 31.85926], [34.93753, 31.86792], [34.93752, 31.86936], [34.93233, 31.87369], [34.93233, 31.87513], [34.92714, 31.87802], [34.9237, 31.87801], [34.92198, 31.87657], [34.92026, 31.87656], [34.91682, 31.87367], [34.91683, 31.87222], [34.91511, 31.87078], [34.91339, 31.87078], [34.90995, 31.86788], [34.90478, 31.86932], [34.90306, 31.86787], [34.89787, 31.87076], [34.89443, 31.87075], [34.8927, 31.87219], [34.89097, 31.87219], [34.88752, 31.87508], [34.88579, 31.87507], [34.88406, 31.87652], [34.87372, 31.8765], [34.87026, 31.87939], [34.8582, 31.87937], [34.85648, 31.87793], [34.85303, 31.87792], [34.84788, 31.87358], [34.84616, 31.87358], [34.84097, 31.87791], [34.84096, 31.8808], [34.83923, 31.88224], [34.83921, 31.88513], [34.84093, 31.88658], [34.8392, 31.88802], [34.83918, 31.89235], [34.8409, 31.8938], [34.83916, 31.89813], [34.84088, 31.89958], [34.84082, 31.91258], [34.84254, 31.91403], [34.84248, 31.92703], [34.84075, 31.92847], [34.84418, 31.93281], [34.84416, 31.93715], [34.84588, 31.93859], [34.84587, 31.94148], [34.84759, 31.94293], [34.84756, 31.95015], [34.85099, 31.95305], [34.85098, 31.95594], [34.85613, 31.96028], [34.85785, 31.96028], [34.85957, 31.96173], [34.8613, 31.96173], [34.86301, 31.96318], [34.86818, 31.96318], [34.87505, 31.96897], [34.87678, 31.96897], [34.88021, 31.97187], [34.88882, 31.97332], [34.89054, 31.97477], [34.89571, 31.97478], [34.89743, 31.97622], [34.90088, 31.97623], [34.90946, 31.98346], [34.90946, 31.98491], [34.91117, 31.98635], [34.91116, 31.98924], [34.91802, 31.99648], [34.91973, 32.00081], [34.93003, 32.00949], [34.93003, 32.01094], [34.93518, 32.01528], [34.93514, 32.02539], [34.93685, 32.02684], [34.93684, 32.03117], [34.93855, 32.03262], [34.93853, 32.0384], [34.94025, 32.03985], [34.94022, 32.04563], [34.93849, 32.04707], [34.93847, 32.0514], [34.94019, 32.05285], [34.94019, 32.05429], [34.93846, 32.05574], [34.94017, 32.05718], [34.94015, 32.06296], [34.93668, 32.06729], [34.93664, 32.07741], [34.93836, 32.07885], [34.93835, 32.08174], [34.94006, 32.08319], [34.94004, 32.08752], [34.94176, 32.08897], [34.94003, 32.09041], [34.94001, 32.09619], [34.94173, 32.09764], [34.94172, 32.09908], [34.94171, 32.10053], [34.93998, 32.10197], [34.93997, 32.10631], [34.94168, 32.10775], [34.94167, 32.11064], [34.93994, 32.11208], [34.93993, 32.11353], [34.94165, 32.11498], [34.94162, 32.12365], [34.94333, 32.12509], [34.9433, 32.13232], [34.94673, 32.13665], [34.94671, 32.14099], [34.94843, 32.14244], [34.94842, 32.14388], [34.95185, 32.14822], [34.95185, 32.14966], [34.95527, 32.154], [34.95526, 32.15689], [34.95698, 32.15834], [34.95697, 32.15978], [34.95869, 32.16123], [34.95868, 32.16412], [34.9604, 32.16557], [34.96039, 32.16701], [34.95866, 32.16845], [34.96209, 32.17279], [34.96205, 32.18291], [34.9689, 32.19158], [34.96889, 32.19447], [34.97061, 32.19592], [34.9706, 32.19737], [34.96887, 32.19881], [34.97574, 32.2046], [34.97574, 32.20604], [34.97917, 32.20893], [34.97914, 32.21616], [34.98258, 32.21905], [34.98256, 32.22194], [34.986, 32.22484], [34.98596, 32.2335], [34.98768, 32.23495], [34.98766, 32.23929], [34.99109, 32.24362], [34.99108, 32.24507], [34.99452, 32.24796], [34.9945, 32.2523], [34.99622, 32.25374], [34.9962, 32.25808], [35.00135, 32.26242], [35.00133, 32.26675], [35.00305, 32.2682], [35.00304, 32.26964], [35.00477, 32.26965], [35.0082, 32.27254], [35.00819, 32.27543], [35.00991, 32.27688], [35.00989, 32.27977], [35.01161, 32.28121], [35.01332, 32.28555], [35.01675, 32.28844], [35.01672, 32.29711], [35.02014, 32.30145], [35.02008, 32.3159], [35.01835, 32.31734], [35.01833, 32.32168], [35.0166, 32.32312], [35.01658, 32.3289], [35.01485, 32.33034], [35.01483, 32.33467], [35.01137, 32.33756], [35.01135, 32.34334], [35.00962, 32.34478], [35.00961, 32.34767], [35.00958, 32.35489], [35.01129, 32.35634], [35.00956, 32.35778], [35.00955, 32.36212], [35.00782, 32.36356], [35.0078, 32.36645], [35.00607, 32.36789], [35.00606, 32.37078], [35.00779, 32.37078], [35.01294, 32.37513], [35.01292, 32.37946], [35.01464, 32.38091], [35.01462, 32.38524], [35.01634, 32.38669], [35.01632, 32.38958], [35.01976, 32.39247], [35.01975, 32.39536], [35.02146, 32.39681], [35.02143, 32.40403], [35.02315, 32.40548], [35.02313, 32.41126], [35.02484, 32.4127], [35.02483, 32.41559], [35.02655, 32.41704], [35.02654, 32.41849], [35.02826, 32.41993], [35.02824, 32.42427], [35.03168, 32.42716], [35.03166, 32.43005], [35.03338, 32.4315], [35.03336, 32.43583], [35.03679, 32.44017], [35.03675, 32.45028], [35.03328, 32.45461], [35.03326, 32.45895], [35.03669, 32.46329], [35.03667, 32.46907], [35.03839, 32.47051], [35.03837, 32.47485], [35.04009, 32.47629], [35.04008, 32.47774], [35.0418, 32.47919], [35.04352, 32.47919], [35.04695, 32.48208], [35.04695, 32.48353], [35.04867, 32.48497], [35.05382, 32.48931], [35.05554, 32.48932], [35.06413, 32.49655], [35.06411, 32.50089], [35.06583, 32.50233], [35.06582, 32.50522], [35.06409, 32.50666], [35.06408, 32.50811], [35.06062, 32.51099], [35.06061, 32.51244], [35.05888, 32.51388], [35.05887, 32.51677], [35.05714, 32.51821], [35.05712, 32.52399], [35.05884, 32.52544], [35.05881, 32.53122], [35.06224, 32.53556], [35.06396, 32.53556], [35.06912, 32.53846], [35.07946, 32.53847], [35.08119, 32.53703], [35.08809, 32.53704], [35.0898, 32.53848], [35.09153, 32.53848], [35.09496, 32.54138], [35.10357, 32.54428], [35.10872, 32.54862], [35.10871, 32.55006], [35.11043, 32.55151], [35.11041, 32.55585], [35.11213, 32.55729], [35.11212, 32.55874], [35.11728, 32.56308], [35.119, 32.56308], [35.12931, 32.57032], [35.12927, 32.57899], [35.131, 32.57899], [35.13271, 32.58043], [35.13961, 32.58044], [35.14479, 32.57756], [35.14824, 32.57757], [35.14997, 32.57612], [35.15169, 32.57612], [35.15687, 32.57324], [35.16374, 32.57903], [35.16374, 32.58047], [35.16545, 32.58192], [35.1689, 32.58193], [35.17062, 32.58337], [35.17234, 32.58337], [35.17921, 32.58916], [35.17919, 32.5935], [35.18263, 32.59639], [35.19296, 32.59929], [35.19811, 32.60363], [35.1981, 32.60508], [35.19983, 32.60508], [35.20154, 32.60653], [35.20844, 32.60654], [35.22218, 32.61811], [35.2239, 32.61811], [35.22733, 32.62245], [35.22905, 32.62246], [35.2342, 32.6268], [35.2342, 32.62824], [35.23763, 32.63114], [35.24109, 32.62825]], [[35.21523, 31.81626], [35.21179, 31.81625], [35.21007, 31.81481], [35.20834, 31.81481], [35.20148, 31.80902], [35.20148, 31.80757], [35.19461, 31.80178], [35.19462, 31.80034], [35.18257, 31.79599], [35.17398, 31.78876], [35.17226, 31.7902], [35.17053, 31.7902], [35.16881, 31.78875], [35.16363, 31.79163], [35.15502, 31.79018], [35.15159, 31.78728], [35.14988, 31.78295], [35.14645, 31.78005], [35.14645, 31.77861], [35.14473, 31.77716], [35.14475, 31.77283], [35.14303, 31.77282], [35.1396, 31.76848], [35.13963, 31.76126], [35.13791, 31.75981], [35.13793, 31.75548], [35.1414, 31.75115], [35.15002, 31.74972], [35.15174, 31.75116], [35.15346, 31.75117], [35.1569, 31.75406], [35.15862, 31.75406], [35.16554, 31.74685], [35.16727, 31.74685], [35.169, 31.74541], [35.17244, 31.74541], [35.17417, 31.74397], [35.17419, 31.74108], [35.17592, 31.73964], [35.17592, 31.73819], [35.17938, 31.73531], [35.17939, 31.73242], [35.17768, 31.73097], [35.17595, 31.73097], [35.17252, 31.72663], [35.17256, 31.7194], [35.17084, 31.71796], [35.17086, 31.71362], [35.16914, 31.71218], [35.16915, 31.70929], [35.16572, 31.70495], [35.16573, 31.7035], [35.16229, 31.70061], [35.1623, 31.69917], [35.16058, 31.69772], [35.1606, 31.69338], [35.16579, 31.68906], [35.17442, 31.68618], [35.17616, 31.68185], [35.17962, 31.67896], [35.18307, 31.67896], [35.1848, 31.67752], [35.18652, 31.67752], [35.18824, 31.67753], [35.18996, 31.67897], [35.19342, 31.67609], [35.19343, 31.67464], [35.19171, 31.6732], [35.18999, 31.67319], [35.17624, 31.66306], [35.17454, 31.65873], [35.17455, 31.65439], [35.17628, 31.65295], [35.17629, 31.65151], [35.18147, 31.64862], [35.18492, 31.64863], [35.18665, 31.64718], [35.18837, 31.64863], [35.19526, 31.64864], [35.19699, 31.6472], [35.20044, 31.6472], [35.20217, 31.64576], [35.20561, 31.64576], [35.20734, 31.64432], [35.21251, 31.64577], [35.21594, 31.64867], [35.21592, 31.653], [35.21935, 31.65734], [35.21935, 31.65878], [35.22278, 31.66168], [35.22278, 31.66312], [35.22793, 31.66602], [35.22966, 31.66602], [35.23481, 31.67036], [35.23826, 31.67037], [35.23997, 31.67181], [35.2417, 31.67182], [35.24513, 31.67471], [35.2503, 31.67472], [35.25203, 31.67327], [35.25548, 31.67328], [35.25721, 31.67184], [35.25893, 31.67184], [35.26065, 31.67328], [35.27099, 31.6733], [35.27271, 31.67474], [35.27616, 31.67475], [35.27787, 31.6762], [35.2796, 31.6762], [35.28303, 31.67909], [35.28646, 31.68343], [35.28643, 31.69065], [35.2847, 31.6921], [35.28469, 31.69354], [35.2795, 31.69787], [35.2795, 31.69931], [35.28122, 31.70076], [35.28119, 31.70654], [35.28291, 31.70799], [35.2829, 31.71088], [35.28633, 31.71377], [35.28632, 31.71522], [35.28977, 31.71522], [35.2915, 31.71378], [35.29322, 31.71522], [35.29839, 31.71523], [35.30012, 31.71379], [35.30184, 31.71379], [35.30356, 31.71524], [35.30701, 31.71524], [35.30872, 31.71669], [35.31217, 31.71669], [35.3139, 31.71525], [35.31562, 31.7167], [35.31907, 31.7167], [35.32078, 31.71815], [35.32251, 31.71815], [35.32766, 31.72249], [35.32936, 31.72683], [35.33279, 31.73117], [35.33277, 31.7355], [35.33449, 31.73695], [35.33447, 31.74128], [35.33274, 31.74273], [35.33272, 31.74706], [35.331, 31.7485], [35.33272, 31.7485], [35.33615, 31.75284], [35.33614, 31.75429], [35.33268, 31.75862], [35.32749, 31.7615], [35.32405, 31.7615], [35.32404, 31.76294], [35.32231, 31.76438], [35.32403, 31.76439], [35.32747, 31.76728], [35.32745, 31.77161], [35.32917, 31.77306], [35.32911, 31.78751], [35.32909, 31.79184], [35.32216, 31.8005], [35.31698, 31.80194], [35.31526, 31.80049], [35.31182, 31.80049], [35.3101, 31.79904], [35.31009, 31.80049], [35.30663, 31.80337], [35.30146, 31.80481], [35.29974, 31.80336], [35.29629, 31.80336], [35.29458, 31.80191], [35.29285, 31.80191], [35.28942, 31.79902], [35.28597, 31.79901], [35.28425, 31.79756], [35.27219, 31.79755], [35.27047, 31.7961], [35.26702, 31.7961], [35.26701, 31.79899], [35.26182, 31.80332], [35.2601, 31.80331], [35.2618, 31.80765], [35.25834, 31.81198], [35.25316, 31.81342], [35.25143, 31.81486], [35.24626, 31.81485], [35.24454, 31.81341], [35.2411, 31.8134], [35.23767, 31.80906], [35.23767, 31.80762], [35.23595, 31.80906], [35.23422, 31.80906], [35.2342, 31.81339], [35.23074, 31.81628], [35.22902, 31.81628], [35.22729, 31.81772], [35.22384, 31.81771], [35.2204, 31.81771], [35.21868, 31.81626], [35.21695, 31.81771], [35.21523, 31.81626]]], [[[35.08282, 32.96612], [35.08627, 32.96613], [35.088, 32.96469], [35.08972, 32.96613], [35.09316, 32.96614], [35.09488, 32.96758], [35.09487, 32.96903], [35.09659, 32.97048], [35.09657, 32.97625], [35.09828, 32.9777], [35.09826, 32.98348], [35.09998, 32.98493], [35.09995, 32.99071], [35.10339, 32.9936], [35.10338, 32.99505], [35.1051, 32.99649], [35.10682, 32.99649], [35.10854, 32.99794], [35.10853, 32.99939], [35.11025, 33.00083], [35.11022, 33.00806], [35.10849, 33.0095], [35.10848, 33.01094], [35.10675, 33.01239], [35.10331, 33.01238], [35.10158, 33.01383], [35.09985, 33.01382], [35.09814, 33.01238], [35.09813, 33.01382], [35.09985, 33.01527], [35.09982, 33.02105], [35.10154, 33.02249], [35.10152, 33.02827], [35.10324, 33.02827], [35.10496, 33.02972], [35.10495, 33.03117], [35.10667, 33.03261], [35.10666, 33.0355], [35.10837, 33.03695], [35.10836, 33.03984], [35.10663, 33.04128], [35.10835, 33.04273], [35.10834, 33.04417], [35.10833, 33.04851], [35.1066, 33.04995], [35.10658, 33.05428], [35.1083, 33.05429], [35.11174, 33.05718], [35.11173, 33.05863], [35.11345, 33.06007], [35.11343, 33.06296], [35.11171, 33.0644], [35.11513, 33.06874], [35.1151, 33.07741], [35.1099, 33.08463], [35.10989, 33.08607], [35.11162, 33.08463], [35.11334, 33.08608], [35.11507, 33.08464], [35.12713, 33.08465], [35.12885, 33.08465], [35.13057, 33.0861], [35.13402, 33.0861], [35.13575, 33.08466], [35.13747, 33.08611], [35.13919, 33.08611], [35.14092, 33.08467], [35.14437, 33.08467], [35.1461, 33.08323], [35.14954, 33.08324], [35.15127, 33.08179], [35.15472, 33.0818], [35.15645, 33.08035], [35.15817, 33.08036], [35.15989, 33.0818], [35.1685, 33.08326], [35.1771, 33.0876], [35.18055, 33.08761], [35.18228, 33.08617], [35.18228, 33.08472], [35.18574, 33.08184], [35.18747, 33.08184], [35.1892, 33.0804], [35.19264, 33.0804], [35.19437, 33.07896], [35.19609, 33.0804], [35.19954, 33.08041], [35.20469, 33.08331], [35.20642, 33.08331], [35.20985, 33.08765], [35.20983, 33.09054], [35.21156, 33.09054], [35.21328, 33.09198], [35.22189, 33.092], [35.22362, 33.09055], [35.22707, 33.09056], [35.2288, 33.08912], [35.23225, 33.08912], [35.23398, 33.08768], [35.23915, 33.08768], [35.24086, 33.08913], [35.24431, 33.08913], [35.24603, 33.09058], [35.24776, 33.08914], [35.25121, 33.08914], [35.25292, 33.09059], [35.25637, 33.09059], [35.25809, 33.09204], [35.25981, 33.09204], [35.26153, 33.09349], [35.27015, 33.0935], [35.27187, 33.09206], [35.27359, 33.09351], [35.27704, 33.09351], [35.28735, 33.10075], [35.29252, 33.10075], [35.29771, 33.09643], [35.30633, 33.09499], [35.30806, 33.09355], [35.32013, 33.09357], [35.32019, 33.07767], [35.32366, 33.07334], [35.32884, 33.07191], [35.32884, 33.07046], [35.33403, 33.06613], [35.33577, 33.0618], [35.34096, 33.05747], [35.34269, 33.05748], [35.34787, 33.05315], [35.3496, 33.05315], [35.35133, 33.05171], [35.35477, 33.05171], [35.3565, 33.05027], [35.35995, 33.05027], [35.36167, 33.05172], [35.3634, 33.05028], [35.36685, 33.05028], [35.36857, 33.04884], [35.37375, 33.04885], [35.37546, 33.05029], [35.37891, 33.0503], [35.38406, 33.05464], [35.39096, 33.05465], [35.39269, 33.0532], [35.39786, 33.05321], [35.39957, 33.05466], [35.40302, 33.05466], [35.40474, 33.05611], [35.40646, 33.05611], [35.40818, 33.05756], [35.43058, 33.05759], [35.4323, 33.05903], [35.43575, 33.05904], [35.44089, 33.06627], [35.44088, 33.06916], [35.4426, 33.06916], [35.44603, 33.0735], [35.44601, 33.07783], [35.44428, 33.07928], [35.446, 33.08072], [35.44598, 33.08506], [35.44943, 33.08506], [35.45114, 33.08651], [35.45287, 33.08507], [35.45632, 33.08507], [35.45633, 33.08218], [35.45462, 33.08073], [35.45462, 33.07929], [35.47192, 33.06486], [35.47194, 33.06053], [35.4685, 33.05764], [35.46853, 33.05186], [35.46681, 33.05041], [35.46681, 33.04896], [35.472, 33.04464], [35.47718, 33.0432], [35.47719, 33.04175], [35.47892, 33.04031], [35.48064, 33.04031], [35.48066, 33.03453], [35.48239, 33.03309], [35.48241, 33.02876], [35.47896, 33.02875], [35.47725, 33.02731], [35.47035, 33.0273], [35.46692, 33.0244], [35.46692, 33.02296], [35.46521, 33.02151], [35.46523, 33.01718], [35.46351, 33.01573], [35.46352, 33.01284], [35.47736, 33.0013], [35.47736, 32.99986], [35.4722, 32.9984], [35.47048, 32.99696], [35.46704, 32.99695], [35.46532, 32.99551], [35.46359, 32.9955], [35.46186, 32.99695], [35.45842, 32.99694], [35.45496, 32.99983], [35.44117, 32.99981], [35.43945, 32.99836], [35.43428, 32.99836], [35.42741, 32.99257], [35.42743, 32.98968], [35.42571, 32.98823], [35.42572, 32.98534], [35.42745, 32.9839], [35.42747, 32.97812], [35.4292, 32.97668], [35.42922, 32.97379], [35.43095, 32.97235], [35.43096, 32.96946], [35.43269, 32.96801], [35.43271, 32.96224], [35.43099, 32.96079], [35.43101, 32.9579], [35.42757, 32.95501], [35.42758, 32.95212], [35.42243, 32.94777], [35.42244, 32.94489], [35.42073, 32.94344], [35.42075, 32.9391], [35.41559, 32.93476], [35.41561, 32.93187], [35.40701, 32.92608], [35.40702, 32.92319], [35.40188, 32.91596], [35.40192, 32.90874], [35.4002, 32.90729], [35.39847, 32.90729], [35.39674, 32.90873], [35.39157, 32.90873], [35.38986, 32.90728], [35.38296, 32.90727], [35.37953, 32.90438], [35.37953, 32.90293], [35.37782, 32.90149], [35.37785, 32.89282], [35.38131, 32.88993], [35.38132, 32.88704], [35.38479, 32.88271], [35.38481, 32.87838], [35.38654, 32.87694], [35.38656, 32.87116], [35.38829, 32.86971], [35.3883, 32.86682], [35.38659, 32.86538], [35.38659, 32.86393], [35.37285, 32.85236], [35.37113, 32.85235], [35.35396, 32.83789], [35.35396, 32.83644], [35.34881, 32.8321], [35.34882, 32.83065], [35.34195, 32.82342], [35.34196, 32.82198], [35.33853, 32.81764], [35.33854, 32.81619], [35.33511, 32.81186], [35.33512, 32.80897], [35.33169, 32.80463], [35.3317, 32.80174], [35.33343, 32.8003], [35.33348, 32.79018], [35.33694, 32.7873], [35.34038, 32.7873], [35.34211, 32.78586], [35.34555, 32.78875], [35.34554, 32.7902], [35.34726, 32.79164], [35.34899, 32.7902], [35.35071, 32.7902], [35.35417, 32.78732], [35.35589, 32.78877], [35.36106, 32.78877], [35.36278, 32.79022], [35.37139, 32.79023], [35.37312, 32.78879], [35.37485, 32.78879], [35.37831, 32.7859], [35.38003, 32.78591], [35.3835, 32.78158], [35.38694, 32.78158], [35.3904, 32.7787], [35.39041, 32.77581], [35.39214, 32.77436], [35.39221, 32.75847], [35.39394, 32.75703], [35.39395, 32.75414], [35.39224, 32.75269], [35.39225, 32.74836], [35.39054, 32.74691], [35.39055, 32.74402], [35.3854, 32.73968], [35.38541, 32.73679], [35.38714, 32.73535], [35.38716, 32.73101], [35.38889, 32.72957], [35.3889, 32.72524], [35.39063, 32.7238], [35.39065, 32.71946], [35.38893, 32.71801], [35.38895, 32.71512], [35.38723, 32.71368], [35.38725, 32.7079], [35.39418, 32.70068], [35.39936, 32.6978], [35.39937, 32.69491], [35.4011, 32.69347], [35.40113, 32.68769], [35.40286, 32.68625], [35.40114, 32.6848], [35.40115, 32.68191], [35.39084, 32.67467], [35.38912, 32.67467], [35.3874, 32.67322], [35.38395, 32.67322], [35.38224, 32.67177], [35.35638, 32.67174], [35.35465, 32.67318], [35.35294, 32.67174], [35.35121, 32.67318], [35.33914, 32.67316], [35.33743, 32.67172], [35.33053, 32.67171], [35.32193, 32.66736], [35.31676, 32.66736], [35.31503, 32.6688], [35.30986, 32.66879], [35.3064, 32.67168], [35.30123, 32.67311], [35.29607, 32.67022], [35.29262, 32.67021], [35.28919, 32.66588], [35.27023, 32.66585], [35.2685, 32.66729], [35.26678, 32.66729], [35.26162, 32.6644], [35.25817, 32.66439], [35.25474, 32.6615], [35.2548, 32.64705], [35.24793, 32.64126], [35.24621, 32.64126], [35.24277, 32.63837], [35.24105, 32.63836], [35.23933, 32.63692], [35.23587, 32.6398], [35.23586, 32.64269], [35.23413, 32.64413], [35.23411, 32.64847], [35.23583, 32.64992], [35.23578, 32.66147], [35.2306, 32.66436], [35.23059, 32.6658], [35.2254, 32.67013], [35.22539, 32.67446], [35.21847, 32.68023], [35.21846, 32.68168], [35.21673, 32.68312], [35.21671, 32.68745], [35.22702, 32.69469], [35.22873, 32.69903], [35.23045, 32.70047], [35.23042, 32.70625], [35.22869, 32.7077], [35.22869, 32.70914], [35.2235, 32.71202], [35.22006, 32.71202], [35.21662, 32.70913], [35.2149, 32.70912], [35.20974, 32.70623], [35.20629, 32.70622], [35.20456, 32.70767], [35.20284, 32.70766], [35.2028, 32.71633], [35.20794, 32.72356], [35.20792, 32.72934], [35.21135, 32.73368], [35.20962, 32.73512], [35.2096, 32.73946], [35.20441, 32.74378], [35.19752, 32.74378], [35.19408, 32.74088], [35.19236, 32.74088], [35.19063, 32.74232], [35.18202, 32.74087], [35.17856, 32.74375], [35.17855, 32.7452], [35.17682, 32.74664], [35.17509, 32.74808], [35.17337, 32.74808], [35.16299, 32.75673], [35.16298, 32.75962], [35.15952, 32.76251], [35.15088, 32.76828], [35.14915, 32.76828], [35.14915, 32.76972], [35.14569, 32.77261], [35.14568, 32.77405], [35.14395, 32.77549], [35.14395, 32.77694], [35.14049, 32.77982], [35.14048, 32.78127], [35.13875, 32.78271], [35.13872, 32.78993], [35.14044, 32.79138], [35.14041, 32.79716], [35.14213, 32.79861], [35.14212, 32.8015], [35.14384, 32.80294], [35.14382, 32.80728], [35.14725, 32.81162], [35.14723, 32.81595], [35.14895, 32.8174], [35.14894, 32.81884], [35.15066, 32.82029], [35.15065, 32.82173], [35.15409, 32.82463], [35.15404, 32.83474], [35.15058, 32.83763], [35.15057, 32.84052], [35.14365, 32.84629], [35.14193, 32.84628], [35.14192, 32.84773], [35.135, 32.8535], [35.13498, 32.85928], [35.1367, 32.86072], [35.13668, 32.86506], [35.1384, 32.86651], [35.13838, 32.87084], [35.1401, 32.87229], [35.14005, 32.8824], [35.14177, 32.88385], [35.14175, 32.88818], [35.14002, 32.88962], [35.1383, 32.88962], [35.13484, 32.89251], [35.13312, 32.8925], [35.13483, 32.89395], [35.13481, 32.89973], [35.13135, 32.90262], [35.12963, 32.90261], [35.12444, 32.9055], [35.11238, 32.90548], [35.11065, 32.90692], [35.1072, 32.90692], [35.10547, 32.90836], [35.10375, 32.90836], [35.10202, 32.9098], [35.10201, 32.91125], [35.09855, 32.91413], [35.09681, 32.91846], [35.09508, 32.91991], [35.09164, 32.9199], [35.08991, 32.92135], [35.07958, 32.91844], [35.07786, 32.917], [35.07615, 32.91266], [35.07442, 32.9141], [35.06581, 32.91409], [35.06752, 32.91554], [35.06751, 32.91843], [35.07095, 32.92132], [35.07094, 32.92277], [35.07266, 32.92421], [35.07265, 32.9271], [35.07092, 32.92854], [35.07263, 32.92999], [35.07261, 32.93577], [35.07433, 32.93722], [35.07428, 32.94878], [35.07599, 32.95022], [35.07597, 32.956], [35.07769, 32.95745], [35.07766, 32.96467], [35.07937, 32.96612], [35.07936, 32.96901], [35.08282, 32.96612]]]]}}, {"type": "Feature", "properties": {"id": "jaffa_enclave", "label": "Jaffa (enclave of the proposed Arab state)", "approx_area_km2": 6.0, "note": "Part of the proposed Arab state, surrounded by the proposed Jewish state."}, "geometry": {"type": "Polygon", "coordinates": [[[34.75409, 32.04394], [34.75237, 32.04394], [34.75066, 32.03961], [34.74894, 32.03816], [34.74722, 32.03816], [34.74723, 32.03671], [34.7438, 32.03237], [34.74381, 32.02948], [34.74038, 32.02514], [34.7404, 32.02081], [34.74385, 32.02081], [34.74558, 32.01937], [34.76281, 32.01939], [34.76453, 32.02084], [34.76452, 32.02229], [34.76796, 32.02518], [34.76793, 32.03096], [34.7662, 32.0324], [34.76617, 32.03963], [34.76271, 32.04396], [34.76269, 32.04684], [34.76098, 32.0454], [34.75925, 32.04684], [34.7558, 32.04684], [34.75581, 32.04539], [34.75409, 32.04394]]]}}, {"type": "Feature", "properties": {"id": "jewish_state", "label": "Proposed Jewish state", "approx_area_km2": 14490.0, "note": ""}, "geometry": {"type": "MultiPolygon", "coordinates": [[[[34.73636, 31.75352], [34.73981, 31.75353], [34.75185, 31.75932], [34.7553, 31.75933], [34.76734, 31.76512], [34.77078, 31.76513], [34.7725, 31.76657], [34.77767, 31.76658], [34.77939, 31.76803], [34.78283, 31.76803], [34.78455, 31.76948], [34.788, 31.76948], [34.78972, 31.77093], [34.79144, 31.77093], [34.79316, 31.77238], [34.79315, 31.77527], [34.79486, 31.77671], [34.79486, 31.77816], [34.79829, 31.78105], [34.79828, 31.7825], [34.80171, 31.78684], [34.8017, 31.78973], [34.80342, 31.79117], [34.80341, 31.79262], [34.80513, 31.79406], [34.80684, 31.7984], [34.81199, 31.80274], [34.81716, 31.80275], [34.82062, 31.79986], [34.82923, 31.79987], [34.83095, 31.80132], [34.83268, 31.80132], [34.83611, 31.80422], [34.843, 31.80423], [34.84473, 31.80278], [34.84645, 31.80423], [34.8499, 31.80423], [34.84989, 31.80568], [34.85504, 31.81002], [34.86021, 31.81003], [34.8654, 31.80714], [34.87574, 31.80716], [34.87746, 31.8086], [34.8809, 31.80861], [34.88262, 31.81006], [34.89296, 31.81007], [34.89468, 31.81152], [34.8964, 31.81152], [34.8964, 31.81296], [34.89982, 31.8173], [34.89982, 31.81875], [34.90497, 31.82309], [34.90669, 31.82309], [34.90841, 31.82454], [34.91186, 31.82454], [34.91358, 31.82599], [34.91875, 31.82599], [34.92218, 31.82889], [34.92045, 31.83033], [34.92044, 31.83322], [34.91871, 31.83466], [34.91867, 31.84333], [34.92039, 31.84478], [34.92726, 31.85057], [34.94277, 31.85059], [34.94621, 31.85348], [34.94618, 31.85926], [34.9358, 31.86791], [34.9358, 31.86936], [34.93061, 31.87369], [34.9306, 31.87513], [34.92888, 31.87513], [34.92715, 31.87657], [34.9237, 31.87657], [34.92199, 31.87512], [34.92026, 31.87512], [34.91854, 31.87367], [34.91855, 31.87223], [34.91512, 31.86933], [34.91339, 31.86933], [34.90996, 31.86644], [34.90823, 31.86643], [34.9065, 31.86788], [34.90478, 31.86787], [34.90306, 31.86643], [34.89788, 31.86931], [34.89443, 31.86931], [34.8927, 31.87075], [34.89098, 31.87075], [34.88752, 31.87363], [34.8858, 31.87363], [34.88407, 31.87507], [34.87373, 31.87506], [34.87027, 31.87794], [34.8582, 31.87793], [34.85649, 31.87648], [34.85304, 31.87648], [34.84789, 31.87214], [34.84616, 31.87213], [34.83925, 31.8779], [34.83923, 31.88079], [34.8375, 31.88224], [34.83749, 31.88513], [34.83921, 31.88657], [34.83748, 31.88802], [34.83746, 31.89235], [34.83918, 31.8938], [34.83744, 31.89813], [34.83915, 31.89958], [34.8391, 31.91258], [34.84082, 31.91403], [34.84076, 31.92703], [34.83903, 31.92847], [34.84246, 31.93281], [34.84244, 31.93714], [34.84416, 31.93859], [34.84415, 31.94148], [34.84586, 31.94293], [34.84583, 31.95015], [34.84927, 31.95305], [34.84926, 31.95593], [34.85613, 31.96172], [34.85785, 31.96172], [34.86301, 31.96462], [34.86818, 31.96463], [34.87505, 31.97042], [34.87677, 31.97042], [34.88021, 31.97331], [34.88365, 31.97332], [34.88537, 31.97476], [34.88882, 31.97477], [34.89053, 31.97621], [34.8957, 31.97622], [34.89742, 31.97767], [34.90087, 31.97767], [34.90774, 31.98346], [34.90773, 31.9849], [34.90945, 31.98635], [34.90944, 31.98924], [34.9163, 31.99647], [34.91801, 32.00081], [34.92831, 32.00949], [34.9283, 32.01094], [34.93346, 32.01528], [34.93341, 32.02539], [34.93513, 32.02684], [34.93511, 32.03117], [34.93683, 32.03262], [34.93681, 32.0384], [34.93852, 32.03984], [34.9385, 32.04562], [34.93677, 32.04707], [34.93676, 32.04996], [34.93675, 32.0514], [34.93847, 32.05285], [34.93846, 32.05429], [34.93673, 32.05573], [34.93845, 32.05718], [34.93843, 32.06296], [34.93496, 32.06729], [34.93492, 32.0774], [34.93663, 32.07885], [34.93662, 32.08174], [34.93834, 32.08319], [34.93832, 32.08752], [34.94004, 32.08897], [34.93831, 32.09041], [34.93828, 32.09619], [34.94, 32.09764], [34.94, 32.09908], [34.93999, 32.10053], [34.93826, 32.10197], [34.93824, 32.1063], [34.93996, 32.10775], [34.93995, 32.11064], [34.93822, 32.11208], [34.93821, 32.11353], [34.93993, 32.11497], [34.93989, 32.12364], [34.94161, 32.12509], [34.94158, 32.13231], [34.94501, 32.13665], [34.94499, 32.14099], [34.94671, 32.14243], [34.9467, 32.14388], [34.95013, 32.14822], [34.95183, 32.15255], [34.95355, 32.154], [34.95354, 32.15689], [34.95526, 32.15834], [34.95525, 32.15978], [34.95697, 32.16123], [34.95696, 32.16412], [34.95867, 32.16557], [34.95867, 32.16701], [34.95694, 32.16845], [34.96037, 32.17279], [34.96032, 32.1829], [34.96718, 32.19158], [34.96717, 32.19447], [34.96889, 32.19592], [34.96888, 32.19736], [34.96715, 32.19881], [34.97402, 32.20459], [34.97401, 32.20604], [34.97745, 32.20893], [34.97742, 32.21616], [34.98085, 32.21905], [34.98084, 32.22194], [34.98427, 32.22483], [34.98424, 32.2335], [34.98596, 32.23495], [34.98594, 32.23928], [34.98937, 32.24362], [34.98936, 32.24507], [34.99279, 32.24796], [34.99278, 32.25229], [34.99449, 32.25374], [34.99447, 32.25808], [34.99963, 32.26242], [34.99961, 32.26675], [35.00133, 32.2682], [35.00132, 32.26964], [35.00648, 32.27254], [35.00647, 32.27543], [35.00818, 32.27688], [35.00817, 32.27976], [35.0116, 32.2841], [35.01159, 32.28555], [35.01503, 32.28844], [35.01499, 32.29711], [35.01842, 32.30145], [35.01836, 32.3159], [35.01663, 32.31734], [35.01661, 32.32167], [35.01488, 32.32312], [35.01486, 32.3289], [35.01313, 32.33034], [35.01311, 32.33467], [35.00965, 32.33756], [35.00963, 32.34334], [35.0079, 32.34478], [35.00788, 32.34767], [35.00785, 32.35489], [35.00957, 32.35634], [35.00784, 32.35778], [35.00782, 32.36212], [35.00609, 32.36356], [35.00608, 32.36645], [35.00435, 32.36789], [35.00434, 32.37078], [35.00606, 32.37223], [35.00778, 32.37223], [35.01121, 32.37512], [35.0112, 32.37946], [35.01291, 32.3809], [35.01289, 32.38524], [35.01461, 32.38669], [35.0146, 32.38958], [35.01803, 32.39247], [35.01802, 32.39536], [35.01974, 32.39681], [35.01971, 32.40403], [35.02143, 32.40548], [35.0214, 32.41126], [35.02312, 32.4127], [35.02311, 32.41559], [35.02482, 32.41704], [35.02482, 32.41848], [35.02654, 32.41993], [35.02652, 32.42426], [35.02995, 32.42716], [35.02994, 32.43005], [35.03166, 32.4315], [35.03164, 32.43583], [35.03507, 32.44017], [35.03502, 32.45028], [35.03156, 32.45461], [35.03154, 32.45895], [35.03497, 32.46328], [35.03495, 32.46906], [35.03666, 32.47051], [35.03664, 32.47484], [35.03836, 32.47629], [35.03836, 32.47774], [35.04179, 32.48063], [35.04351, 32.48063], [35.04523, 32.48208], [35.04523, 32.48352], [35.06241, 32.49655], [35.06239, 32.50088], [35.0641, 32.50233], [35.06409, 32.50522], [35.05716, 32.51388], [35.05715, 32.51677], [35.05542, 32.51821], [35.05541, 32.51966], [35.05539, 32.52399], [35.05711, 32.52544], [35.05709, 32.53122], [35.05881, 32.53266], [35.0588, 32.53411], [35.06223, 32.537], [35.0674, 32.53845], [35.06912, 32.5399], [35.07946, 32.53991], [35.08119, 32.53847], [35.08808, 32.53848], [35.0898, 32.53993], [35.09152, 32.53993], [35.09496, 32.54282], [35.10356, 32.54572], [35.107, 32.54862], [35.10699, 32.55006], [35.10871, 32.55151], [35.10869, 32.55584], [35.11041, 32.55729], [35.1104, 32.55873], [35.11727, 32.56452], [35.11899, 32.56452], [35.12415, 32.56887], [35.12587, 32.56887], [35.12759, 32.57031], [35.12755, 32.57898], [35.13271, 32.58188], [35.1396, 32.58189], [35.14133, 32.58045], [35.14305, 32.58045], [35.14478, 32.57901], [35.14823, 32.57901], [35.15687, 32.57469], [35.16202, 32.57903], [35.16201, 32.58047], [35.16545, 32.58337], [35.1689, 32.58337], [35.17061, 32.58482], [35.17234, 32.58482], [35.17749, 32.58916], [35.17747, 32.59349], [35.18262, 32.59784], [35.19295, 32.60074], [35.19639, 32.60363], [35.19638, 32.60508], [35.20154, 32.60797], [35.20843, 32.60798], [35.22217, 32.61956], [35.22389, 32.61956], [35.22389, 32.621], [35.22732, 32.6239], [35.22905, 32.6239], [35.23248, 32.62679], [35.23248, 32.62824], [35.23763, 32.63258], [35.24282, 32.62825], [35.24282, 32.62681], [35.24455, 32.62537], [35.24458, 32.61959], [35.24631, 32.61814], [35.24634, 32.60947], [35.24981, 32.60515], [35.24981, 32.6037], [35.25327, 32.60082], [35.25329, 32.59648], [35.26366, 32.58927], [35.26541, 32.58494], [35.27059, 32.58061], [35.27576, 32.58062], [35.27749, 32.57917], [35.27922, 32.57918], [35.28441, 32.57485], [35.28958, 32.57341], [35.29131, 32.57197], [35.29136, 32.56186], [35.29309, 32.56041], [35.29309, 32.55897], [35.29482, 32.55753], [35.29483, 32.55464], [35.29656, 32.55319], [35.29829, 32.55175], [35.30002, 32.55175], [35.30173, 32.5532], [35.30863, 32.55321], [35.31035, 32.55466], [35.31552, 32.55466], [35.31723, 32.55611], [35.32585, 32.55612], [35.33277, 32.55035], [35.33449, 32.5518], [35.33966, 32.5518], [35.34658, 32.54459], [35.34831, 32.54459], [35.35003, 32.54315], [35.35521, 32.54315], [35.35693, 32.54171], [35.35694, 32.54027], [35.35866, 32.54027], [35.36212, 32.53738], [35.36557, 32.53739], [35.36903, 32.5345], [35.36904, 32.53161], [35.37077, 32.53017], [35.38114, 32.52441], [35.38114, 32.52296], [35.38287, 32.52152], [35.38289, 32.51863], [35.38634, 32.51574], [35.38979, 32.51575], [35.39498, 32.51142], [35.395, 32.50709], [35.40019, 32.50276], [35.40363, 32.50276], [35.40536, 32.50132], [35.40709, 32.50132], [35.41747, 32.49122], [35.41921, 32.48689], [35.4244, 32.48256], [35.42441, 32.48112], [35.42614, 32.47968], [35.42616, 32.47534], [35.42789, 32.4739], [35.42961, 32.4739], [35.43653, 32.46813], [35.43827, 32.4638], [35.44174, 32.45947], [35.44175, 32.45513], [35.44867, 32.44936], [35.44868, 32.44792], [35.45041, 32.44648], [35.45043, 32.4407], [35.45562, 32.43637], [35.45563, 32.43348], [35.45736, 32.43204], [35.45911, 32.42771], [35.46083, 32.42626], [35.46256, 32.42627], [35.46428, 32.42771], [35.47117, 32.42772], [35.47289, 32.42917], [35.47978, 32.42918], [35.48324, 32.42629], [35.48496, 32.42629], [35.49534, 32.41764], [35.49542, 32.4003], [35.49888, 32.39597], [35.49545, 32.39163], [35.49892, 32.3873], [35.49893, 32.38441], [35.49721, 32.38297], [35.49722, 32.38008], [35.50241, 32.37575], [35.50416, 32.37142], [35.50761, 32.36853], [35.50934, 32.36853], [35.51798, 32.36277], [35.52316, 32.36133], [35.53179, 32.357], [35.53869, 32.35701], [35.54042, 32.35557], [35.55593, 32.35559], [35.55763, 32.35993], [35.55935, 32.36137], [35.56796, 32.36283], [35.56796, 32.36427], [35.56967, 32.36572], [35.56794, 32.36716], [35.56792, 32.37294], [35.56619, 32.37439], [35.56618, 32.37728], [35.56271, 32.3816], [35.56269, 32.38738], [35.56096, 32.38738], [35.55923, 32.38882], [35.55923, 32.39027], [35.5575, 32.39171], [35.55748, 32.39605], [35.56091, 32.40038], [35.56436, 32.40039], [35.56779, 32.40328], [35.56606, 32.40473], [35.56604, 32.40906], [35.56431, 32.4105], [35.56429, 32.41628], [35.56256, 32.41772], [35.56254, 32.42206], [35.56426, 32.42351], [35.56424, 32.42784], [35.56596, 32.42929], [35.56595, 32.43073], [35.56767, 32.43218], [35.56939, 32.43218], [35.57283, 32.43507], [35.5728, 32.44085], [35.57107, 32.4423], [35.57105, 32.44663], [35.57277, 32.44808], [35.57276, 32.44952], [35.57792, 32.45386], [35.5779, 32.45675], [35.57272, 32.45964], [35.57272, 32.46108], [35.57099, 32.46252], [35.57094, 32.47264], [35.57437, 32.47697], [35.57437, 32.47842], [35.57952, 32.48276], [35.58124, 32.48276], [35.58296, 32.48421], [35.58641, 32.48421], [35.58639, 32.48855], [35.58466, 32.48999], [35.58293, 32.48999], [35.57948, 32.49287], [35.57773, 32.49721], [35.57256, 32.49864], [35.56737, 32.50153], [35.56563, 32.50586], [35.5639, 32.5073], [35.56387, 32.51452], [35.56559, 32.51597], [35.56558, 32.51742], [35.56902, 32.52031], [35.57074, 32.52031], [35.57073, 32.5232], [35.56727, 32.52609], [35.56726, 32.52753], [35.56553, 32.52897], [35.56552, 32.53186], [35.56724, 32.53331], [35.56894, 32.53765], [35.57066, 32.53909], [35.57239, 32.5391], [35.57582, 32.54199], [35.5758, 32.54632], [35.57752, 32.54777], [35.57751, 32.54922], [35.58095, 32.55211], [35.58439, 32.55211], [35.58438, 32.55645], [35.57919, 32.55933], [35.57747, 32.55933], [35.574, 32.56366], [35.57399, 32.56655], [35.57571, 32.568], [35.5757, 32.56944], [35.57742, 32.57089], [35.57914, 32.57089], [35.57914, 32.57234], [35.58086, 32.57378], [35.58081, 32.58534], [35.57735, 32.58823], [35.57734, 32.58967], [35.57561, 32.59111], [35.57387, 32.59544], [35.57214, 32.59689], [35.57212, 32.60267], [35.57383, 32.60411], [35.57383, 32.60556], [35.5721, 32.607], [35.57207, 32.61422], [35.57034, 32.61422], [35.56688, 32.61711], [35.56688, 32.61855], [35.56515, 32.61999], [35.56514, 32.62288], [35.56685, 32.62433], [35.56685, 32.62578], [35.572, 32.63012], [35.57027, 32.63156], [35.57025, 32.63734], [35.57367, 32.64168], [35.58229, 32.64313], [35.58402, 32.64169], [35.58746, 32.64169], [35.58919, 32.64025], [35.5909, 32.64459], [35.59261, 32.64604], [35.59434, 32.64604], [35.59606, 32.64748], [35.5995, 32.64749], [35.60122, 32.64894], [35.60467, 32.64894], [35.6064, 32.6475], [35.60811, 32.64894], [35.6081, 32.65183], [35.60982, 32.65328], [35.60981, 32.65473], [35.60635, 32.65761], [35.60635, 32.65906], [35.60462, 32.6605], [35.60461, 32.66339], [35.60632, 32.66483], [35.60631, 32.66772], [35.61145, 32.67495], [35.62006, 32.67641], [35.62179, 32.67497], [35.6373, 32.67499], [35.63902, 32.67643], [35.64074, 32.67644], [35.64247, 32.67499], [35.64592, 32.675], [35.65111, 32.67067], [35.65456, 32.67068], [35.65627, 32.67212], [35.658, 32.67212], [35.65627, 32.67357], [35.65625, 32.6779], [35.65797, 32.67935], [35.65796, 32.68079], [35.6614, 32.68369], [35.66312, 32.68369], [35.66311, 32.68513], [35.66139, 32.68513], [35.65967, 32.68368], [35.6545, 32.68368], [35.65278, 32.68223], [35.64416, 32.68366], [35.6407, 32.68655], [35.6407, 32.68799], [35.63897, 32.68944], [35.63894, 32.69666], [35.64065, 32.69811], [35.64064, 32.701], [35.64236, 32.70244], [35.64235, 32.70389], [35.64579, 32.70678], [35.65095, 32.70823], [35.65094, 32.70968], [35.65266, 32.71113], [35.65265, 32.71402], [35.65437, 32.71546], [35.65433, 32.72413], [35.65776, 32.72847], [35.65948, 32.72847], [35.65775, 32.72991], [35.6577, 32.74292], [35.65942, 32.74436], [35.65939, 32.75014], [35.66111, 32.75159], [35.66106, 32.76315], [35.66278, 32.7646], [35.66275, 32.77037], [35.66618, 32.77471], [35.66446, 32.77471], [35.661, 32.7776], [35.66099, 32.77904], [35.65926, 32.78048], [35.65925, 32.78337], [35.65752, 32.78482], [35.6575, 32.78915], [35.65577, 32.79059], [35.65575, 32.79637], [35.65402, 32.79781], [35.654, 32.80215], [35.65053, 32.80648], [35.65053, 32.80792], [35.64536, 32.80647], [35.64537, 32.80503], [35.64365, 32.80358], [35.64367, 32.79925], [35.64368, 32.79636], [35.64541, 32.79491], [35.64543, 32.79058], [35.642, 32.78624], [35.64201, 32.78335], [35.63859, 32.77901], [35.6386, 32.77612], [35.64033, 32.77468], [35.64034, 32.77179], [35.64207, 32.77035], [35.6421, 32.76312], [35.64038, 32.76168], [35.64041, 32.7559], [35.63869, 32.75445], [35.63871, 32.75012], [35.63699, 32.74867], [35.637, 32.74578], [35.63357, 32.74144], [35.6353, 32.74], [35.63532, 32.73567], [35.63361, 32.73422], [35.63361, 32.73277], [35.62674, 32.72699], [35.62675, 32.72554], [35.62503, 32.72409], [35.62331, 32.72265], [35.62159, 32.72264], [35.60957, 32.71252], [35.60784, 32.71251], [35.60613, 32.71107], [35.60268, 32.71106], [35.60096, 32.70962], [35.59923, 32.71106], [35.59751, 32.71106], [35.5958, 32.70672], [35.59237, 32.70383], [35.58892, 32.70382], [35.58721, 32.70237], [35.58548, 32.70382], [35.58203, 32.70381], [35.57684, 32.70814], [35.57683, 32.70958], [35.5751, 32.71103], [35.57336, 32.71536], [35.5699, 32.71969], [35.56981, 32.73992], [35.56808, 32.74136], [35.56807, 32.74425], [35.56461, 32.74713], [35.5646, 32.74858], [35.56114, 32.75291], [35.56113, 32.7558], [35.55768, 32.75579], [35.5525, 32.75868], [35.55249, 32.76012], [35.55076, 32.76156], [35.55074, 32.7659], [35.54728, 32.76878], [35.54728, 32.77023], [35.54555, 32.77167], [35.54554, 32.77456], [35.54381, 32.776], [35.54379, 32.77889], [35.54206, 32.78033], [35.54205, 32.78467], [35.54032, 32.78611], [35.54029, 32.79333], [35.53684, 32.79333], [35.53166, 32.79621], [35.53165, 32.79766], [35.52992, 32.7991], [35.52991, 32.80199], [35.52818, 32.80343], [35.52817, 32.80632], [35.52125, 32.81209], [35.52124, 32.81354], [35.51951, 32.81498], [35.51949, 32.82076], [35.51602, 32.82509], [35.516, 32.82942], [35.51772, 32.83087], [35.51771, 32.83376], [35.51943, 32.83521], [35.52113, 32.83954], [35.52457, 32.84244], [35.52973, 32.84389], [35.52972, 32.84533], [35.53316, 32.84823], [35.53315, 32.84967], [35.53658, 32.85401], [35.53657, 32.8569], [35.54, 32.86124], [35.54344, 32.86124], [35.54516, 32.86269], [35.54689, 32.86125], [35.54689, 32.86269], [35.55031, 32.86703], [35.55204, 32.86703], [35.55376, 32.86848], [35.5572, 32.86848], [35.55892, 32.86993], [35.56237, 32.86994], [35.56408, 32.87138], [35.56925, 32.87139], [35.57097, 32.87284], [35.57958, 32.87574], [35.58301, 32.87863], [35.58818, 32.88008], [35.59161, 32.88298], [35.59333, 32.88298], [35.60364, 32.89021], [35.60881, 32.89167], [35.61053, 32.89311], [35.61052, 32.89456], [35.61911, 32.90179], [35.62771, 32.90469], [35.6277, 32.90758], [35.62942, 32.90903], [35.6294, 32.91336], [35.62593, 32.91769], [35.62592, 32.92058], [35.62764, 32.92203], [35.62762, 32.92636], [35.62589, 32.92781], [35.62586, 32.93503], [35.62758, 32.93648], [35.62755, 32.9437], [35.62927, 32.94515], [35.62923, 32.95382], [35.63095, 32.95526], [35.63093, 32.9596], [35.63264, 32.96105], [35.63092, 32.96249], [35.63089, 32.96827], [35.63261, 32.96971], [35.6326, 32.97116], [35.63087, 32.9726], [35.63085, 32.97838], [35.63257, 32.97983], [35.63256, 32.98127], [35.63249, 32.99861], [35.63076, 33.00005], [35.63074, 33.00294], [35.63246, 33.00439], [35.63244, 33.00872], [35.63587, 33.01306], [35.63241, 33.01739], [35.63238, 33.02317], [35.6341, 33.02462], [35.63408, 33.02895], [35.6358, 33.0304], [35.63579, 33.03184], [35.63751, 33.03329], [35.6375, 33.03473], [35.64094, 33.03763], [35.63921, 33.03907], [35.6392, 33.04196], [35.64262, 33.0463], [35.6426, 33.05208], [35.64432, 33.05353], [35.64429, 33.0593], [35.64601, 33.06075], [35.64599, 33.06653], [35.64426, 33.06797], [35.64424, 33.07231], [35.64596, 33.07375], [35.64595, 33.0752], [35.64422, 33.07664], [35.64421, 33.07953], [35.64592, 33.08098], [35.64592, 33.08242], [35.64935, 33.08532], [35.64935, 33.08676], [35.65278, 33.0911], [35.65105, 33.09254], [35.65092, 33.12288], [35.65606, 33.13011], [35.65605, 33.13156], [35.6612, 33.1359], [35.6612, 33.13734], [35.66463, 33.14024], [35.66461, 33.14457], [35.66633, 33.14602], [35.66631, 33.15035], [35.66803, 33.1518], [35.66802, 33.15324], [35.66456, 33.15757], [35.66453, 33.16335], [35.6628, 33.1648], [35.66278, 33.17057], [35.66105, 33.17202], [35.66102, 33.17924], [35.65929, 33.18068], [35.65924, 33.19369], [35.66095, 33.19513], [35.66092, 33.2038], [35.66263, 33.20525], [35.66262, 33.20814], [35.66434, 33.20959], [35.66428, 33.22403], [35.66599, 33.22548], [35.66599, 33.22692], [35.66942, 33.22982], [35.67115, 33.22982], [35.67286, 33.23127], [35.67631, 33.23127], [35.67631, 33.23272], [35.67802, 33.23416], [35.67799, 33.24139], [35.6711, 33.24138], [35.66938, 33.23993], [35.66765, 33.24137], [35.66593, 33.23993], [35.66249, 33.23992], [35.66076, 33.24137], [35.65731, 33.24136], [35.65558, 33.2428], [35.65386, 33.2428], [35.65214, 33.24135], [35.64869, 33.24135], [35.64698, 33.2399], [35.64008, 33.23989], [35.63836, 33.23845], [35.63492, 33.23844], [35.6332, 33.237], [35.62975, 33.23699], [35.62803, 33.23555], [35.62631, 33.23554], [35.62458, 33.23699], [35.62286, 33.23554], [35.62113, 33.23698], [35.61769, 33.23698], [35.61423, 33.23986], [35.6125, 33.23986], [35.60732, 33.24274], [35.5987, 33.24418], [35.59005, 33.25139], [35.58831, 33.25572], [35.58485, 33.25861], [35.58311, 33.26294], [35.58138, 33.26438], [35.58136, 33.26872], [35.57963, 33.27016], [35.57962, 33.2716], [35.56925, 33.27881], [35.56581, 33.27881], [35.56581, 33.27736], [35.56238, 33.27447], [35.56066, 33.27302], [35.55894, 33.27302], [35.56067, 33.27158], [35.56068, 33.26869], [35.55896, 33.26724], [35.55897, 33.2658], [35.55553, 33.2629], [35.55726, 33.26146], [35.55727, 33.25857], [35.55384, 33.25423], [35.55385, 33.25279], [35.55213, 33.25134], [35.55041, 33.25134], [35.55042, 33.24989], [35.54526, 33.24555], [35.54354, 33.24555], [35.54356, 33.23977], [35.54529, 33.23833], [35.54532, 33.23255], [35.5436, 33.2311], [35.54361, 33.22966], [35.53846, 33.22532], [35.53673, 33.22532], [35.53674, 33.22243], [35.53847, 33.22098], [35.5385, 33.2152], [35.53678, 33.21376], [35.53679, 33.21231], [35.53335, 33.20942], [35.53163, 33.20942], [35.53167, 33.20075], [35.5334, 33.19931], [35.5334, 33.19786], [35.53686, 33.19498], [35.53687, 33.19353], [35.53859, 33.19353], [35.54032, 33.19209], [35.54033, 33.19065], [35.54206, 33.1892], [35.54207, 33.18487], [35.53865, 33.18053], [35.53866, 33.1762], [35.53695, 33.17475], [35.53868, 33.17331], [35.53869, 33.16897], [35.53698, 33.16753], [35.537, 33.16319], [35.53357, 33.15885], [35.53357, 33.15741], [35.53186, 33.15596], [35.53187, 33.15307], [35.53015, 33.15162], [35.53016, 33.15018], [35.53189, 33.14874], [35.5319, 33.14585], [35.53018, 33.1444], [35.5302, 33.14007], [35.52848, 33.13862], [35.52849, 33.13717], [35.52677, 33.13573], [35.52505, 33.13573], [35.52678, 33.13428], [35.52679, 33.13139], [35.53025, 33.12706], [35.53028, 33.12128], [35.52856, 33.11984], [35.52857, 33.11839], [35.51826, 33.10971], [35.51482, 33.10971], [35.5131, 33.10826], [35.51137, 33.1097], [35.50277, 33.10536], [35.5028, 33.09813], [35.50452, 33.09813], [35.50798, 33.09525], [35.50799, 33.09381], [35.50972, 33.09236], [35.50973, 33.08947], [35.50801, 33.08803], [35.50802, 33.08658], [35.50459, 33.08369], [35.49597, 33.08223], [35.48908, 33.08222], [35.48735, 33.08367], [35.48563, 33.08222], [35.48391, 33.08222], [35.48218, 33.08366], [35.47701, 33.08365], [35.47528, 33.08509], [35.47356, 33.08365], [35.47183, 33.08509], [35.47011, 33.08509], [35.46839, 33.08364], [35.46321, 33.08508], [35.4615, 33.08363], [35.45805, 33.08363], [35.45806, 33.08218], [35.45634, 33.08074], [35.45635, 33.07929], [35.47364, 33.06487], [35.47366, 33.06053], [35.47023, 33.05764], [35.47025, 33.05186], [35.46853, 33.05041], [35.46854, 33.04897], [35.472, 33.04608], [35.47717, 33.04464], [35.4789, 33.0432], [35.47891, 33.04176], [35.48063, 33.04176], [35.48236, 33.04032], [35.48239, 33.03454], [35.48412, 33.03309], [35.48414, 33.02876], [35.48242, 33.02731], [35.47897, 33.02731], [35.47725, 33.02586], [35.47036, 33.02585], [35.46693, 33.02151], [35.46695, 33.01718], [35.46523, 33.01573], [35.46524, 33.01284], [35.47908, 33.0013], [35.47909, 32.99986], [35.47049, 32.99551], [35.46704, 32.99551], [35.46532, 32.99406], [35.4636, 32.99406], [35.46187, 32.9955], [35.45842, 32.9955], [35.45496, 32.99838], [35.44118, 32.99837], [35.43946, 32.99692], [35.43429, 32.99691], [35.42914, 32.99257], [35.42915, 32.98968], [35.42743, 32.98823], [35.42744, 32.98534], [35.42917, 32.9839], [35.4292, 32.97812], [35.43093, 32.97668], [35.43094, 32.97379], [35.43267, 32.97235], [35.43268, 32.96946], [35.43441, 32.96802], [35.43444, 32.96224], [35.43272, 32.96079], [35.43273, 32.9579], [35.4293, 32.95501], [35.42931, 32.95212], [35.42416, 32.94778], [35.42417, 32.94489], [35.42245, 32.94344], [35.42247, 32.93911], [35.41732, 32.93477], [35.41733, 32.93188], [35.41218, 32.92753], [35.41045, 32.92753], [35.40874, 32.92609], [35.40875, 32.9232], [35.40361, 32.91597], [35.40364, 32.90874], [35.4002, 32.90585], [35.39503, 32.90729], [35.39158, 32.90728], [35.38986, 32.90583], [35.38297, 32.90583], [35.37954, 32.90149], [35.37958, 32.89282], [35.38304, 32.88993], [35.38305, 32.88704], [35.38651, 32.88271], [35.38653, 32.87838], [35.38826, 32.87694], [35.38829, 32.87116], [35.39002, 32.86972], [35.39003, 32.86683], [35.38831, 32.86538], [35.38832, 32.86393], [35.37458, 32.85236], [35.37286, 32.85091], [35.37114, 32.85091], [35.35568, 32.83789], [35.35569, 32.83644], [35.35053, 32.8321], [35.35054, 32.83066], [35.34368, 32.82342], [35.34368, 32.82198], [35.34197, 32.82053], [35.34026, 32.8162], [35.33683, 32.81186], [35.33684, 32.80897], [35.33342, 32.80463], [35.33343, 32.80174], [35.33516, 32.8003], [35.3352, 32.79018], [35.33693, 32.78874], [35.34038, 32.78875], [35.34211, 32.7873], [35.34382, 32.78875], [35.34382, 32.79019], [35.34725, 32.79309], [35.34898, 32.79165], [35.35071, 32.79165], [35.35416, 32.78876], [35.35588, 32.79021], [35.36105, 32.79022], [35.36277, 32.79166], [35.37139, 32.79167], [35.37312, 32.79023], [35.37484, 32.79023], [35.3783, 32.78735], [35.38002, 32.78735], [35.38348, 32.78447], [35.38349, 32.78302], [35.38694, 32.78303], [35.39212, 32.7787], [35.39214, 32.77581], [35.39387, 32.77437], [35.39393, 32.75847], [35.39566, 32.75703], [35.39568, 32.75414], [35.39396, 32.75269], [35.39398, 32.74836], [35.39226, 32.74691], [35.39227, 32.74402], [35.38712, 32.73968], [35.38713, 32.73679], [35.38886, 32.73535], [35.38888, 32.73102], [35.39061, 32.72957], [35.39063, 32.72524], [35.39236, 32.7238], [35.39238, 32.71946], [35.39066, 32.71802], [35.39067, 32.71513], [35.38895, 32.71368], [35.38898, 32.7079], [35.3959, 32.70069], [35.39763, 32.70069], [35.40109, 32.6978], [35.4011, 32.69491], [35.40283, 32.69347], [35.40285, 32.68769], [35.40458, 32.68625], [35.40286, 32.6848], [35.40288, 32.68191], [35.39601, 32.67612], [35.39428, 32.67612], [35.39085, 32.67323], [35.38912, 32.67323], [35.38741, 32.67178], [35.38396, 32.67178], [35.38224, 32.67033], [35.35639, 32.6703], [35.35466, 32.67174], [35.35294, 32.67029], [35.35121, 32.67173], [35.33915, 32.67172], [35.33743, 32.67027], [35.33054, 32.67026], [35.32194, 32.66592], [35.31677, 32.66591], [35.31504, 32.66735], [35.30987, 32.66735], [35.30641, 32.67023], [35.30123, 32.67167], [35.29607, 32.66877], [35.29263, 32.66877], [35.29263, 32.66732], [35.2892, 32.66443], [35.27024, 32.66441], [35.26851, 32.66585], [35.26679, 32.66585], [35.26507, 32.6644], [35.26335, 32.6644], [35.26163, 32.66295], [35.25818, 32.66295], [35.25646, 32.6615], [35.25652, 32.64705], [35.24794, 32.63982], [35.24621, 32.63981], [35.24278, 32.63692], [35.24106, 32.63692], [35.23934, 32.63547], [35.23415, 32.6398], [35.23414, 32.64269], [35.23241, 32.64413], [35.23239, 32.64847], [35.23411, 32.64991], [35.23406, 32.66147], [35.23233, 32.66147], [35.22888, 32.66435], [35.22887, 32.6658], [35.22368, 32.67013], [35.22366, 32.67446], [35.21674, 32.68023], [35.21674, 32.68168], [35.21501, 32.68312], [35.21499, 32.68745], [35.22014, 32.69179], [35.22187, 32.6918], [35.2253, 32.69469], [35.22529, 32.69613], [35.22701, 32.69758], [35.227, 32.69903], [35.22872, 32.70047], [35.2287, 32.70625], [35.22697, 32.70769], [35.22696, 32.70914], [35.22524, 32.70914], [35.22351, 32.71058], [35.22006, 32.71058], [35.21663, 32.70768], [35.21146, 32.70623], [35.20975, 32.70478], [35.2063, 32.70478], [35.20112, 32.70766], [35.20108, 32.71633], [35.20622, 32.72356], [35.20619, 32.72934], [35.20962, 32.73368], [35.20789, 32.73512], [35.20787, 32.73945], [35.20442, 32.74234], [35.19752, 32.74233], [35.19409, 32.73944], [35.19236, 32.73944], [35.19063, 32.74088], [35.18202, 32.73942], [35.17683, 32.74375], [35.17683, 32.74519], [35.1751, 32.74664], [35.17337, 32.74663], [35.16127, 32.75673], [35.16125, 32.75962], [35.15607, 32.76395], [35.15434, 32.76395], [35.15088, 32.76683], [35.14916, 32.76683], [35.14743, 32.76827], [35.14742, 32.76972], [35.14396, 32.7726], [35.14222, 32.77694], [35.13876, 32.77982], [35.13876, 32.78127], [35.13703, 32.78271], [35.137, 32.78993], [35.13871, 32.79138], [35.13869, 32.79716], [35.14041, 32.7986], [35.1404, 32.80149], [35.14211, 32.80294], [35.14209, 32.80728], [35.14552, 32.81161], [35.1455, 32.81595], [35.14893, 32.82029], [35.14893, 32.82173], [35.15236, 32.82463], [35.15232, 32.83474], [35.14886, 32.83762], [35.14885, 32.84051], [35.14366, 32.84484], [35.14193, 32.84484], [35.14021, 32.84628], [35.1402, 32.84773], [35.13328, 32.8535], [35.13326, 32.85928], [35.13497, 32.86072], [35.13496, 32.86506], [35.13667, 32.8665], [35.13665, 32.87084], [35.13837, 32.87228], [35.13833, 32.8824], [35.14005, 32.88385], [35.14003, 32.88818], [35.1383, 32.88818], [35.13485, 32.89106], [35.13312, 32.89106], [35.13139, 32.8925], [35.13311, 32.89395], [35.13308, 32.89973], [35.13136, 32.90117], [35.12963, 32.90117], [35.12445, 32.90405], [35.11238, 32.90404], [35.11065, 32.90548], [35.10721, 32.90547], [35.10548, 32.90692], [35.10375, 32.90692], [35.1003, 32.9098], [35.10029, 32.91125], [35.09856, 32.91269], [35.09857, 32.91124], [35.09514, 32.9069], [35.09514, 32.90546], [35.09171, 32.90112], [35.09172, 32.89968], [35.08829, 32.89678], [35.08484, 32.89678], [35.08312, 32.89533], [35.08139, 32.89677], [35.0814, 32.89533], [35.07968, 32.89388], [35.07971, 32.8881], [35.07799, 32.88666], [35.07802, 32.87943], [35.0763, 32.87798], [35.07631, 32.8751], [35.0746, 32.87365], [35.07461, 32.86931], [35.0729, 32.86787], [35.07293, 32.86064], [35.06779, 32.85341], [35.06779, 32.85197], [35.06436, 32.84763], [35.06266, 32.84329], [35.06094, 32.84185], [35.06095, 32.8404], [35.05581, 32.83317], [35.0541, 32.82883], [35.05067, 32.82594], [35.05067, 32.8245], [35.03865, 32.81437], [35.03693, 32.81436], [35.0249, 32.80568], [35.02145, 32.80568], [35.01974, 32.80423], [35.01801, 32.80423], [35.01628, 32.80567], [35.01457, 32.80422], [35.01112, 32.80422], [35.0094, 32.80277], [35.00768, 32.80277], [35.00595, 32.80421], [35.0025, 32.80421], [34.99904, 32.80854], [34.99901, 32.81432], [35.00073, 32.81576], [34.99211, 32.8172], [34.99038, 32.81864], [34.98866, 32.81719], [34.98693, 32.81864], [34.98348, 32.81863], [34.97829, 32.82296], [34.97829, 32.8244], [34.97656, 32.8244], [34.97657, 32.82296], [34.97142, 32.81862], [34.96281, 32.81716], [34.96108, 32.8186], [34.95936, 32.81716], [34.96109, 32.81571], [34.9611, 32.81282], [34.9594, 32.80849], [34.95424, 32.80559], [34.95251, 32.80559], [34.95259, 32.78681], [34.95604, 32.78681], [34.95951, 32.78248], [34.95952, 32.77959], [34.9578, 32.77815], [34.95781, 32.7767], [34.95437, 32.77381], [34.95438, 32.77236], [34.95611, 32.77092], [34.95613, 32.76514], [34.9527, 32.7608], [34.95271, 32.75936], [34.95444, 32.75791], [34.95445, 32.75502], [34.95618, 32.75358], [34.95619, 32.75069], [34.95448, 32.74925], [34.95448, 32.7478], [34.95105, 32.74491], [34.9476, 32.7449], [34.94762, 32.74057], [34.94935, 32.73913], [34.94936, 32.73624], [34.95109, 32.73479], [34.9511, 32.7319], [34.94767, 32.72757], [34.9494, 32.72757], [34.95113, 32.72612], [34.95113, 32.72468], [34.95286, 32.72324], [34.95288, 32.7189], [34.95116, 32.71746], [34.95117, 32.71601], [34.94774, 32.71312], [34.94429, 32.71311], [34.94431, 32.70878], [34.94259, 32.70733], [34.9426, 32.70444], [34.94088, 32.703], [34.94089, 32.70155], [34.93574, 32.69721], [34.93401, 32.69721], [34.92543, 32.68997], [34.92716, 32.68853], [34.92719, 32.68131], [34.92547, 32.67986], [34.9272, 32.67842], [34.92722, 32.67408], [34.92895, 32.67264], [34.92901, 32.65819], [34.92729, 32.65675], [34.92733, 32.64808], [34.92561, 32.64663], [34.92562, 32.64374], [34.92391, 32.64229], [34.92392, 32.6394], [34.92049, 32.63507], [34.92052, 32.62784], [34.91709, 32.6235], [34.9171, 32.62061], [34.91883, 32.61917], [34.91886, 32.61195], [34.91715, 32.6105], [34.91717, 32.60617], [34.91545, 32.60472], [34.91718, 32.60328], [34.91721, 32.59605], [34.91549, 32.59461], [34.91555, 32.5816], [34.91383, 32.58016], [34.91556, 32.57871], [34.91557, 32.57582], [34.91385, 32.57438], [34.91387, 32.57149], [34.91215, 32.57004], [34.91217, 32.56426], [34.91046, 32.56281], [34.91049, 32.55559], [34.90877, 32.55414], [34.90878, 32.55125], [34.90706, 32.54981], [34.9071, 32.54114], [34.90538, 32.53969], [34.90539, 32.53825], [34.90195, 32.53535], [34.902, 32.52524], [34.89857, 32.5209], [34.9003, 32.51946], [34.90031, 32.51657], [34.89688, 32.51223], [34.89516, 32.51223], [34.89518, 32.50645], [34.89346, 32.505], [34.89347, 32.50356], [34.8866, 32.49777], [34.89007, 32.49344], [34.89009, 32.48766], [34.88837, 32.48621], [34.88842, 32.4761], [34.8867, 32.47465], [34.88672, 32.46887], [34.88501, 32.46743], [34.8833, 32.46309], [34.88158, 32.46164], [34.87986, 32.46164], [34.88159, 32.4602], [34.88163, 32.45009], [34.87992, 32.44864], [34.87993, 32.4443], [34.87822, 32.44286], [34.87824, 32.43708], [34.87481, 32.43274], [34.87484, 32.42696], [34.87312, 32.42551], [34.87315, 32.41829], [34.87143, 32.41684], [34.87146, 32.41106], [34.86974, 32.40962], [34.86976, 32.40528], [34.86633, 32.40094], [34.86637, 32.39228], [34.86465, 32.39083], [34.86467, 32.38649], [34.86295, 32.38505], [34.86297, 32.37927], [34.86126, 32.37782], [34.86129, 32.3706], [34.85957, 32.36915], [34.85958, 32.36626], [34.85786, 32.36481], [34.85788, 32.36048], [34.85617, 32.35903], [34.85621, 32.34892], [34.85449, 32.34747], [34.85452, 32.34025], [34.85109, 32.33591], [34.85114, 32.3258], [34.84942, 32.32435], [34.84944, 32.32002], [34.84772, 32.31857], [34.84773, 32.31568], [34.84601, 32.31423], [34.84603, 32.31134], [34.84431, 32.3099], [34.84433, 32.30556], [34.84261, 32.30411], [34.84262, 32.30123], [34.84091, 32.29978], [34.84093, 32.294], [34.83921, 32.29255], [34.83923, 32.28822], [34.83751, 32.28677], [34.83754, 32.28099], [34.83582, 32.27955], [34.83584, 32.27521], [34.83412, 32.27376], [34.83414, 32.26943], [34.83242, 32.26798], [34.83245, 32.2622], [34.82902, 32.25787], [34.82904, 32.25209], [34.82561, 32.24775], [34.82564, 32.24052], [34.82393, 32.23908], [34.82394, 32.23619], [34.82222, 32.23474], [34.82224, 32.23041], [34.82052, 32.22896], [34.82054, 32.22462], [34.81882, 32.22318], [34.81885, 32.2174], [34.81542, 32.21306], [34.81543, 32.21017], [34.81371, 32.20872], [34.81373, 32.20583], [34.81201, 32.20439], [34.81203, 32.20005], [34.81031, 32.19861], [34.81032, 32.19572], [34.80861, 32.19427], [34.80862, 32.18994], [34.80691, 32.18849], [34.80692, 32.1856], [34.8052, 32.18415], [34.80522, 32.17982], [34.8035, 32.17837], [34.80351, 32.17693], [34.80007, 32.17403], [34.79835, 32.17403], [34.79836, 32.17258], [34.80009, 32.17114], [34.8001, 32.16681], [34.79839, 32.16536], [34.80012, 32.16392], [34.80014, 32.15814], [34.79842, 32.15669], [34.79844, 32.1538], [34.79672, 32.15236], [34.79673, 32.14947], [34.79501, 32.14802], [34.79503, 32.14513], [34.7916, 32.14079], [34.79161, 32.13646], [34.7899, 32.13501], [34.78819, 32.13067], [34.78476, 32.12633], [34.78477, 32.12489], [34.78305, 32.12344], [34.78308, 32.11766], [34.77794, 32.11043], [34.77797, 32.10321], [34.77625, 32.10176], [34.77626, 32.09887], [34.77455, 32.09743], [34.77455, 32.09598], [34.77628, 32.09454], [34.77631, 32.08876], [34.77977, 32.08443], [34.77983, 32.07143], [34.77811, 32.06998], [34.77811, 32.06854], [34.78158, 32.06421], [34.78159, 32.06132], [34.77987, 32.05987], [34.77988, 32.05842], [34.77645, 32.05553], [34.77128, 32.05408], [34.76785, 32.04974], [34.76786, 32.0483], [34.76614, 32.04685], [34.76442, 32.04685], [34.76443, 32.04396], [34.7679, 32.03963], [34.76793, 32.0324], [34.76966, 32.03096], [34.76968, 32.02518], [34.76625, 32.02229], [34.76625, 32.02084], [34.76282, 32.01795], [34.74558, 32.01793], [34.74385, 32.01937], [34.73868, 32.01936], [34.73869, 32.01792], [34.73697, 32.01647], [34.73702, 32.00491], [34.7353, 32.00347], [34.73531, 32.00058], [34.7336, 31.99913], [34.73361, 31.99624], [34.72847, 31.98901], [34.72848, 31.98612], [34.72505, 31.98178], [34.72508, 31.97456], [34.72166, 31.97022], [34.72168, 31.96444], [34.71825, 31.9601], [34.71826, 31.95866], [34.71482, 31.95576], [34.71483, 31.95287], [34.71141, 31.94854], [34.71144, 31.94131], [34.70972, 31.93986], [34.70973, 31.93842], [34.70459, 31.93119], [34.7046, 31.9283], [34.70288, 31.92685], [34.70289, 31.92541], [34.69945, 31.92251], [34.69773, 31.92251], [34.69773, 31.92107], [34.6943, 31.91817], [34.69431, 31.91673], [34.69259, 31.91528], [34.69261, 31.91095], [34.69089, 31.9095], [34.6909, 31.90806], [34.68918, 31.90661], [34.68747, 31.90227], [34.68404, 31.89793], [34.68406, 31.8936], [34.67892, 31.88637], [34.67894, 31.88203], [34.6738, 31.8748], [34.67381, 31.87191], [34.6721, 31.87047], [34.67211, 31.86613], [34.6704, 31.86469], [34.6704, 31.86324], [34.66697, 31.86035], [34.66697, 31.8589], [34.66355, 31.85456], [34.66355, 31.85312], [34.66012, 31.84878], [34.66014, 31.84589], [34.65671, 31.84155], [34.65672, 31.83866], [34.655, 31.83722], [34.6533, 31.83288], [34.64986, 31.82999], [34.64814, 31.82998], [34.64814, 31.82854], [34.64643, 31.82709], [34.64644, 31.8242], [34.64472, 31.82276], [34.64473, 31.82131], [34.64301, 31.81986], [34.64131, 31.81553], [34.63788, 31.81119], [34.63789, 31.80685], [34.63447, 31.80252], [34.63448, 31.79818], [34.64311, 31.79675], [34.64484, 31.79531], [34.64656, 31.79531], [34.65174, 31.79242], [34.65519, 31.79243], [34.66037, 31.78955], [34.66554, 31.78955], [34.669, 31.78667], [34.67245, 31.78667], [34.67763, 31.78379], [34.6828, 31.7838], [34.68453, 31.78235], [34.69316, 31.78092], [34.69489, 31.77948], [34.70006, 31.77804], [34.70352, 31.77515], [34.7087, 31.77371], [34.7208, 31.76506], [34.72252, 31.76506], [34.72944, 31.75929], [34.73117, 31.7593], [34.7329, 31.75785], [34.73291, 31.75496], [34.73464, 31.75352], [34.73464, 31.75208], [34.73636, 31.75352]]], [[[34.73464, 31.75208], [34.72777, 31.74773], [34.72604, 31.74773], [34.72261, 31.74484], [34.72262, 31.74339], [34.71746, 31.73905], [34.71747, 31.73761], [34.71232, 31.73327], [34.70715, 31.73181], [34.70372, 31.72892], [34.70201, 31.72458], [34.69342, 31.71879], [34.69343, 31.71735], [34.69171, 31.7159], [34.69173, 31.71012], [34.69002, 31.70868], [34.69002, 31.70723], [34.68487, 31.70289], [34.67971, 31.70144], [34.67112, 31.6942], [34.67112, 31.69276], [34.66769, 31.68987], [34.6677, 31.68842], [34.66083, 31.68263], [34.65912, 31.6783], [34.65569, 31.67396], [34.6557, 31.67251], [34.65226, 31.66962], [34.6471, 31.66817], [34.64538, 31.66672], [34.64366, 31.66672], [34.64022, 31.66383], [34.6385, 31.66382], [34.6282, 31.65514], [34.62647, 31.65514], [34.61961, 31.64791], [34.61963, 31.64357], [34.61791, 31.64213], [34.618, 31.6219], [34.61286, 31.61467], [34.6077, 31.61177], [34.60597, 31.61177], [34.60254, 31.60888], [34.60261, 31.59154], [34.59918, 31.58865], [34.59401, 31.58719], [34.59058, 31.5843], [34.58886, 31.5843], [34.58714, 31.58285], [34.58714, 31.58141], [34.58199, 31.57707], [34.58029, 31.57273], [34.57857, 31.57128], [34.57858, 31.56839], [34.57686, 31.56695], [34.57688, 31.56406], [34.57516, 31.56261], [34.57517, 31.55972], [34.5769, 31.55828], [34.57862, 31.55828], [34.58208, 31.55539], [34.58211, 31.54817], [34.5804, 31.54672], [34.58043, 31.53805], [34.57528, 31.53371], [34.57356, 31.53371], [34.57184, 31.53226], [34.56839, 31.53226], [34.56668, 31.53081], [34.56151, 31.53081], [34.55979, 31.52936], [34.55807, 31.52936], [34.55463, 31.52646], [34.55465, 31.52068], [34.55638, 31.51924], [34.5564, 31.51635], [34.55813, 31.51491], [34.55813, 31.51347], [34.56851, 31.50481], [34.56679, 31.50336], [34.56509, 31.49903], [34.54277, 31.47877], [34.53759, 31.48021], [34.5324, 31.48454], [34.52723, 31.48598], [34.5255, 31.48742], [34.52205, 31.48741], [34.52032, 31.48886], [34.5186, 31.48741], [34.51688, 31.48741], [34.51001, 31.48162], [34.50484, 31.48017], [34.50141, 31.47727], [34.49282, 31.47004], [34.49112, 31.4657], [34.46707, 31.44545], [34.46708, 31.444], [34.45849, 31.43677], [34.4585, 31.43532], [34.45506, 31.43243], [34.45507, 31.43098], [34.4482, 31.42519], [34.44821, 31.42375], [34.44477, 31.42086], [34.44307, 31.41652], [34.4362, 31.41073], [34.4362, 31.40929], [34.43277, 31.40639], [34.43278, 31.40495], [34.42591, 31.39916], [34.42591, 31.39772], [34.42419, 31.39627], [34.42249, 31.39193], [34.41562, 31.38614], [34.41563, 31.3847], [34.41219, 31.38181], [34.4122, 31.38036], [34.40876, 31.37747], [34.40877, 31.37602], [34.40362, 31.37168], [34.40362, 31.37024], [34.40019, 31.36734], [34.39848, 31.36301], [34.39505, 31.36011], [34.39507, 31.35578], [34.39335, 31.35433], [34.39338, 31.34711], [34.38308, 31.33843], [34.38135, 31.33842], [34.37276, 31.33263], [34.37104, 31.33263], [34.36932, 31.33118], [34.36932, 31.32974], [34.36417, 31.3254], [34.36763, 31.32251], [34.36935, 31.32252], [34.37108, 31.32107], [34.37625, 31.32108], [34.37798, 31.31964], [34.38143, 31.31964], [34.38316, 31.3182], [34.38834, 31.31676], [34.3918, 31.31388], [34.39181, 31.31099], [34.39009, 31.30954], [34.38837, 31.30954], [34.38493, 31.30664], [34.37977, 31.30519], [34.37633, 31.3023], [34.37461, 31.3023], [34.37289, 31.30085], [34.3729, 31.2994], [34.36603, 31.29362], [34.36604, 31.29217], [34.36088, 31.28928], [34.35743, 31.28927], [34.3557, 31.29071], [34.35398, 31.29071], [34.35052, 31.2936], [34.34879, 31.29359], [34.34707, 31.29504], [34.33328, 31.29502], [34.33156, 31.29357], [34.33157, 31.29068], [34.32985, 31.28924], [34.32987, 31.28635], [34.32815, 31.2849], [34.32816, 31.28201], [34.32644, 31.28056], [34.32646, 31.27623], [34.32475, 31.27478], [34.32479, 31.26322], [34.32308, 31.26178], [34.32311, 31.25455], [34.32484, 31.25311], [34.32486, 31.24733], [34.32659, 31.24589], [34.3266, 31.243], [34.33007, 31.23867], [34.33008, 31.23578], [34.33528, 31.22856], [34.33702, 31.22423], [34.33875, 31.22279], [34.33876, 31.22134], [34.34223, 31.21701], [34.34224, 31.21412], [34.3457, 31.21124], [34.3457, 31.20979], [34.34743, 31.20835], [34.34744, 31.20691], [34.3509, 31.20402], [34.35264, 31.19969], [34.35437, 31.19825], [34.35782, 31.19825], [34.36128, 31.19537], [34.36128, 31.19392], [34.36475, 31.18959], [34.36649, 31.18526], [34.36995, 31.18237], [34.36995, 31.18093], [34.37168, 31.17949], [34.3717, 31.1766], [34.37862, 31.16938], [34.37864, 31.16505], [34.37692, 31.1636], [34.37866, 31.15927], [34.38212, 31.15638], [34.38386, 31.15205], [34.39079, 31.14484], [34.3908, 31.14339], [34.39426, 31.13906], [34.39427, 31.13762], [34.39773, 31.13473], [34.39773, 31.13329], [34.40119, 31.1304], [34.4012, 31.12896], [34.40466, 31.12607], [34.40466, 31.12463], [34.40812, 31.12174], [34.40813, 31.1203], [34.41159, 31.11741], [34.41159, 31.11597], [34.41678, 31.11164], [34.41679, 31.1102], [34.42025, 31.10731], [34.42025, 31.10587], [34.42198, 31.10587], [34.42371, 31.10443], [34.42545, 31.10009], [34.43237, 31.09432], [34.43237, 31.09288], [34.4341, 31.09288], [34.43583, 31.09144], [34.43584, 31.08855], [34.44103, 31.08422], [34.44275, 31.08422], [34.44448, 31.08278], [34.44793, 31.08278], [34.45139, 31.0799], [34.44968, 31.07556], [34.45832, 31.07124], [34.47383, 31.07126], [34.47556, 31.06982], [34.47728, 31.07126], [34.47901, 31.06982], [34.49279, 31.06984], [34.49452, 31.0684], [34.49969, 31.0684], [34.51007, 31.06119], [34.51007, 31.05975], [34.517, 31.05253], [34.517, 31.05109], [34.52046, 31.0482], [34.52047, 31.04676], [34.52393, 31.04243], [34.52394, 31.04098], [34.52567, 31.03954], [34.52741, 31.03521], [34.52914, 31.03377], [34.52916, 31.02943], [34.53262, 31.0251], [34.53264, 31.02221], [34.5361, 31.01788], [34.53611, 31.01499], [34.53957, 31.01211], [34.53959, 31.00777], [34.54479, 31.00056], [34.54481, 30.99767], [34.54654, 30.99622], [34.54655, 30.99333], [34.54828, 30.99189], [34.5483, 30.98756], [34.55003, 30.98612], [34.55006, 30.97889], [34.55179, 30.97745], [34.5518, 30.97456], [34.55353, 30.97312], [34.55354, 30.97023], [34.557, 30.9659], [34.55704, 30.95867], [34.55877, 30.95723], [34.55878, 30.9529], [34.56051, 30.95145], [34.56054, 30.94423], [34.56227, 30.94279], [34.56229, 30.93845], [34.56402, 30.93701], [34.56403, 30.93412], [34.5675, 30.92979], [34.56752, 30.92546], [34.57098, 30.92113], [34.571, 30.91679], [34.57273, 30.91535], [34.57275, 30.91102], [34.57448, 30.90957], [34.57449, 30.90668], [34.57795, 30.9038], [34.57796, 30.90091], [34.58143, 30.89658], [34.58144, 30.89369], [34.58491, 30.88936], [34.58492, 30.88647], [34.58665, 30.88503], [34.58666, 30.88214], [34.59185, 30.87781], [34.59185, 30.87637], [34.59532, 30.87204], [34.59534, 30.8677], [34.59707, 30.86626], [34.59707, 30.86481], [34.60053, 30.86193], [34.60054, 30.86048], [34.60227, 30.85904], [34.60228, 30.85615], [34.60574, 30.85327], [34.60748, 30.84894], [34.61094, 30.84605], [34.61095, 30.84461], [34.61441, 30.84172], [34.61441, 30.84028], [34.61787, 30.83739], [34.61788, 30.83595], [34.62134, 30.83306], [34.62997, 30.83018], [34.6317, 30.82874], [34.64204, 30.82875], [34.64376, 30.8302], [34.65237, 30.83166], [34.67129, 30.84035], [34.67474, 30.84035], [34.68333, 30.8447], [34.68506, 30.8447], [34.69537, 30.85194], [34.69882, 30.85194], [34.70053, 30.85339], [34.70398, 30.85339], [34.7057, 30.85484], [34.71087, 30.85485], [34.71259, 30.85629], [34.71432, 30.85485], [34.71604, 30.85485], [34.71776, 30.8563], [34.71949, 30.85486], [34.7212, 30.8563], [34.72293, 30.85486], [34.7281, 30.85487], [34.73329, 30.85199], [34.73673, 30.85199], [34.74019, 30.8491], [34.74192, 30.84911], [34.75402, 30.83901], [34.75575, 30.83901], [34.75921, 30.83613], [34.76093, 30.83613], [34.76612, 30.8318], [34.76612, 30.83036], [34.77305, 30.82314], [34.77479, 30.81881], [34.77825, 30.81592], [34.77826, 30.81448], [34.77999, 30.81304], [34.77999, 30.81159], [34.78345, 30.80871], [34.78346, 30.80726], [34.79038, 30.80149], [34.79039, 30.7986], [34.79385, 30.79572], [34.79559, 30.79138], [34.79905, 30.7885], [34.80079, 30.78417], [34.80425, 30.78128], [34.80426, 30.77984], [34.80771, 30.77695], [34.80772, 30.77551], [34.81119, 30.77118], [34.81119, 30.76973], [34.81465, 30.76685], [34.81639, 30.76252], [34.81985, 30.75963], [34.81986, 30.75819], [34.82332, 30.75386], [34.82333, 30.75241], [34.8268, 30.74808], [34.8268, 30.74664], [34.83026, 30.74375], [34.83027, 30.74231], [34.832, 30.74086], [34.83201, 30.73797], [34.83547, 30.73509], [34.83547, 30.73364], [34.8372, 30.7322], [34.83722, 30.72787], [34.83895, 30.72643], [34.83896, 30.72354], [34.84069, 30.72209], [34.8407, 30.72065], [34.84072, 30.71631], [34.839, 30.71487], [34.83902, 30.71053], [34.8373, 30.70909], [34.83731, 30.7062], [34.83216, 30.70186], [34.827, 30.7004], [34.82184, 30.69751], [34.81495, 30.6975], [34.81323, 30.69605], [34.8115, 30.69749], [34.80116, 30.69748], [34.796, 30.69459], [34.79083, 30.69313], [34.79084, 30.69169], [34.78397, 30.6859], [34.78227, 30.68157], [34.77884, 30.67723], [34.77886, 30.67289], [34.77543, 30.66855], [34.77544, 30.66566], [34.77372, 30.66422], [34.77373, 30.66133], [34.7703, 30.65843], [34.77032, 30.6541], [34.7686, 30.65265], [34.76861, 30.64976], [34.76347, 30.64253], [34.76349, 30.63964], [34.76177, 30.6382], [34.76006, 30.63386], [34.75663, 30.63097], [34.75664, 30.62808], [34.75492, 30.62663], [34.75493, 30.62374], [34.75151, 30.6194], [34.7498, 30.61506], [34.74808, 30.61362], [34.74638, 30.60928], [34.73951, 30.60349], [34.73779, 30.60349], [34.73092, 30.5977], [34.72919, 30.5977], [34.72748, 30.59625], [34.7223, 30.59625], [34.72059, 30.5948], [34.71542, 30.59479], [34.7137, 30.59335], [34.70681, 30.59334], [34.70509, 30.59189], [34.69992, 30.59188], [34.69132, 30.58754], [34.68615, 30.58609], [34.67413, 30.57596], [34.67414, 30.57451], [34.66899, 30.57017], [34.669, 30.56728], [34.66557, 30.56295], [34.66558, 30.56006], [34.66386, 30.55861], [34.66388, 30.55572], [34.66216, 30.55427], [34.66217, 30.55283], [34.66045, 30.55138], [34.66046, 30.54849], [34.65874, 30.54704], [34.65877, 30.54127], [34.65705, 30.53982], [34.65706, 30.53693], [34.65534, 30.53548], [34.65536, 30.53259], [34.65193, 30.52825], [34.65195, 30.52392], [34.65023, 30.52247], [34.65025, 30.51814], [34.64853, 30.51669], [34.64855, 30.51091], [34.64684, 30.50947], [34.64686, 30.50369], [34.64514, 30.50224], [34.64515, 30.50079], [34.64172, 30.4979], [34.64173, 30.49501], [34.64001, 30.49356], [34.64002, 30.49212], [34.63486, 30.48778], [34.63316, 30.48344], [34.61942, 30.47187], [34.6177, 30.47186], [34.60739, 30.46318], [34.60223, 30.46173], [34.59879, 30.45884], [34.59707, 30.45884], [34.59364, 30.45594], [34.59191, 30.45594], [34.58848, 30.45305], [34.57987, 30.45014], [34.57644, 30.44725], [34.57471, 30.44725], [34.56956, 30.44435], [34.56611, 30.44435], [34.56267, 30.44145], [34.56095, 30.44145], [34.55923, 30.44001], [34.55579, 30.44], [34.55407, 30.43855], [34.55062, 30.43855], [34.5489, 30.4371], [34.54546, 30.4371], [34.54374, 30.43565], [34.54202, 30.43565], [34.54203, 30.43131], [34.53861, 30.42698], [34.53864, 30.41831], [34.55073, 30.41399], [34.55418, 30.4111], [34.55591, 30.41111], [34.56456, 30.40389], [34.56456, 30.40245], [34.56629, 30.40245], [34.57147, 30.39812], [34.57148, 30.39668], [34.5732, 30.39668], [34.57839, 30.39235], [34.58702, 30.38947], [34.59048, 30.38659], [34.59221, 30.38659], [34.59566, 30.38371], [34.59567, 30.38226], [34.5974, 30.38082], [34.59913, 30.37938], [34.60085, 30.37938], [34.60777, 30.37361], [34.60951, 30.36928], [34.61124, 30.36783], [34.61126, 30.3635], [34.61646, 30.35628], [34.61648, 30.35195], [34.61821, 30.3505], [34.61823, 30.34617], [34.61996, 30.34473], [34.61998, 30.33895], [34.62171, 30.33751], [34.62172, 30.33606], [34.62518, 30.33173], [34.62519, 30.33029], [34.62866, 30.32596], [34.62866, 30.32451], [34.63039, 30.32307], [34.63041, 30.31874], [34.63214, 30.31729], [34.63218, 30.30862], [34.63564, 30.30574], [34.63738, 30.30141], [34.63911, 30.29996], [34.63912, 30.29708], [34.6374, 30.29563], [34.6426, 30.28841], [34.64263, 30.28263], [34.64436, 30.28119], [34.64436, 30.27974], [34.64956, 30.27253], [34.6496, 30.26386], [34.65307, 30.25953], [34.65308, 30.25664], [34.65654, 30.25375], [34.65654, 30.25231], [34.65827, 30.25087], [34.6583, 30.24509], [34.66176, 30.24076], [34.66178, 30.23642], [34.66351, 30.23498], [34.66353, 30.23065], [34.66873, 30.22343], [34.66875, 30.2191], [34.67222, 30.21477], [34.67223, 30.21043], [34.67396, 30.20899], [34.67398, 30.20465], [34.67745, 30.20032], [34.67747, 30.19455], [34.68094, 30.19022], [34.68095, 30.18733], [34.68615, 30.18011], [34.68617, 30.17577], [34.6879, 30.17433], [34.68791, 30.17144], [34.69138, 30.16711], [34.69139, 30.16278], [34.69312, 30.16134], [34.69314, 30.15845], [34.69487, 30.157], [34.69488, 30.15267], [34.69835, 30.14834], [34.69837, 30.14401], [34.7001, 30.14256], [34.70011, 30.13967], [34.70357, 30.13534], [34.7036, 30.12956], [34.70706, 30.12668], [34.70706, 30.12523], [34.71053, 30.1209], [34.71054, 30.11802], [34.71227, 30.11657], [34.71228, 30.11368], [34.71401, 30.11224], [34.71403, 30.10935], [34.71576, 30.10791], [34.71577, 30.10357], [34.7175, 30.10213], [34.71752, 30.0978], [34.71925, 30.09635], [34.71927, 30.09202], [34.721, 30.09058], [34.72101, 30.08769], [34.72274, 30.08625], [34.72275, 30.08336], [34.72622, 30.07903], [34.72623, 30.07614], [34.72796, 30.07469], [34.72797, 30.0718], [34.73144, 30.06747], [34.73146, 30.0617], [34.73492, 30.05881], [34.73493, 30.05737], [34.73666, 30.05592], [34.73668, 30.05159], [34.74188, 30.04437], [34.7419, 30.03859], [34.74363, 30.03715], [34.74365, 30.03282], [34.74885, 30.0256], [34.74886, 30.02271], [34.75233, 30.01838], [34.75234, 30.01549], [34.75407, 30.01405], [34.75408, 30.01116], [34.75581, 30.00972], [34.75582, 30.00683], [34.75929, 30.0025], [34.75931, 29.99816], [34.76277, 29.99383], [34.7628, 29.98805], [34.76453, 29.98661], [34.76455, 29.98228], [34.76628, 29.98083], [34.76629, 29.9765], [34.76802, 29.97506], [34.76804, 29.97217], [34.7715, 29.96784], [34.77152, 29.9635], [34.77325, 29.96206], [34.77326, 29.95917], [34.77499, 29.95773], [34.77501, 29.95339], [34.77674, 29.95195], [34.77675, 29.94906], [34.77848, 29.94762], [34.77849, 29.94473], [34.78196, 29.9404], [34.78197, 29.93751], [34.7837, 29.93607], [34.78371, 29.93318], [34.78544, 29.93174], [34.78546, 29.9274], [34.78719, 29.92596], [34.78721, 29.92162], [34.79067, 29.91729], [34.7907, 29.91152], [34.79243, 29.91007], [34.79244, 29.90718], [34.79417, 29.90574], [34.79418, 29.90285], [34.79591, 29.90141], [34.79593, 29.89707], [34.79766, 29.89563], [34.79767, 29.89274], [34.80114, 29.88841], [34.80116, 29.88408], [34.80289, 29.88264], [34.80291, 29.87686], [34.80638, 29.87253], [34.80639, 29.86964], [34.81159, 29.86242], [34.8116, 29.85953], [34.81333, 29.85809], [34.81336, 29.85231], [34.81508, 29.85087], [34.8151, 29.84798], [34.81856, 29.84509], [34.8203, 29.84076], [34.82203, 29.83932], [34.82204, 29.83643], [34.82377, 29.83499], [34.8238, 29.82776], [34.82726, 29.82488], [34.82727, 29.82343], [34.829, 29.82199], [34.82901, 29.8191], [34.83074, 29.81766], [34.83076, 29.81332], [34.83249, 29.81188], [34.8325, 29.80899], [34.83423, 29.80755], [34.83425, 29.80321], [34.83771, 29.79888], [34.83772, 29.79599], [34.84118, 29.79311], [34.84119, 29.79166], [34.84465, 29.78733], [34.84467, 29.783], [34.8464, 29.78156], [34.84642, 29.77722], [34.84815, 29.77578], [34.84816, 29.77434], [34.84989, 29.77289], [34.8499, 29.77], [34.85336, 29.76567], [34.8551, 29.76134], [34.85683, 29.7599], [34.85688, 29.74979], [34.85861, 29.74834], [34.85863, 29.74256], [34.86036, 29.74112], [34.86038, 29.73679], [34.86211, 29.73535], [34.86213, 29.73101], [34.86041, 29.72956], [34.86045, 29.71945], [34.85874, 29.718], [34.8622, 29.71367], [34.86221, 29.71078], [34.86394, 29.70934], [34.86397, 29.70212], [34.86054, 29.69778], [34.86227, 29.69634], [34.86228, 29.69489], [34.86229, 29.69345], [34.86057, 29.692], [34.86403, 29.68911], [34.86403, 29.68767], [34.8675, 29.68334], [34.86754, 29.67467], [34.87446, 29.66746], [34.8762, 29.66312], [34.87967, 29.65879], [34.87967, 29.65735], [34.8814, 29.65591], [34.88143, 29.65013], [34.88316, 29.64869], [34.88318, 29.64435], [34.88664, 29.64002], [34.88665, 29.63713], [34.88838, 29.63569], [34.8884, 29.6328], [34.88668, 29.63135], [34.88497, 29.62702], [34.88326, 29.62557], [34.88153, 29.62557], [34.88156, 29.61834], [34.87985, 29.6169], [34.87814, 29.61256], [34.87127, 29.60677], [34.86955, 29.60677], [34.87128, 29.60533], [34.8713, 29.59955], [34.87303, 29.59955], [34.87648, 29.59667], [34.87649, 29.59522], [34.87822, 29.59378], [34.87823, 29.59089], [34.87996, 29.58945], [34.87999, 29.58222], [34.88172, 29.58078], [34.88178, 29.56778], [34.88006, 29.56633], [34.88178, 29.56633], [34.88351, 29.56489], [34.88698, 29.56056], [34.88699, 29.55767], [34.88527, 29.55622], [34.88531, 29.54755], [34.88359, 29.54611], [34.88705, 29.54322], [34.88706, 29.54178], [34.88879, 29.54034], [34.8888, 29.53745], [34.89053, 29.536], [34.89055, 29.53167], [34.89401, 29.52878], [34.89401, 29.52734], [34.89574, 29.5259], [34.93021, 29.52594], [34.93193, 29.52739], [34.93366, 29.52595], [34.93711, 29.52595], [34.93882, 29.5274], [34.94055, 29.52595], [34.94227, 29.5274], [34.94572, 29.52741], [34.94571, 29.52885], [34.94914, 29.53319], [34.94912, 29.53752], [34.95084, 29.53897], [34.95083, 29.54041], [34.95427, 29.54331], [34.95599, 29.54331], [34.95771, 29.54476], [34.9577, 29.54765], [34.95942, 29.54909], [34.9594, 29.55198], [34.96283, 29.55632], [34.96628, 29.55633], [34.968, 29.55777], [34.97144, 29.55778], [34.97317, 29.55634], [34.97489, 29.55778], [34.97834, 29.55779], [34.98007, 29.55634], [34.98351, 29.55635], [34.98698, 29.55202], [34.98697, 29.55491], [34.9904, 29.55925], [34.98867, 29.56069], [34.98865, 29.56358], [34.99208, 29.56792], [34.99206, 29.5737], [34.99377, 29.57514], [34.99375, 29.58092], [34.99547, 29.58237], [34.99544, 29.58815], [34.99716, 29.5896], [34.99709, 29.60549], [34.99536, 29.60693], [34.99535, 29.60982], [34.99707, 29.61127], [34.99706, 29.61271], [35.0005, 29.61561], [35.00222, 29.61561], [35.00221, 29.6185], [35.00393, 29.61994], [35.0039, 29.62717], [35.00561, 29.62862], [35.00559, 29.63295], [35.00731, 29.6344], [35.0073, 29.63729], [35.00902, 29.63873], [35.009, 29.64307], [35.01072, 29.64451], [35.01069, 29.65174], [35.01411, 29.65608], [35.0141, 29.65897], [35.01582, 29.66041], [35.01408, 29.66475], [35.01235, 29.66619], [35.01233, 29.67052], [35.01405, 29.67197], [35.01403, 29.6763], [35.01746, 29.68064], [35.01743, 29.68642], [35.01915, 29.68787], [35.01913, 29.6922], [35.02085, 29.69365], [35.01911, 29.69798], [35.02081, 29.70232], [35.02253, 29.70376], [35.02252, 29.70521], [35.02079, 29.70665], [35.02076, 29.71532], [35.02419, 29.71966], [35.02591, 29.71966], [35.02763, 29.72111], [35.0259, 29.72255], [35.02589, 29.72544], [35.0276, 29.72689], [35.02759, 29.72978], [35.02586, 29.73122], [35.02584, 29.73555], [35.02756, 29.737], [35.02754, 29.74278], [35.02925, 29.74423], [35.02925, 29.74567], [35.02752, 29.74711], [35.0275, 29.75145], [35.03093, 29.75579], [35.03091, 29.76012], [35.03263, 29.76157], [35.03262, 29.76301], [35.03778, 29.76591], [35.03432, 29.76879], [35.03431, 29.77024], [35.03258, 29.77168], [35.03256, 29.77602], [35.03428, 29.77746], [35.03255, 29.77891], [35.03253, 29.78324], [35.03425, 29.78469], [35.03252, 29.78613], [35.0325, 29.79046], [35.03077, 29.79191], [35.03076, 29.7948], [35.03419, 29.79913], [35.03591, 29.79914], [35.03763, 29.80058], [35.03417, 29.80491], [35.03414, 29.81069], [35.03586, 29.81214], [35.03413, 29.81358], [35.0341, 29.81936], [35.03582, 29.82081], [35.03579, 29.82948], [35.0375, 29.83092], [35.03577, 29.83237], [35.03576, 29.83526], [35.03748, 29.8367], [35.03745, 29.84248], [35.03917, 29.84393], [35.03744, 29.84537], [35.03742, 29.8497], [35.03914, 29.85115], [35.03912, 29.85693], [35.04083, 29.85838], [35.0408, 29.8656], [35.04252, 29.86705], [35.04251, 29.86994], [35.04423, 29.87139], [35.0442, 29.87716], [35.04934, 29.88439], [35.04933, 29.88584], [35.05277, 29.88873], [35.05276, 29.89018], [35.05448, 29.89162], [35.05447, 29.89451], [35.05619, 29.89596], [35.05617, 29.89885], [35.05789, 29.9003], [35.05788, 29.90319], [35.06131, 29.90753], [35.0613, 29.91042], [35.06301, 29.91186], [35.063, 29.91475], [35.06643, 29.91909], [35.06642, 29.92198], [35.06813, 29.92343], [35.06811, 29.92921], [35.06983, 29.93065], [35.06982, 29.9321], [35.07154, 29.93354], [35.07153, 29.93643], [35.07324, 29.93788], [35.07323, 29.94222], [35.07494, 29.94366], [35.07493, 29.94655], [35.07665, 29.948], [35.07664, 29.95089], [35.07835, 29.95234], [35.07833, 29.95667], [35.08005, 29.95812], [35.08004, 29.96101], [35.08176, 29.96245], [35.08175, 29.9639], [35.08347, 29.96534], [35.08345, 29.96968], [35.08517, 29.97113], [35.08516, 29.97257], [35.0886, 29.97546], [35.08858, 29.9798], [35.0903, 29.98125], [35.09028, 29.98558], [35.09199, 29.98703], [35.0937, 29.99136], [35.09713, 29.99426], [35.09886, 29.99426], [35.10057, 29.99571], [35.10056, 29.9986], [35.10399, 30.00293], [35.10053, 30.00726], [35.10048, 30.01738], [35.1022, 30.01883], [35.10219, 30.02171], [35.10562, 30.02605], [35.10561, 30.0275], [35.11076, 30.03184], [35.11249, 30.03184], [35.11076, 30.03328], [35.11073, 30.03906], [35.11587, 30.04629], [35.11585, 30.05207], [35.11757, 30.05352], [35.11756, 30.05496], [35.12271, 30.0593], [35.12443, 30.05931], [35.12442, 30.0622], [35.12614, 30.06364], [35.12785, 30.06798], [35.12956, 30.06943], [35.12956, 30.07087], [35.13299, 30.07377], [35.13297, 30.0781], [35.13469, 30.07955], [35.13468, 30.08099], [35.13984, 30.08533], [35.13983, 30.08678], [35.1381, 30.08822], [35.13809, 30.09111], [35.13981, 30.09256], [35.1398, 30.094], [35.14323, 30.09689], [35.14496, 30.0969], [35.14495, 30.09979], [35.14837, 30.10413], [35.14836, 30.10846], [35.15178, 30.1128], [35.15177, 30.11569], [35.15349, 30.11713], [35.15348, 30.12002], [35.15519, 30.12147], [35.15518, 30.12581], [35.15861, 30.13014], [35.15859, 30.13303], [35.16031, 30.13448], [35.1603, 30.13737], [35.16202, 30.13882], [35.162, 30.14171], [35.16372, 30.14315], [35.16371, 30.14604], [35.16714, 30.15038], [35.16711, 30.15616], [35.16539, 30.15616], [35.16366, 30.1576], [35.16365, 30.15905], [35.16192, 30.16049], [35.16191, 30.16338], [35.16362, 30.16771], [35.16533, 30.16916], [35.16706, 30.16916], [35.16533, 30.17061], [35.16532, 30.1735], [35.16703, 30.17494], [35.16531, 30.17494], [35.16184, 30.17927], [35.1618, 30.18938], [35.16352, 30.19083], [35.16005, 30.19516], [35.16, 30.20672], [35.15827, 30.20816], [35.15826, 30.21105], [35.15653, 30.21249], [35.15652, 30.21538], [35.15824, 30.21683], [35.15823, 30.21827], [35.15995, 30.21972], [35.16167, 30.21972], [35.15993, 30.22406], [35.15647, 30.22839], [35.15645, 30.23127], [35.15817, 30.23272], [35.15815, 30.23706], [35.15987, 30.2385], [35.15986, 30.23995], [35.1633, 30.24284], [35.15811, 30.24717], [35.15637, 30.2515], [35.15464, 30.25294], [35.15461, 30.25872], [35.15633, 30.26017], [35.15632, 30.26161], [35.15804, 30.26306], [35.15977, 30.26306], [35.15975, 30.26595], [35.16147, 30.2674], [35.15973, 30.27173], [35.158, 30.27318], [35.15798, 30.27751], [35.1597, 30.27896], [35.15969, 30.28185], [35.1614, 30.28329], [35.1614, 30.28474], [35.16311, 30.28618], [35.16484, 30.28619], [35.16483, 30.28908], [35.16825, 30.29341], [35.16823, 30.29919], [35.16995, 30.30064], [35.16993, 30.30498], [35.17165, 30.30642], [35.17162, 30.3122], [35.17334, 30.31365], [35.17332, 30.31798], [35.17846, 30.32521], [35.175, 30.32954], [35.17498, 30.33243], [35.1767, 30.33388], [35.17666, 30.34255], [35.17838, 30.34399], [35.17834, 30.35411], [35.18006, 30.35555], [35.18002, 30.36422], [35.17829, 30.36567], [35.17828, 30.36856], [35.18171, 30.37289], [35.18167, 30.38156], [35.18339, 30.38301], [35.18336, 30.39023], [35.18507, 30.39168], [35.18505, 30.39746], [35.18677, 30.39891], [35.18674, 30.40469], [35.18846, 30.40613], [35.18843, 30.41336], [35.19015, 30.4148], [35.19013, 30.41769], [35.19185, 30.41914], [35.19185, 30.42058], [35.197, 30.42348], [35.19354, 30.42781], [35.19351, 30.43359], [35.19523, 30.43504], [35.19521, 30.44082], [35.19692, 30.44226], [35.19519, 30.4437], [35.19517, 30.44948], [35.19344, 30.45093], [35.19339, 30.46248], [35.19682, 30.46682], [35.19676, 30.47983], [35.19848, 30.48127], [35.19675, 30.48272], [35.19673, 30.48705], [35.19845, 30.4885], [35.19841, 30.49861], [35.20013, 30.50006], [35.1984, 30.5015], [35.19838, 30.50439], [35.2001, 30.50584], [35.20008, 30.51162], [35.20179, 30.51306], [35.20176, 30.52029], [35.20003, 30.52173], [35.2, 30.52895], [35.20343, 30.53329], [35.20341, 30.53763], [35.20513, 30.53907], [35.20512, 30.54196], [35.20684, 30.54341], [35.20677, 30.5593], [35.20849, 30.56075], [35.20846, 30.56653], [35.21189, 30.57087], [35.21187, 30.57664], [35.21358, 30.57809], [35.21358, 30.57954], [35.22045, 30.58532], [35.22217, 30.58533], [35.22044, 30.58677], [35.22041, 30.59399], [35.22213, 30.59544], [35.22212, 30.59688], [35.22555, 30.60122], [35.22554, 30.60267], [35.2307, 30.60701], [35.23242, 30.60701], [35.23412, 30.61135], [35.23584, 30.61279], [35.23582, 30.61857], [35.23754, 30.62002], [35.23753, 30.62147], [35.24096, 30.6258], [35.24095, 30.62725], [35.24439, 30.63014], [35.24609, 30.63448], [35.24952, 30.63882], [35.24951, 30.64026], [35.25295, 30.64316], [35.25294, 30.6446], [35.25466, 30.64605], [35.25637, 30.65038], [35.25808, 30.65183], [35.25981, 30.65183], [35.2598, 30.65328], [35.26323, 30.65617], [35.26494, 30.66051], [35.26666, 30.66196], [35.26665, 30.66485], [35.26836, 30.66629], [35.26835, 30.66918], [35.27349, 30.67641], [35.27348, 30.6793], [35.2752, 30.68075], [35.27519, 30.68219], [35.27691, 30.68364], [35.27689, 30.68653], [35.28032, 30.69087], [35.2803, 30.6952], [35.28373, 30.69954], [35.28372, 30.70243], [35.28544, 30.70388], [35.28714, 30.70821], [35.29228, 30.71544], [35.29227, 30.71978], [35.29054, 30.72122], [35.29052, 30.72411], [35.29224, 30.72556], [35.29223, 30.727], [35.29567, 30.7299], [35.29394, 30.73134], [35.2939, 30.74001], [35.29562, 30.74145], [35.2956, 30.74723], [35.29731, 30.74868], [35.29729, 30.75302], [35.30072, 30.75735], [35.30071, 30.76169], [35.30413, 30.76603], [35.30412, 30.77036], [35.30754, 30.7747], [35.30753, 30.77903], [35.30924, 30.78048], [35.30924, 30.78193], [35.31267, 30.78482], [35.31438, 30.78916], [35.31953, 30.7935], [35.31952, 30.79494], [35.32124, 30.79639], [35.32123, 30.79783], [35.32466, 30.80217], [35.32464, 30.80651], [35.32636, 30.80795], [35.32635, 30.81084], [35.32807, 30.81229], [35.32977, 30.81663], [35.33321, 30.81952], [35.33493, 30.81952], [35.3332, 30.82096], [35.33318, 30.82674], [35.33489, 30.82819], [35.33488, 30.83253], [35.33659, 30.83397], [35.33657, 30.83831], [35.33829, 30.83975], [35.33826, 30.84698], [35.33998, 30.84842], [35.33994, 30.85709], [35.34166, 30.85854], [35.34164, 30.86287], [35.34336, 30.86432], [35.34334, 30.86865], [35.34506, 30.8701], [35.34505, 30.87299], [35.34676, 30.87444], [35.34675, 30.87733], [35.35018, 30.88167], [35.35016, 30.886], [35.35359, 30.89034], [35.35529, 30.89468], [35.35873, 30.89757], [35.35872, 30.89901], [35.36215, 30.90335], [35.36386, 30.90769], [35.36901, 30.91203], [35.369, 30.91492], [35.37071, 30.91637], [35.37071, 30.91781], [35.37414, 30.92215], [35.37413, 30.9236], [35.37756, 30.92793], [35.37755, 30.93082], [35.38098, 30.93516], [35.38096, 30.93805], [35.38268, 30.9395], [35.38439, 30.94384], [35.38781, 30.94817], [35.3878, 30.95251], [35.38951, 30.95396], [35.3895, 30.95684], [35.39122, 30.95829], [35.39121, 30.96118], [35.39292, 30.96263], [35.39291, 30.96552], [35.39634, 30.96986], [35.39633, 30.97275], [35.40147, 30.97998], [35.40144, 30.9872], [35.40487, 30.99154], [35.40485, 30.99587], [35.40656, 30.99732], [35.40655, 31.00021], [35.40827, 31.00166], [35.40825, 31.00744], [35.40996, 31.00888], [35.40995, 31.01177], [35.41167, 31.01322], [35.41166, 31.01466], [35.41338, 31.01611], [35.41337, 31.019], [35.41508, 31.02045], [35.41163, 31.02333], [35.40818, 31.02333], [35.40646, 31.02188], [35.39095, 31.02186], [35.38922, 31.0233], [35.38577, 31.0233], [35.38404, 31.02474], [35.37887, 31.02618], [35.37541, 31.02906], [35.3754, 31.03051], [35.37367, 31.03195], [35.37364, 31.03918], [35.37536, 31.04062], [35.37535, 31.04207], [35.37707, 31.04351], [35.37879, 31.04352], [35.38051, 31.04496], [35.3805, 31.04641], [35.39424, 31.05798], [35.39424, 31.05943], [35.39939, 31.06377], [35.40111, 31.06377], [35.4011, 31.06666], [35.40282, 31.06811], [35.40279, 31.07389], [35.40106, 31.07533], [35.40105, 31.07822], [35.40103, 31.08255], [35.40275, 31.084], [35.4027, 31.097], [35.40097, 31.09845], [35.40083, 31.13168], [35.39562, 31.13889], [35.39561, 31.14323], [35.39388, 31.14467], [35.39386, 31.149], [35.39041, 31.149], [35.38868, 31.15044], [35.38696, 31.15044], [35.37659, 31.15765], [35.37658, 31.1591], [35.37485, 31.16054], [35.37473, 31.18943], [35.373, 31.19088], [35.37299, 31.19377], [35.37295, 31.20243], [35.37467, 31.20388], [35.37294, 31.20388], [35.37121, 31.20532], [35.37121, 31.20677], [35.36948, 31.20821], [35.36946, 31.21254], [35.36773, 31.21399], [35.36771, 31.21976], [35.36598, 31.22121], [35.36594, 31.22988], [35.36766, 31.23132], [35.36765, 31.23277], [35.3728, 31.23711], [35.37279, 31.24], [35.37106, 31.24144], [35.37103, 31.24866], [35.37275, 31.25011], [35.37274, 31.25156], [35.38305, 31.25879], [35.38298, 31.27613], [35.3847, 31.27758], [35.38466, 31.2848], [35.38638, 31.28625], [35.38638, 31.28769], [35.3984, 31.29638], [35.39839, 31.29927], [35.39666, 31.30071], [35.39664, 31.30649], [35.39491, 31.30793], [35.3949, 31.31082], [35.40004, 31.31805], [35.40001, 31.32527], [35.40172, 31.32672], [35.4017, 31.33105], [35.40342, 31.3325], [35.40337, 31.3455], [35.3999, 31.34983], [35.39988, 31.35417], [35.4016, 31.35562], [35.40158, 31.35995], [35.39986, 31.35995], [35.3964, 31.36283], [35.39468, 31.36283], [35.38949, 31.36716], [35.38948, 31.3686], [35.38775, 31.37005], [35.38766, 31.39172], [35.38938, 31.39316], [35.38936, 31.39605], [35.39108, 31.3975], [35.39107, 31.40039], [35.39279, 31.40184], [35.39276, 31.40906], [35.39447, 31.41051], [35.39447, 31.41195], [35.38928, 31.41484], [35.38756, 31.41483], [35.38237, 31.41916], [35.38237, 31.42061], [35.38064, 31.42205], [35.38059, 31.43216], [35.38231, 31.43361], [35.38402, 31.43794], [35.38744, 31.44228], [35.38744, 31.44373], [35.39087, 31.44807], [35.39086, 31.44951], [35.39601, 31.45385], [35.39774, 31.45385], [35.39601, 31.4553], [35.39598, 31.46108], [35.40112, 31.46831], [35.40109, 31.47553], [35.39936, 31.47697], [35.39936, 31.47842], [35.39764, 31.47697], [35.39592, 31.47697], [35.39076, 31.47263], [35.38904, 31.47263], [35.38561, 31.46973], [35.3839, 31.4654], [35.3736, 31.45671], [35.3736, 31.45527], [35.36845, 31.45093], [35.36846, 31.44948], [35.36159, 31.4437], [35.35988, 31.43936], [35.35645, 31.43646], [35.35474, 31.43213], [35.35131, 31.42923], [35.35132, 31.42634], [35.34617, 31.422], [35.34617, 31.42056], [35.34274, 31.41767], [35.34275, 31.41478], [35.34103, 31.41333], [35.33933, 31.40899], [35.33247, 31.40032], [35.33248, 31.39743], [35.32905, 31.39309], [35.32907, 31.3902], [35.32564, 31.38586], [35.32565, 31.38297], [35.31878, 31.37718], [35.32052, 31.37285], [35.3188, 31.3714], [35.31882, 31.36707], [35.31367, 31.36273], [35.31368, 31.35984], [35.31541, 31.3584], [35.31543, 31.35406], [35.31371, 31.35261], [35.31373, 31.34828], [35.31201, 31.34683], [35.31203, 31.3425], [35.31032, 31.34105], [35.31034, 31.33527], [35.30862, 31.33383], [35.30864, 31.32949], [35.30692, 31.32804], [35.30694, 31.32371], [35.30522, 31.32226], [35.30524, 31.31937], [35.30352, 31.31793], [35.30355, 31.3107], [35.30183, 31.30926], [35.30186, 31.30348], [35.30014, 31.30203], [35.30018, 31.29192], [35.29847, 31.29047], [35.29856, 31.26735], [35.29685, 31.26591], [35.29688, 31.25724], [35.29173, 31.2529], [35.2814, 31.24999], [35.27797, 31.2471], [35.27624, 31.2471], [35.27109, 31.24276], [35.26937, 31.24276], [35.26765, 31.24131], [35.26248, 31.2413], [35.26076, 31.23985], [35.25732, 31.23985], [35.2556, 31.2384], [35.25043, 31.2384], [35.24871, 31.23695], [35.2332, 31.23693], [35.22802, 31.23981], [35.22457, 31.23981], [35.22111, 31.24269], [35.21593, 31.24413], [35.2142, 31.24557], [35.20042, 31.24556], [35.1987, 31.24411], [35.18836, 31.2441], [35.18663, 31.24409], [35.1849, 31.24554], [35.17973, 31.24553], [35.16936, 31.25274], [35.16419, 31.25273], [35.16246, 31.25418], [35.14867, 31.25416], [35.14696, 31.25271], [35.14006, 31.2527], [35.13143, 31.25703], [35.11074, 31.257], [35.10903, 31.25555], [35.10213, 31.25555], [35.1004, 31.25699], [35.09351, 31.25698], [35.09178, 31.25842], [35.08833, 31.25842], [35.08661, 31.25697], [35.08489, 31.25841], [35.07799, 31.2584], [35.07626, 31.25985], [35.07109, 31.25984], [35.06936, 31.26128], [35.06419, 31.26128], [35.06247, 31.25983], [35.05213, 31.25982], [35.05041, 31.25837], [35.03663, 31.25835], [35.03491, 31.2569], [35.01423, 31.25688], [35.01251, 31.25543], [34.99872, 31.25541], [34.997, 31.25397], [34.98494, 31.25395], [34.98321, 31.25539], [34.98149, 31.25395], [34.91945, 31.25387], [34.91773, 31.25242], [34.916, 31.25386], [34.91083, 31.25386], [34.90911, 31.25241], [34.85568, 31.25234], [34.85397, 31.25089], [34.83501, 31.25087], [34.83329, 31.24942], [34.8195, 31.24941], [34.81778, 31.24796], [34.81089, 31.24795], [34.79886, 31.23927], [34.79714, 31.23926], [34.79198, 31.23637], [34.78853, 31.23636], [34.78682, 31.23492], [34.78165, 31.23491], [34.77993, 31.23346], [34.77303, 31.23345], [34.7713, 31.2349], [34.76958, 31.23489], [34.76439, 31.23922], [34.76266, 31.24066], [34.76266, 31.24211], [34.7592, 31.24499], [34.75917, 31.25077], [34.76089, 31.25222], [34.76085, 31.26233], [34.76256, 31.26378], [34.76255, 31.26812], [34.76426, 31.26956], [34.76423, 31.27679], [34.76595, 31.27823], [34.76593, 31.28257], [34.76765, 31.28401], [34.76763, 31.28835], [34.76935, 31.2898], [34.76933, 31.29413], [34.77105, 31.29558], [34.77102, 31.30136], [34.77274, 31.3028], [34.77273, 31.30569], [34.77445, 31.30714], [34.77443, 31.31003], [34.77615, 31.31148], [34.77614, 31.31437], [34.77786, 31.31581], [34.77783, 31.32304], [34.77954, 31.32448], [34.77952, 31.33026], [34.78124, 31.33171], [34.78121, 31.33749], [34.78293, 31.33893], [34.78291, 31.34327], [34.78463, 31.34472], [34.78461, 31.34905], [34.78633, 31.3505], [34.7863, 31.35628], [34.78802, 31.35772], [34.788, 31.36206], [34.78972, 31.3635], [34.7897, 31.36784], [34.79142, 31.36929], [34.79139, 31.37651], [34.7931, 31.37796], [34.79309, 31.38229], [34.7948, 31.38374], [34.79478, 31.38952], [34.7965, 31.39096], [34.79648, 31.3953], [34.7982, 31.39674], [34.79817, 31.40252], [34.79989, 31.40397], [34.79988, 31.40686], [34.80159, 31.40831], [34.80157, 31.41409], [34.80329, 31.41553], [34.80327, 31.41987], [34.8067, 31.42421], [34.80497, 31.42565], [34.80491, 31.43865], [34.80318, 31.44009], [34.80317, 31.44298], [34.7997, 31.44731], [34.79969, 31.45165], [34.79796, 31.45309], [34.79794, 31.45742], [34.79447, 31.46175], [34.79445, 31.46609], [34.78925, 31.47331], [34.78924, 31.47764], [34.78578, 31.48053], [34.78576, 31.48342], [34.7823, 31.4863], [34.78229, 31.48919], [34.78056, 31.49063], [34.78056, 31.49208], [34.77537, 31.4964], [34.77536, 31.49785], [34.7719, 31.50218], [34.77189, 31.50362], [34.76842, 31.50795], [34.76842, 31.5094], [34.76496, 31.51228], [34.76322, 31.51662], [34.75629, 31.52383], [34.75629, 31.52528], [34.74417, 31.53682], [34.74417, 31.53826], [34.74071, 31.54115], [34.73897, 31.54548], [34.73205, 31.55125], [34.73204, 31.5527], [34.72858, 31.55558], [34.72858, 31.55703], [34.71474, 31.56857], [34.71473, 31.57001], [34.69744, 31.58444], [34.69743, 31.58588], [34.69224, 31.59021], [34.69224, 31.59165], [34.68531, 31.59887], [34.6853, 31.60031], [34.68702, 31.60176], [34.68356, 31.60465], [34.68355, 31.60753], [34.68182, 31.60898], [34.68175, 31.62487], [34.68347, 31.62632], [34.68344, 31.63354], [34.68516, 31.63499], [34.68514, 31.63932], [34.68686, 31.64077], [34.68684, 31.6451], [34.68856, 31.64655], [34.68854, 31.64944], [34.69026, 31.65089], [34.69025, 31.65233], [34.69369, 31.65523], [34.69368, 31.65811], [34.69711, 31.66245], [34.69881, 31.66679], [34.70053, 31.66824], [34.70052, 31.66968], [34.71083, 31.67836], [34.71255, 31.67837], [34.71427, 31.67981], [34.71426, 31.68126], [34.7177, 31.68415], [34.71942, 31.68415], [34.72285, 31.68705], [34.72458, 31.68705], [34.73316, 31.69428], [34.73316, 31.69573], [34.73831, 31.70007], [34.74003, 31.70007], [34.74863, 31.70586], [34.75207, 31.70587], [34.75379, 31.70731], [34.75552, 31.70732], [34.75551, 31.70876], [34.75723, 31.71021], [34.7572, 31.71599], [34.75547, 31.71743], [34.75547, 31.71887], [34.75374, 31.72032], [34.75373, 31.72176], [34.75027, 31.72465], [34.74853, 31.72898], [34.74334, 31.73331], [34.74333, 31.73475], [34.74161, 31.73619], [34.74159, 31.74053], [34.73813, 31.74341], [34.73639, 31.74774], [34.73466, 31.74919], [34.73464, 31.75208]]]]}}, {"type": "Feature", "properties": {"id": "jerusalem_corpus_separatum", "label": "Jerusalem (international zone)", "approx_area_km2": 210.0, "note": "Corpus separatum under a special international regime (Part III of the Plan)."}, "geometry": {"type": "Polygon", "coordinates": [[[35.21696, 31.81626], [35.21524, 31.81481], [35.21179, 31.81481], [35.21007, 31.81336], [35.20835, 31.81336], [35.2032, 31.80902], [35.2032, 31.80757], [35.19634, 31.80179], [35.19634, 31.80034], [35.19462, 31.7989], [35.18258, 31.79455], [35.17399, 31.78731], [35.17226, 31.78875], [35.17054, 31.78875], [35.16882, 31.7873], [35.16364, 31.79019], [35.15503, 31.78873], [35.1516, 31.78439], [35.1516, 31.78295], [35.14817, 31.78005], [35.14818, 31.77861], [35.14646, 31.77716], [35.14648, 31.77283], [35.14476, 31.77138], [35.14304, 31.77138], [35.14304, 31.76993], [35.14132, 31.76849], [35.14135, 31.76126], [35.13964, 31.75982], [35.13966, 31.75548], [35.14139, 31.75404], [35.14139, 31.75259], [35.14484, 31.7526], [35.14657, 31.75116], [35.15001, 31.75116], [35.15173, 31.75261], [35.15346, 31.75261], [35.15689, 31.7555], [35.15861, 31.75551], [35.1638, 31.75118], [35.16381, 31.74973], [35.16554, 31.74829], [35.16726, 31.74829], [35.16899, 31.74685], [35.17244, 31.74686], [35.1759, 31.74397], [35.17591, 31.74108], [35.17764, 31.73964], [35.17765, 31.73819], [35.18111, 31.73531], [35.18112, 31.73242], [35.17768, 31.72952], [35.17596, 31.72952], [35.17597, 31.72808], [35.17425, 31.72663], [35.17428, 31.71941], [35.17256, 31.71796], [35.17258, 31.71363], [35.17086, 31.71218], [35.17087, 31.70929], [35.16745, 31.70495], [35.16745, 31.70351], [35.16402, 31.70061], [35.16402, 31.69917], [35.16231, 31.69772], [35.16232, 31.69339], [35.16578, 31.6905], [35.17441, 31.68762], [35.17961, 31.68041], [35.18824, 31.67897], [35.18996, 31.68042], [35.19514, 31.67609], [35.19515, 31.67465], [35.19172, 31.67175], [35.18999, 31.67175], [35.18312, 31.66596], [35.1814, 31.66596], [35.17796, 31.66307], [35.17626, 31.65873], [35.17628, 31.6544], [35.17801, 31.65295], [35.17801, 31.65151], [35.17974, 31.65151], [35.18147, 31.65007], [35.18491, 31.65007], [35.18664, 31.64863], [35.18836, 31.65008], [35.19525, 31.65008], [35.19698, 31.64864], [35.20043, 31.64865], [35.20216, 31.6472], [35.20561, 31.64721], [35.20734, 31.64577], [35.2125, 31.64722], [35.21422, 31.64866], [35.2142, 31.653], [35.21763, 31.65734], [35.21762, 31.65878], [35.22106, 31.66168], [35.22105, 31.66312], [35.22449, 31.66601], [35.22965, 31.66747], [35.2348, 31.67181], [35.23825, 31.67181], [35.23997, 31.67326], [35.24169, 31.67326], [35.24513, 31.67615], [35.2503, 31.67616], [35.25203, 31.67472], [35.25547, 31.67472], [35.2572, 31.67328], [35.25893, 31.67328], [35.26064, 31.67473], [35.27098, 31.67474], [35.2727, 31.67619], [35.27615, 31.67619], [35.28131, 31.67909], [35.28474, 31.68343], [35.28471, 31.69065], [35.28298, 31.69209], [35.28297, 31.69354], [35.27778, 31.69787], [35.27777, 31.69931], [35.27949, 31.70076], [35.27947, 31.70654], [35.28118, 31.70799], [35.28117, 31.71087], [35.28461, 31.71377], [35.2846, 31.71521], [35.28632, 31.71666], [35.28977, 31.71666], [35.2915, 31.71522], [35.29321, 31.71667], [35.29838, 31.71668], [35.30011, 31.71523], [35.30184, 31.71524], [35.30355, 31.71668], [35.307, 31.71669], [35.30872, 31.71813], [35.31217, 31.71814], [35.31389, 31.7167], [35.31561, 31.71814], [35.31906, 31.71815], [35.32078, 31.71959], [35.3225, 31.7196], [35.32593, 31.72249], [35.32764, 31.72683], [35.33107, 31.73116], [35.33105, 31.7355], [35.33277, 31.73695], [35.33275, 31.74128], [35.33102, 31.74272], [35.331, 31.74706], [35.32927, 31.7485], [35.33099, 31.74995], [35.33271, 31.74995], [35.33271, 31.75139], [35.33442, 31.75284], [35.33442, 31.75429], [35.33095, 31.75862], [35.32923, 31.75861], [35.3275, 31.76006], [35.32405, 31.76005], [35.32059, 31.76438], [35.32575, 31.76728], [35.32573, 31.77161], [35.32744, 31.77306], [35.32736, 31.79184], [35.32564, 31.79328], [35.32563, 31.79473], [35.32217, 31.79761], [35.32216, 31.79906], [35.31699, 31.8005], [35.31527, 31.79905], [35.31182, 31.79904], [35.31011, 31.7976], [35.30664, 31.80193], [35.30146, 31.80337], [35.29975, 31.80192], [35.2963, 31.80191], [35.29458, 31.80047], [35.29286, 31.80047], [35.28942, 31.79757], [35.28598, 31.79757], [35.28426, 31.79612], [35.27219, 31.7961], [35.27048, 31.79466], [35.26703, 31.79465], [35.2653, 31.7961], [35.26529, 31.79899], [35.26183, 31.80187], [35.26011, 31.80187], [35.25838, 31.80331], [35.25837, 31.80476], [35.26009, 31.8062], [35.25834, 31.81053], [35.25662, 31.81053], [35.25144, 31.81342], [35.24627, 31.81341], [35.24455, 31.81196], [35.2411, 31.81196], [35.24111, 31.81051], [35.23768, 31.80617], [35.2325, 31.80906], [35.23248, 31.81339], [35.23075, 31.81483], [35.22903, 31.81483], [35.2273, 31.81627], [35.22385, 31.81627], [35.2204, 31.81627], [35.21869, 31.81482], [35.21696, 31.81626]]]}}]}